0.15623668,0.56245935,-0.40582275,0.13938445,0.5485629,-0.43181083,0.14466947,0.5696291,-0.42800215
0.13994177,0.39532682,-0.41290238,0.15824091,0.39843938,-0.40117973,0.15138738,0.37813804,-0.41101584
-0.018816307,0.47594377,-0.15654387,-0.035466336,0.46621284,-0.17092618,-0.058659237,0.45914742,-0.17398298
-0.058659237,0.45914742,-0.17398298,-0.045834973,0.4570488,-0.19835834,-0.06953401,0.44505778,-0.19478422
-0.054328606,0.06714749,-0.36784816,-0.06578928,0.077185005,-0.35121322,-0.043919727,0.079607084,-0.3597168
0.37854028,0.7427232,-0.21730748,0.348922,0.7249923,-0.22827393,0.37693816,0.7364433,-0.18992782
-0.0691044,0.50586414,-0.0446895,-0.057307515,0.50152683,-0.07393578,-0.08960161,0.5015979,-0.06398124
0.012084521,0.61908317,-0.3072038,-0.0055745393,0.6135303,-0.31950444,0.021399587,0.614885,-0.2938292
0.14755598,0.23385921,-0.3943717,0.11654145,0.2419605,-0.41622117,0.14603692,0.25465372,-0.40893644
0.33272392,0.5996139,-0.2169227,0.3545972,0.60609233,-0.21049222,0.35177416,0.6118388,-0.19673768
0.13538042,0.28882745,-0.42886335,0.121144034,0.3079994,-0.4404717,0.14823061,0.29769498,-0.42570108
-0.21040162,0.20100403,0.22139275,-0.22303006,0.1974136,0.20894018,-0.22906831,0.1837062,0.21177101
0.1120065,0.73872244,-0.13219634,0.12240041,0.71929276,-0.15968192,0.10135022,0.7297782,-0.1478968
-0.057307515,0.50152683,-0.07393578,-0.07832108,0.49761346,-0.08952831,-0.08960161,0.5015979,-0.06398124
0.15030056,0.21512598,-0.37913057,0.14755598,0.23385921,-0.3943717,0.1667466,0.23620138,-0.38477507
0.27449608,0.69534945,-0.255934,0.28375682,0.69829535,-0.2647122,0.23253499,0.67399657,-0.2718125
0.23279166,0.6570047,-0.24057187,0.20183285,0.642601,-0.2621473,0.20369326,0.6330308,-0.25198346
0.36425266,0.7148104,-0.1774538,0.33739942,0.7085557,-0.20308068,0.32528275,0.68962204,-0.19449836
0.16889991,0.029679358,-0.1988334,0.17617023,0.020681486,-0.17944449,0.16938715,0.01864554,-0.20313402
0.29368308,0.69873905,-0.23302919,0.30533978,0.70683444,-0.24360728,0.27449608,0.69534945,-0.255934
0.28403112,0.68821716,-0.22569847,0.329279,0.71239185,-0.22163254,0.29368308,0.69873905,-0.23302919
0.19650152,0.6530888,-0.2895042,0.2022644,0.65682626,-0.2949546,0.17812896,0.6354723,-0.2861822
0.23253499,0.67399657,-0.2718125,0.28375682,0.69829535,-0.2647122,0.244178,0.678396,-0.28395313
0.17737526,0.3158331,-0.07568756,0.1787565,0.32979295,-0.095242,0.16840851,0.34661195,-0.07288085
0.30533978,0.70683444,-0.24360728,0.28375682,0.69829535,-0.2647122,0.27449608,0.69534945,-0.255934
-0.062192414,0.48924384,-0.11633398,-0.06038412,0.4752272,-0.14274073,-0.09584447,0.46914706,-0.13881716
0.11929189,0.5046153,-0.46028817,0.10595225,0.52559376,-0.45332664,0.13766028,0.50977004,-0.4468486
0.02619677,0.49106047,-0.03058565,0.0035495944,0.49412188,-0.07369029,-0.018261723,0.5036448,-0.026532087
0.16248393,0.02172865,-0.31544235,0.16185445,0.037251487,-0.31253308,0.17740282,0.025588587,-0.29585278
0.06775819,0.43549785,-0.47898954,0.06162797,0.45365474,-0.48777443,0.07645759,0.456575,-0.47901466
0.08979609,0.25364974,-0.42667025,0.105393514,0.2632286,-0.4283556,0.11654145,0.2419605,-0.41622117
-0.025088366,0.49951425,-0.07262206,-0.034458444,0.50383365,-0.04859595,-0.018261725,0.5036448,-0.026532087
0.0035495944,0.49412188,-0.07369029,-0.025088366,0.49951425,-0.07262206,-0.018261725,0.5036448,-0.026532087
0.16047469,0.088410646,-0.1288347,0.13623746,0.09767385,-0.14208633,0.13717999,0.09699944,-0.13014212
-0.035466336,0.46621284,-0.17092618,-0.045834973,0.4570488,-0.19835834,-0.058659237,0.45914742,-0.17398298
0.13611624,0.6254883,-0.36050016,0.10939497,0.6268723,-0.38723055,0.10091968,0.63065076,-0.36159417
0.19473542,0.42468014,-0.2824071,0.19434486,0.4305819,-0.2989728,0.19000372,0.44448438,-0.28167692
0.14012864,0.34773487,-0.4293158,0.13482247,0.3796995,-0.42127106,0.15138738,0.37813804,-0.41101584
0.02619677,0.49106047,-0.03058565,-0.018261723,0.5036448,-0.026532087,0.011604188,0.4959726,-0.011226071
0.081544034,0.5998353,-0.45332047,0.035799176,0.59803855,-0.44793707,0.07821391,0.60774004,-0.44479257
-0.2378255,0.33100873,-0.12601577,-0.24569526,0.32908678,-0.1005038,-0.23279427,0.34153682,-0.09945
0.33739942,0.7085557,-0.20308068,0.329279,0.71239185,-0.22163254,0.28403112,0.68821716,-0.22569847
0.10939497,0.6268723,-0.38723055,0.09453576,0.6236552,-0.40841803,0.06284801,0.62606406,-0.39917493
0.12532645,0.4808872,-0.46457696,0.11929189,0.5046153,-0.46028817,0.14861709,0.48455468,-0.44722164
-0.034458444,0.50383365,-0.04859595,-0.05880023,0.5081357,-0.01608729,-0.018261725,0.5036448,-0.026532087
-0.05880023,0.5081357,-0.01608729,-0.034458444,0.50383365,-0.04859595,-0.0691044,0.50586414,-0.0446895
0.37854028,0.7427232,-0.21730748,0.3358301,0.71778643,-0.24615772,0.348922,0.7249923,-0.22827393
-0.021705378,0.48076925,-0.1420845,-0.018816307,0.47594377,-0.15654387,-0.06038412,0.4752272,-0.14274073
0.066298775,0.6190586,-0.42127013,0.07821391,0.60774004,-0.44479257,0.05051878,0.6125072,-0.43172383
-0.013731496,0.5032151,-0.0014663604,-0.018261725,0.5036448,-0.026532087,-0.040235132,0.50694907,-1.6275421E-4
0.110193975,0.22805098,-0.4044562,0.14755598,0.23385921,-0.3943717,0.13298303,0.21735302,-0.38987973
0.21197936,0.6585671,-0.26968846,0.17812896,0.6354723,-0.2861822,0.20183285,0.642601,-0.2621473
0.2888857,0.6751629,-0.2093122,0.32528275,0.68962204,-0.19449836,0.28403112,0.68821716,-0.22569847
0.20183285,0.642601,-0.2621473,0.17812896,0.6354723,-0.2861822,0.20369326,0.6330308,-0.25198346
0.17518254,0.5139041,-0.41560784,0.16687366,0.53127897,-0.4127076,0.18517904,0.51874375,-0.39622235
-0.013731496,0.5032151,-0.0014663604,-0.040235132,0.50694907,-1.6275421E-4,-0.018739183,0.50012577,0.027023943
0.077494286,0.34121874,0.10230821,0.07510008,0.3248895,0.12285143,0.092324115,0.33090222,0.104798384
0.16326447,0.6326388,-0.30374447,0.2022644,0.65682626,-0.2949546,0.18605304,0.6448368,-0.31068474
0.13298303,0.21735302,-0.38987973,0.14755598,0.23385921,-0.3943717,0.15030056,0.21512598,-0.37913057
-0.07832108,0.49761346,-0.08952831,-0.062192414,0.48924384,-0.11633398,-0.09891744,0.48458496,-0.11035091
0.18605304,0.6448368,-0.31068474,0.17848358,0.63247216,-0.32714808,0.15472211,0.62696266,-0.3349157
-0.11664899,0.49917814,-0.044527832,-0.10594823,0.4957451,-0.076837316,-0.12718903,0.48773584,-0.07243852
0.1631029,0.324406,-0.41395485,0.13687347,0.32816213,-0.43193454,0.15637222,0.3460455,-0.41878796
0.28375682,0.69829535,-0.2647122,0.28870103,0.69195366,-0.27703673,0.244178,0.678396,-0.28395313
0.141528,0.40621468,-0.42386192,0.13073298,0.41379967,-0.4409543,0.15702662,0.41865465,-0.42797682
-0.12718903,0.48773584,-0.07243852,-0.12035537,0.48208585,-0.09715961,-0.13930906,0.47142717,-0.0955601
0.060807236,0.61381495,-0.25318354,0.070568144,0.6386874,-0.24562913,0.05965535,0.6155051,-0.26327935
0.21197936,0.6585671,-0.26968846,0.19650152,0.6530888,-0.2895042,0.17812896,0.6354723,-0.2861822
0.10432024,0.4410508,-0.4688376,0.10578958,0.46037158,-0.47406915,0.12637831,0.4394689,-0.46039796
-0.051886693,0.47793564,-0.47847116,-0.060579076,0.49252746,-0.47221968,-0.050474823,0.5006106,-0.48086733
-0.060579076,0.49252746,-0.47221968,-0.061870888,0.5096735,-0.46197712,-0.050474823,0.5006106,-0.48086733
-0.061870888,0.5096735,-0.46197712,-0.04919143,0.5224447,-0.4708478,-0.050474823,0.5006106,-0.48086733
0.40805876,0.7552651,-0.19508049,0.3931945,0.7493638,-0.21768919,0.39536113,0.753559,-0.19547808
0.035799176,0.59803855,-0.44793707,4.4560432E-4,0.5908613,-0.44125274,0.019707665,0.6046529,-0.43157655
0.070568144,0.6386874,-0.24562913,0.07884372,0.66480184,-0.22508839,0.08421474,0.6531019,-0.24772345
0.021399587,0.614885,-0.2938292,0.041923285,0.62531245,-0.29926205,0.012084521,0.61908317,-0.3072038
0.15702662,0.41865465,-0.42797682,0.13073298,0.41379967,-0.4409543,0.1306491,0.42375782,-0.45056602
0.2022644,0.65682626,-0.2949546,0.16326447,0.6326388,-0.30374447,0.17812896,0.6354723,-0.2861822
-0.051886693,0.47793564,-0.47847116,-0.058120236,0.46759698,-0.46582896,-0.060579076,0.49252746,-0.47221968
-0.040304884,0.54640067,-0.45888522,-0.0196767,0.5782927,-0.44194463,-0.030347764,0.54517853,-0.46792445
-0.0055745393,0.6135303,-0.31950444,0.015583344,0.62362003,-0.32538784,-0.012466684,0.6140175,-0.34211564
0.244178,0.678396,-0.28395313,0.28870103,0.69195366,-0.27703673,0.2358838,0.6678425,-0.29729095
-0.15258034,0.06923753,-0.25107098,-0.15952708,0.05147165,-0.25430107,-0.16964313,0.07517265,-0.23307973
0.15756789,0.5098132,-0.43308938,0.16687366,0.53127897,-0.4127076,0.17518254,0.5139041,-0.41560784
0.18480866,0.20149457,-0.20285398,0.21167447,0.24044594,-0.20188391,0.19561103,0.22852531,-0.18733777
0.18142223,0.4887121,-0.26657134,0.1973292,0.49974158,-0.2959269,0.19065168,0.52490723,-0.28736815
0.08996177,0.6389203,-0.27075633,0.0712003,0.6280848,-0.28693584,0.0660418,0.6261481,-0.27250686
-0.06766279,0.4761367,-0.45739433,-0.060579076,0.49252746,-0.47221968,-0.058120236,0.46759698,-0.46582896
-0.06766279,0.4761367,-0.45739433,-0.061870888,0.5096735,-0.46197712,-0.060579076,0.49252746,-0.47221968
-0.049766958,0.54104006,-0.4499069,-0.040304884,0.54640067,-0.45888522,-0.04919143,0.5224447,-0.4708478
-0.08565791,0.30759946,0.20044012,-0.059498083,0.31182548,0.20194134,-0.07434855,0.3374563,0.19270426
0.16462938,0.26286075,-0.39948264,0.14603692,0.25465372,-0.40893644,0.13889822,0.27172428,-0.41571227
0.037135076,0.4781334,-0.12490666,0.0035080388,0.4836003,-0.12971233,0.0035495944,0.49412188,-0.07369029
0.32528275,0.68962204,-0.19449836,0.33739942,0.7085557,-0.20308068,0.28403112,0.68821716,-0.22569847
0.121144034,0.3079994,-0.4404717,0.13687347,0.32816213,-0.43193454,0.15233889,0.3118856,-0.42189443
0.12532645,0.4808872,-0.46457696,0.14861709,0.48455468,-0.44722164,0.1314148,0.45919594,-0.46199125
0.17812896,0.6354723,-0.2861822,0.16728498,0.6171446,-0.27665544,0.20369326,0.6330308,-0.25198346
-0.06956085,0.507375,0.008418953,-0.05880023,0.5081357,-0.01608729,-0.088443734,0.50704646,-0.011271248
-0.061870888,0.5096735,-0.46197712,-0.049766958,0.54104006,-0.4499069,-0.04919143,0.5224447,-0.4708478
-0.035263643,0.5703447,-0.43173543,-0.0196767,0.5782927,-0.44194463,-0.040304884,0.54640067,-0.45888522
-0.049766958,0.54104006,-0.4499069,-0.035263643,0.5703447,-0.43173543,-0.040304884,0.54640067,-0.45888522
0.05123291,0.0878894,-0.2680235,0.035942957,0.09549466,-0.26325312,0.049389176,0.1136395,-0.2598517
-0.09891744,0.48458496,-0.11035091,-0.062192414,0.48924384,-0.11633398,-0.09584447,0.46914706,-0.13881716
0.39536113,0.753559,-0.19547808,0.37854028,0.7427232,-0.21730748,0.37693816,0.7364433,-0.18992782
0.012084521,0.61908317,-0.3072038,0.015583344,0.62362003,-0.32538784,-0.0055745393,0.6135303,-0.31950444
-0.046917453,0.50454926,0.023582837,-0.040235132,0.50694907,-1.6275421E-4,-0.06956085,0.507375,0.008418953
-0.12718903,0.48773584,-0.07243852,-0.10594823,0.4957451,-0.076837316,-0.12035537,0.48208585,-0.09715961
-0.05862087,0.43370184,-0.4576031,-0.07315974,0.4545819,-0.449869,-0.058120236,0.46759698,-0.46582896
-0.06766279,0.4761367,-0.45739433,-0.06815764,0.50027907,-0.44057113,-0.061870888,0.5096735,-0.46197712
-0.061870888,0.5096735,-0.46197712,-0.05973421,0.5253738,-0.44644964,-0.049766958,0.54104006,-0.4499069
0.20448844,0.28644422,0.019580185,0.19321288,0.30388018,0.023577996,0.19132543,0.27711865,0.04356071
0.08231607,0.59614253,-0.18211046,0.091983765,0.6031966,-0.16079283,0.07923161,0.6101719,-0.15660116
0.1667466,0.23620138,-0.38477507,0.14603692,0.25465372,-0.40893644,0.16462938,0.26286075,-0.39948264
0.11929189,0.5046153,-0.46028817,0.13766028,0.50977004,-0.4468486,0.14861709,0.48455468,-0.44722164
0.15756789,0.5098132,-0.43308938,0.17518254,0.5139041,-0.41560784,0.16591714,0.47619435,-0.43324155
0.15048327,0.54495,-0.41898212,0.15623668,0.56245935,-0.40582275,0.17407979,0.54253435,-0.39818168
0.13463436,0.122517705,-0.14693137,0.13796154,0.14151645,-0.14686963,0.12613736,0.12642449,-0.13399822
0.18460448,0.29096296,-0.08788954,0.18904081,0.2933168,-0.11082519,0.1787565,0.32979295,-0.095242
-0.05862087,0.43370184,-0.4576031,-0.0735143,0.4413356,-0.4451309,-0.07315974,0.4545819,-0.449869
-0.061870888,0.5096735,-0.46197712,-0.06815764,0.50027907,-0.44057113,-0.05973421,0.5253738,-0.44644964
-0.006504789,0.5969306,-0.42418176,-0.0196767,0.5782927,-0.44194463,-0.023884356,0.5876615,-0.41782847
0.1909299,0.5029466,-0.391116,0.18032724,0.4925833,-0.41051447,0.17518254,0.5139041,-0.41560784
0.17568237,0.2887079,-0.4046308,0.14823061,0.29769498,-0.42570108,0.15233889,0.3118856,-0.42189443
0.16914639,0.5193095,-0.25685924,0.18032494,0.5517268,-0.27402997,0.165893,0.55188143,-0.26098487
-0.07315974,0.4545819,-0.449869,-0.079449445,0.46272126,-0.4359705,-0.06766279,0.4761367,-0.45739433
-0.079449445,0.46272126,-0.4359705,-0.06815764,0.50027907,-0.44057113,-0.06766279,0.4761367,-0.45739433
-0.05973421,0.5253738,-0.44644964,-0.047228858,0.55494714,-0.4299757,-0.049766958,0.54104006,-0.4499069
-0.035263643,0.5703447,-0.43173543,-0.023884356,0.5876615,-0.41782847,-0.0196767,0.5782927,-0.44194463
-0.05917044,0.42294315,-0.44855177,-0.069089994,0.4269775,-0.43873432,-0.0735143,0.4413356,-0.4451309
0.413643,0.7042438,-0.1370302,0.4088447,0.7258724,-0.13914524,0.40853602,0.70010567,-0.13621177
-0.08960161,0.5015979,-0.06398124,-0.07832108,0.49761346,-0.08952831,-0.10594823,0.4957451,-0.076837316
0.17670582,0.31055015,-0.39949664,0.15233889,0.3118856,-0.42189443,0.1631029,0.324406,-0.41395485
0.14200473,0.6817328,-0.10209471,0.13668768,0.6912364,-0.06267703,0.13002354,0.660424,-0.09442747
-0.049766958,0.54104006,-0.4499069,-0.047228858,0.55494714,-0.4299757,-0.035263643,0.5703447,-0.43173543
-0.100955084,0.3384548,0.1899785,-0.10439691,0.36805406,0.17843091,-0.119243115,0.3474337,0.18194844
-0.097458854,0.113931835,0.2325757,-0.115638256,0.109493345,0.23764782,-0.11987988,0.092426,0.22757801
0.13795778,0.65744877,-0.121406384,0.14200473,0.6817328,-0.10209471,0.13002354,0.660424,-0.09442747
-0.07832108,0.49761346,-0.08952831,-0.09891744,0.48458496,-0.11035091,-0.10594823,0.4957451,-0.076837316
0.23200198,0.5780815,-0.25115392,0.23268563,0.5900686,-0.23917696,0.19946262,0.58473897,-0.25180197
-0.0735143,0.4413356,-0.4451309,-0.079449445,0.46272126,-0.4359705,-0.07315974,0.4545819,-0.449869
-0.1939195,0.41202733,-0.07612625,-0.18796712,0.43367812,-0.05699894,-0.18136087,0.43166593,-0.08637368
-0.08562073,0.0906941,0.2140329,-0.097458854,0.113931835,0.2325757,-0.11987988,0.092426,0.22757801
-0.119243115,0.3474337,0.18194844,-0.12485605,0.37773642,0.16533855,-0.13841937,0.35468885,0.17044042
-0.097458854,0.113931835,0.2325757,-0.11925453,0.13022316,0.24531919,-0.115638256,0.109493345,0.23764782
0.12659633,0.5336448,-0.23408307,0.10410746,0.5357882,-0.22950418,0.11808667,0.51683295,-0.22347441
-0.025088366,0.49951425,-0.07262206,-0.03811774,0.49222568,-0.11011787,-0.057307515,0.50152683,-0.07393578
-0.0691044,0.50586414,-0.0446895,-0.08960161,0.5015979,-0.06398124,-0.10274053,0.5038396,-0.03122995
-0.032904908,0.32621396,-0.40446055,-0.020029321,0.35493883,-0.40409464,-0.015207946,0.327063,-0.41836292
-0.07855293,0.43951747,-0.43150216,-0.0735143,0.4413356,-0.4451309,-0.069089994,0.4269775,-0.43873432
-0.07855293,0.43951747,-0.43150216,-0.079449445,0.46272126,-0.4359705,-0.0735143,0.4413356,-0.4451309
-0.24066086,0.111513555,-0.11291679,-0.2383643,0.10052341,-0.10791578,-0.24692781,0.1159932,-0.10346721
-0.047228858,0.55494714,-0.4299757,-0.03848037,0.57317686,-0.40352038,-0.035263643,0.5703447,-0.43173543
-0.17625336,0.06907949,0.18893127,-0.13563316,0.049885347,0.17094243,-0.13395536,0.06232661,0.19401027
-0.11925453,0.13022316,0.24531919,-0.13682978,0.14972308,0.2519277,-0.14663556,0.13006103,0.24765776
-0.10345945,0.25471315,0.19960213,-0.11933462,0.28476524,0.19472696,-0.13452895,0.23686934,0.1912588
0.03197313,0.057097495,-0.3199257,0.038475268,0.06468104,-0.2902965,0.04883662,0.038950235,-0.3173904
0.16682014,0.3739678,-0.39959267,0.17231233,0.39786312,-0.38519403,0.1836599,0.38623646,-0.3748956
0.13994177,0.39532682,-0.41290238,0.141528,0.40621468,-0.42386192,0.15824091,0.39843938,-0.40117973
0.12249437,0.18278521,-0.3587134,0.150265,0.19913223,-0.35627896,0.1459874,0.18340346,-0.34366873
-0.035299554,0.34586975,-0.39371145,-0.020029321,0.35493883,-0.40409464,-0.032904908,0.32621396,-0.40446055
-0.020029321,0.35493883,-0.40409464,-0.01828894,0.38670728,-0.38775313,-0.006103605,0.37683424,-0.4065391
-0.01828894,0.38670728,-0.38775313,-0.012217104,0.3932893,-0.39416948,-0.006103605,0.37683424,-0.4065391
-0.23941793,0.30207622,-0.15702762,-0.2500002,0.295466,-0.13225783,-0.23724787,0.31617504,-0.15035331
-0.26341277,0.30164024,-0.07940781,-0.26011315,0.31536868,-0.05534466,-0.24887645,0.32741934,-0.07154688
-0.25933823,0.15148714,-0.09385205,-0.25863624,0.16350004,-0.11472692,-0.25520894,0.14914319,-0.10972653
-0.07149489,0.48743382,-0.4169597,-0.079449445,0.46272126,-0.4359705,-0.081223875,0.46446434,-0.4230899
-0.15024984,0.2217705,0.18663308,-0.13452895,0.23686934,0.1912588,-0.16978085,0.2435101,0.17374793
0.042745605,0.4873673,-0.49212372,0.0319082,0.50599146,-0.4892494,0.06353891,0.5126245,-0.47362044
0.15623668,0.56245935,-0.40582275,0.1543105,0.5802934,-0.41810778,0.16230391,0.58562565,-0.39745632
0.016274137,0.49114594,0.0037850381,0.011604188,0.4959726,-0.011226071,-0.013731496,0.5032151,-0.0014663602
-0.11664899,0.49917814,-0.044527832,-0.12718903,0.48773584,-0.07243852,-0.13771959,0.48912802,-0.04488894
-0.036105663,0.3685775,-0.381546,-0.01828894,0.38670728,-0.38775313,-0.020029321,0.35493883,-0.40409464
0.32589966,0.6205033,-0.19869302,0.36915928,0.62962234,-0.18009879,0.3332938,0.6448735,-0.18569338
-0.20878792,0.07467894,-0.10253663,-0.21822153,0.085965306,-0.11291711,-0.19657418,0.0820826,-0.13768062
-0.17725159,0.4549094,-0.047770772,-0.15949237,0.47471794,-0.046150424,-0.17279914,0.45013174,-0.06712714
0.087789625,0.5556259,-0.23423022,0.08859377,0.57133245,-0.22418602,0.07119103,0.5779803,-0.23539722
0.11188705,0.48077092,-0.4709804,0.12532645,0.4808872,-0.46457696,0.1314148,0.45919594,-0.46199125
0.12010685,0.58354294,-0.21886586,0.12475825,0.6056905,-0.18546854,0.10760953,0.5886704,-0.19078553
-0.15393469,0.32401332,0.17294826,-0.1289808,0.3181534,0.18778165,-0.13841937,0.35468885,0.17044042
0.10578958,0.46037158,-0.47406915,0.11188705,0.48077092,-0.4709804,0.1314148,0.45919594,-0.46199125
-0.1289808,0.3181534,0.18778165,-0.15393469,0.32401332,0.17294826,-0.14052792,0.2851811,0.18638307
0.110193975,0.22805098,-0.4044562,0.11654145,0.2419605,-0.41622117,0.14755598,0.23385921,-0.3943717
-0.06038412,0.4752272,-0.14274073,-0.018816307,0.47594377,-0.15654387,-0.058659237,0.45914742,-0.17398298
0.037135076,0.4781334,-0.12490666,0.0035495944,0.49412188,-0.07369029,0.025898382,0.4883946,-0.06626884
0.13889822,0.27172428,-0.41571227,0.16156918,0.28434557,-0.41278243,0.16462938,0.26286075,-0.39948264
-0.018739183,0.50012577,0.027023943,-0.046917453,0.50454926,0.023582837,-0.03356116,0.4951884,0.052079536
-0.035299554,0.34586975,-0.39371145,-0.036105663,0.3685775,-0.381546,-0.020029321,0.35493883,-0.40409464
-0.09787154,0.04321754,-0.13255593,-0.13544543,0.046611503,-0.16945145,-0.07793976,0.042004794,-0.15547502
-0.24951206,0.1078707,-0.07990843,-0.24692781,0.1159932,-0.10346721,-0.2383643,0.10052341,-0.10791578
-0.22206934,0.070625454,-0.059717745,-0.23276962,0.0834457,-0.08318463,-0.20878792,0.07467894,-0.10253663
-0.23276962,0.0834457,-0.08318463,-0.21822153,0.085965306,-0.11291711,-0.20878792,0.07467894,-0.10253663
-0.22206934,0.070625454,-0.059717745,-0.20878792,0.07467894,-0.10253663,-0.2154289,0.059913278,-0.08039802
-0.18294075,0.15823278,0.24823704,-0.17211461,0.18211588,0.24839711,-0.1857998,0.19064626,0.24288845
-0.11925453,0.13022316,0.24531919,-0.14663556,0.13006103,0.24765776,-0.13812998,0.107081294,0.2398187
0.38680547,0.64172006,-0.16631411,0.39891702,0.6522511,-0.15940039,0.39199585,0.67396176,-0.14998561
-0.115638256,0.109493345,0.23764782,-0.13812998,0.107081294,0.2398187,-0.11987988,0.092426,0.22757801
-0.05880023,0.5081357,-0.01608729,-0.0691044,0.50586414,-0.0446895,-0.088443734,0.50704646,-0.011271248
-0.036499202,0.3118842,-0.40018755,-0.042437702,0.28908613,-0.40104073,-0.0501398,0.305212,-0.39197934
-0.032904908,0.32621396,-0.40446055,-0.036499202,0.3118842,-0.40018755,-0.035299554,0.34586975,-0.39371145
-0.240145,0.3668743,-0.026217818,-0.23851006,0.37084153,-0.0040087104,-0.22051556,0.38634488,-0.026602283
-0.26286384,0.2816976,-0.112129346,-0.26341277,0.30164024,-0.07940781,-0.2553274,0.30827418,-0.10113072
-0.2533018,0.12525338,-0.08324585,-0.2504481,0.13508993,-0.096452646,-0.24692781,0.1159932,-0.10346721
-0.03848037,0.57317686,-0.40352038,-0.04446964,0.5575162,-0.4007935,-0.02340515,0.5980909,-0.37913585
-0.089569636,0.27602127,0.20233327,-0.10368529,0.2708919,0.19764844,-0.10345945,0.25471315,0.19960213
-0.06452426,0.25766578,0.20315841,-0.089569636,0.27602127,0.20233327,-0.10345945,0.25471315,0.19960213
0.0035080388,0.4836003,-0.12971233,-0.021705378,0.48076925,-0.1420845,-0.03811774,0.49222568,-0.11011787
-0.025088366,0.49951425,-0.07262206,0.0035495944,0.49412188,-0.07369029,0.0035080388,0.4836003,-0.12971233
-0.018816307,0.47594377,-0.15654387,-0.0052393153,0.47820374,-0.17472555,-0.035466336,0.46621284,-0.17092618
-0.018261725,0.5036448,-0.026532087,-0.013731496,0.5032151,-0.00146636,0.011604188,0.4959726,-0.011226071
-0.06163211,0.4983631,0.0456068,-0.09377922,0.4869174,0.061054148,-0.067987345,0.48446944,0.073658444
-0.044863924,0.24310914,-0.38009244,-0.051609576,0.27275452,-0.38935903,-0.023599312,0.2590908,-0.40607554
-0.031839445,0.2803843,-0.4071074,-0.051609576,0.27275452,-0.38935903,-0.042437702,0.28908613,-0.40104073
-0.042437702,0.28908613,-0.40104073,-0.051609576,0.27275452,-0.38935903,-0.0501398,0.305212,-0.39197934
-0.04681991,0.33919334,-0.38156632,-0.036499202,0.3118842,-0.40018755,-0.0501398,0.305212,-0.39197934
-0.04681991,0.33919334,-0.38156632,-0.035299554,0.34586975,-0.39371145,-0.036499202,0.3118842,-0.40018755
-0.04681991,0.33919334,-0.38156632,-0.036105663,0.3685775,-0.381546,-0.035299554,0.34586975,-0.39371145
-0.2553274,0.30827418,-0.10113072,-0.24887645,0.32741934,-0.07154688,-0.24569526,0.32908678,-0.1005038
-0.26341277,0.30164024,-0.07940781,-0.24887645,0.32741934,-0.07154688,-0.2553274,0.30827418,-0.10113072
-0.079564914,0.2290527,0.2020934,-0.10345945,0.25471315,0.19960213,-0.113860585,0.22342217,0.19807912
-0.24255362,0.14171705,-0.124030754,-0.2476209,0.1529676,-0.12888907,-0.23927452,0.15709284,-0.14402056
-0.23337848,0.3554391,-0.06299369,-0.21456686,0.35819528,-0.07876601,-0.2325507,0.34429732,-0.07632226
-0.24951206,0.1078707,-0.07990843,-0.2533018,0.12525338,-0.08324585,-0.24692781,0.1159932,-0.10346721
-0.2610492,0.21457583,-0.10738528,-0.2678393,0.211878,-0.09119775,-0.26425636,0.23198572,-0.1013043
0.10651645,0.7015567,-0.086094886,0.0963775,0.6820924,-0.12832972,0.091819525,0.67240787,-0.123731114
-0.0052393153,0.47820374,-0.17472555,-0.045834973,0.4570488,-0.19835834,-0.035466336,0.46621284,-0.17092618
-0.24255362,0.14171705,-0.124030754,-0.23097646,0.13879824,-0.14163153,-0.23131505,0.12233749,-0.14003588
-0.25933823,0.15148714,-0.09385205,-0.25520894,0.14914319,-0.10972653,-0.2504481,0.13508993,-0.096452646
0.10697623,0.73466337,-0.08266107,0.09579955,0.71291614,-0.12017136,0.10040748,0.70056605,-0.11821304
0.049389176,0.1136395,-0.2598517,0.044211797,0.12939075,-0.26564148,0.07585785,0.12678725,-0.2665876
0.010234602,0.49677297,-0.24781038,0.028789386,0.5160384,-0.24590996,0.0047661513,0.51509845,-0.26475787
0.15233889,0.3118856,-0.42189443,0.13687347,0.32816213,-0.43193454,0.1631029,0.324406,-0.41395485
0.2041974,0.46131906,-0.36579055,0.202886,0.45277092,-0.34147736,0.19515334,0.4312065,-0.3634409
-0.044863924,0.24310914,-0.38009244,-0.057713777,0.27017635,-0.3781068,-0.051609576,0.27275452,-0.38935903
-0.051609576,0.27275452,-0.38935903,-0.061273932,0.3056344,-0.3809083,-0.0501398,0.305212,-0.39197934
-0.058667257,0.35206297,-0.3597117,-0.036105663,0.3685775,-0.381546,-0.04681991,0.33919334,-0.38156632
-0.24228194,0.11072773,0.12082549,-0.23819989,0.09401849,0.12549902,-0.24460903,0.1137552,0.14438075
0.13732955,0.7020552,-0.039721176,0.14893222,0.7228272,-0.007323455,0.12901127,0.6893585,-0.013054755
-0.24084148,0.1296274,-0.1290916,-0.24255362,0.14171705,-0.124030754,-0.23131505,0.12233749,-0.14003588
0.39891702,0.6522511,-0.15940039,0.40010202,0.6694162,-0.14676203,0.39199585,0.67396176,-0.14998561
-0.18616658,0.41769394,0.09698385,-0.19898233,0.4113945,0.08692518,-0.20170853,0.38426456,0.108931646
-0.062816426,0.32776454,-0.36771062,-0.04681991,0.33919334,-0.38156632,-0.0501398,0.305212,-0.39197934
-0.061273932,0.3056344,-0.3809083,-0.062816426,0.32776454,-0.36771062,-0.0501398,0.305212,-0.39197934
-0.046966985,0.37335983,-0.36276093,-0.036105663,0.3685775,-0.381546,-0.058667257,0.35206297,-0.3597117
-0.046966985,0.37335983,-0.36276093,-0.025084972,0.4018635,-0.36929885,-0.036105663,0.3685775,-0.381546
-0.2281139,0.09031199,0.10097855,-0.2277193,0.09896599,0.098354824,-0.22010306,0.102247834,0.08831641
-0.24951206,0.1078707,-0.07990843,-0.2383643,0.10052341,-0.10791578,-0.23276962,0.0834457,-0.08318463
0.13847077,0.5569606,-0.24500161,0.12095577,0.55462754,-0.2360408,0.12659633,0.5336448,-0.23408307
0.10595225,0.52559376,-0.45332664,0.08844576,0.54199886,-0.45612475,0.111500934,0.54276156,-0.45192185
0.13766028,0.50977004,-0.4468486,0.10595225,0.52559376,-0.45332664,0.13892812,0.52879965,-0.43507823
-0.058659237,0.45914742,-0.17398298,-0.06953401,0.44505778,-0.19478422,-0.10150297,0.4489759,-0.16576523
-0.039040633,0.047419444,0.12280994,-0.06375999,0.0367911,0.13027976,-0.040369418,0.033876598,0.10388867
0.15939084,0.16422677,-0.26757565,0.14396626,0.15520129,-0.26073495,0.14381872,0.15861613,-0.28946367
-0.060029358,0.23772743,-0.3596304,-0.05932337,0.25270253,-0.36456186,-0.044863924,0.24310914,-0.38009244
-0.05932337,0.25270253,-0.36456186,-0.057713777,0.27017635,-0.3781068,-0.044863924,0.24310914,-0.38009244
-0.057713777,0.27017635,-0.3781068,-0.068339005,0.29422733,-0.36701918,-0.051609576,0.27275452,-0.38935903
-0.051609576,0.27275452,-0.38935903,-0.068339005,0.29422733,-0.36701918,-0.061273932,0.3056344,-0.3809083
-0.068339005,0.29422733,-0.36701918,-0.07047205,0.31015334,-0.36528498,-0.061273932,0.3056344,-0.3809083
-0.062816426,0.32776454,-0.36771062,-0.058667257,0.35206297,-0.3597117,-0.04681991,0.33919334,-0.38156632
-0.24569526,0.32908678,-0.1005038,-0.24887645,0.32741934,-0.07154688,-0.23279427,0.34153682,-0.09945
-0.21667653,0.3761753,-0.05425685,-0.21456686,0.35819528,-0.07876601,-0.23337848,0.3554391,-0.06299369
-0.113860585,0.22342217,0.19807912,-0.10345945,0.25471315,0.19960213,-0.13452895,0.23686934,0.1912588
-0.039948374,0.39715758,-0.3443061,-0.025084972,0.4018635,-0.36929885,-0.046966985,0.37335983,-0.36276093
-0.26286384,0.2816976,-0.112129346,-0.2679636,0.2821361,-0.09157133,-0.26341277,0.30164024,-0.07940781
-0.06038412,0.4752272,-0.14274073,-0.058659237,0.45914742,-0.17398298,-0.09584447,0.46914706,-0.13881716
0.4091925,0.7256504,-0.17826806,0.4101596,0.67789114,-0.16394825,0.39957204,0.6766813,-0.17828333
-0.06787874,0.26972178,-0.3576349,-0.057713777,0.27017635,-0.3781068,-0.05932337,0.25270253,-0.36456186
-0.06787874,0.26972178,-0.3576349,-0.068339005,0.29422733,-0.36701918,-0.057713777,0.27017635,-0.3781068
-0.061273932,0.3056344,-0.3809083,-0.07047205,0.31015334,-0.36528498,-0.062816426,0.32776454,-0.36771062
-0.062816426,0.32776454,-0.36771062,-0.068336815,0.33161086,-0.35093933,-0.058667257,0.35206297,-0.3597117
-0.025084972,0.4018635,-0.36929885,-0.039948374,0.39715758,-0.3443061,-0.029347703,0.41603985,-0.34578392
-0.24066086,0.111513555,-0.11291679,-0.24370164,0.1226801,-0.123500995,-0.2383643,0.10052341,-0.10791578
-0.26286384,0.2816976,-0.112129346,-0.2500002,0.295466,-0.13225783,-0.24705978,0.27393904,-0.14533171
0.2917529,0.5996556,-0.27241376,0.29513723,0.6082021,-0.26917833,0.29229897,0.59235847,-0.26239425
-0.23268853,0.14549574,0.12002642,-0.22442926,0.15787432,0.1147864,-0.22608556,0.13225296,0.103052445
-0.21667653,0.3761753,-0.05425685,-0.19978349,0.37618718,-0.07635348,-0.21456686,0.35819528,-0.07876601
0.17955798,0.03234774,-0.27782875,0.17555149,0.03738849,-0.29495987,0.17171735,0.052151546,-0.28661448
-0.06787874,0.26972178,-0.3576349,-0.072230145,0.2905075,-0.35460946,-0.068339005,0.29422733,-0.36701918
-0.23154362,0.083559036,-0.056599803,-0.23276962,0.0834457,-0.08318463,-0.22206934,0.070625454,-0.059717745
-0.07288312,0.18826064,-0.2968746,-0.05717636,0.1597226,-0.29551756,-0.077094205,0.15538853,-0.28746313
0.16326447,0.6326388,-0.30374447,0.18605304,0.6448368,-0.31068474,0.1474999,0.62797403,-0.3125598
-0.0052393153,0.47820374,-0.17472555,-0.015136793,0.4759197,-0.18628782,-0.045834973,0.4570488,-0.19835834
0.16831185,0.048906043,-0.21814904,0.17283733,0.050730437,-0.26222453,0.15848465,0.06554811,-0.20441139
-0.051968575,0.21875772,-0.35602555,-0.06400015,0.22343919,-0.34030738,-0.060029358,0.23772743,-0.3596304
-0.07047205,0.31015334,-0.36528498,-0.07677733,0.31093708,-0.34957686,-0.062816426,0.32776454,-0.36771062
-0.061666436,0.36826965,-0.3402429,-0.046966985,0.37335983,-0.36276093,-0.058667257,0.35206297,-0.3597117
-0.061666436,0.36826965,-0.3402429,-0.039948374,0.39715758,-0.3443061,-0.046966985,0.37335983,-0.36276093
-0.2607043,0.19003016,-0.10106294,-0.2678393,0.211878,-0.09119775,-0.2610492,0.21457583,-0.10738528
-0.19978349,0.37618718,-0.07635348,-0.19812633,0.39718327,-0.06974437,-0.1933367,0.39662656,-0.090323634
0.17391725,0.5872749,-0.26152253,0.15823011,0.5880742,-0.26743102,0.1747537,0.5670825,-0.26508006
-0.22975667,0.3701814,-0.048161425,-0.240145,0.3668743,-0.026217818,-0.22051556,0.38634488,-0.026602283
-0.23173004,0.10623711,-0.13115712,-0.24370164,0.1226801,-0.123500995,-0.23131505,0.12233749,-0.14003588
-0.23279427,0.34153682,-0.09945,-0.21456686,0.35819528,-0.07876601,-0.21521045,0.35083923,-0.094388306
0.3588897,0.6080544,-0.21748629,0.38028467,0.6245382,-0.19869474,0.3545972,0.60609233,-0.21049222
0.1897345,0.46394536,-0.27915794,0.18142223,0.4887121,-0.26657134,0.17788662,0.46485326,-0.25702763
-0.060029358,0.23772743,-0.3596304,-0.07732695,0.25999725,-0.3476969,-0.05932337,0.25270253,-0.36456186
-0.05932337,0.25270253,-0.36456186,-0.07732695,0.25999725,-0.3476969,-0.06787874,0.26972178,-0.3576349
-0.07677733,0.31093708,-0.34957686,-0.068336815,0.33161086,-0.35093933,-0.062816426,0.32776454,-0.36771062
-0.053013995,0.38870993,-0.33416077,-0.039948374,0.39715758,-0.3443061,-0.061666436,0.36826965,-0.3402429
-0.2476209,0.1529676,-0.12888907,-0.25863624,0.16350004,-0.11472692,-0.23927452,0.15709284,-0.14402056
-0.2598783,0.23440975,-0.13083422,-0.25265437,0.25499144,-0.13814035,-0.24581505,0.24519119,-0.15642814
-0.20544896,0.15838605,0.23592748,-0.19852251,0.17903298,0.24014872,-0.21747535,0.17846724,0.22709578
-0.24370164,0.1226801,-0.123500995,-0.24084148,0.1296274,-0.1290916,-0.23131505,0.12233749,-0.14003588
-0.08808218,0.05659929,-0.33946168,-0.06578928,0.077185005,-0.35121322,-0.07886073,0.054594144,-0.35932815
-0.042021282,0.45999345,-0.22493258,-0.07794176,0.42986563,-0.211158,-0.045834973,0.4570488,-0.19835834
0.18032494,0.5517268,-0.27402997,0.16914639,0.5193095,-0.25685924,0.18191992,0.5226052,-0.27269146
0.20369665,0.567956,-0.26597685,0.21980472,0.5695466,-0.27134788,0.23200198,0.5780815,-0.25115392
-0.051968575,0.21875772,-0.35602555,-0.050616845,0.20141166,-0.3322885,-0.06400015,0.22343919,-0.34030738
-0.06400015,0.22343919,-0.34030738,-0.078387,0.25284204,-0.34130457,-0.060029358,0.23772743,-0.3596304
-0.060029358,0.23772743,-0.3596304,-0.078387,0.25284204,-0.34130457,-0.07732695,0.25999725,-0.3476969
-0.07732695,0.25999725,-0.3476969,-0.08251424,0.27673423,-0.34122714,-0.06787874,0.26972178,-0.3576349
-0.06787874,0.26972178,-0.3576349,-0.08251424,0.27673423,-0.34122714,-0.072230145,0.2905075,-0.35460946
-0.072230145,0.2905075,-0.35460946,-0.07677733,0.31093708,-0.34957686,-0.068339005,0.29422733,-0.36701918
-0.07677733,0.31093708,-0.34957686,-0.07047205,0.31015334,-0.36528498,-0.068339005,0.29422733,-0.36701918
-0.068336815,0.33161086,-0.35093933,-0.06880188,0.34820408,-0.34205875,-0.058667257,0.35206297,-0.3597117
-0.058667257,0.35206297,-0.3597117,-0.06880188,0.34820408,-0.34205875,-0.061666436,0.36826965,-0.3402429
-0.039948374,0.39715758,-0.3443061,-0.03432101,0.42258653,-0.32034257,-0.029347703,0.41603985,-0.34578392
-0.24255362,0.14171705,-0.124030754,-0.25520894,0.14914319,-0.10972653,-0.2476209,0.1529676,-0.12888907
-0.24524811,0.13701308,0.13232175,-0.23268853,0.14549574,0.12002642,-0.23445743,0.122787446,0.11054091
-0.2627902,0.3067748,-0.011790939,-0.25619918,0.33301237,-0.012975052,-0.2500869,0.3355331,-0.030414082
-0.08808218,0.05659929,-0.33946168,-0.07920189,0.073614255,-0.33456558,-0.06578928,0.077185005,-0.35121322
-0.13563316,0.049885347,0.17094243,-0.1496793,0.037549585,0.13331224,-0.12364583,0.032633185,0.13716787
-0.043919727,0.079607084,-0.3597168,-0.06578928,0.077185005,-0.35121322,-0.048563465,0.09191939,-0.33292145
0.1762156,0.032678902,-0.245633,0.17955798,0.03234774,-0.27782875,0.17283733,0.050730437,-0.26222453
-0.07469504,0.23956212,-0.3345376,-0.078387,0.25284204,-0.34130457,-0.06400015,0.22343919,-0.34030738
-0.08062678,0.3045676,-0.33647212,-0.07677733,0.31093708,-0.34957686,-0.072230145,0.2905075,-0.35460946
-0.07677733,0.31093708,-0.34957686,-0.08062678,0.3045676,-0.33647212,-0.068336815,0.33161086,-0.35093933
-0.2104353,0.10084656,-0.14911567,-0.23173004,0.10623711,-0.13115712,-0.23131505,0.12233749,-0.14003588
-0.24758157,0.3336912,-0.050022356,-0.2500869,0.3355331,-0.030414082,-0.24233596,0.353821,-0.046027977
-0.24233596,0.353821,-0.046027977,-0.240145,0.3668743,-0.026217818,-0.22975667,0.3701814,-0.048161425
-0.23856625,0.15955055,0.1387282,-0.22308661,0.18236965,0.14594418,-0.23268853,0.14549574,0.12002642
-0.2678453,0.28155714,-0.01721318,-0.2627902,0.3067748,-0.011790939,-0.25778013,0.30449304,-0.029258862
-0.22308661,0.18236965,0.14594418,-0.21681312,0.1835385,0.13135476,-0.22172238,0.16897905,0.12949437
-0.22308661,0.18236965,0.14594418,-0.20769307,0.19744697,0.15160501,-0.21681312,0.1835385,0.13135476
-0.1412502,0.08873844,0.22555935,-0.15991932,0.107890636,0.23812647,-0.17460021,0.1025787,0.22977611
-0.2500711,0.35209808,-0.011694141,-0.23851006,0.37084153,-0.0040087104,-0.240145,0.3668743,-0.026217818
0.1718727,0.08060889,-0.1427014,0.19212842,0.07714249,-0.11299083,0.19057617,0.06671983,-0.14022452
0.0047661513,0.51509845,-0.26475787,-0.009089597,0.5243306,-0.28968215,-0.007321693,0.5038762,-0.2702062
-0.22811788,0.1507971,-0.16204508,-0.21500213,0.15817514,-0.17833951,-0.20894584,0.13746604,-0.17176917
-0.17342997,0.046429694,-0.24884221,-0.15952708,0.05147165,-0.25430107,-0.16799608,0.032699287,-0.25058076
-0.078387,0.25284204,-0.34130457,-0.0857812,0.25655666,-0.322788,-0.07732695,0.25999725,-0.3476969
-0.0857812,0.25655666,-0.322788,-0.08251424,0.27673423,-0.34122714,-0.07732695,0.25999725,-0.3476969
-0.08062678,0.3045676,-0.33647212,-0.072230145,0.2905075,-0.35460946,-0.08251424,0.27673423,-0.34122714
-0.08062678,0.3045676,-0.33647212,-0.08012316,0.3272881,-0.33043325,-0.068336815,0.33161086,-0.35093933
-0.068336815,0.33161086,-0.35093933,-0.08012316,0.3272881,-0.33043325,-0.06880188,0.34820408,-0.34205875
-0.08012316,0.3272881,-0.33043325,-0.07445147,0.34853923,-0.3281237,-0.06880188,0.34820408,-0.34205875
-0.07445147,0.34853923,-0.3281237,-0.061666436,0.36826965,-0.3402429,-0.06880188,0.34820408,-0.34205875
-0.053013995,0.38870993,-0.33416077,-0.05749221,0.3964341,-0.3126496,-0.039948374,0.39715758,-0.3443061
-0.05749221,0.3964341,-0.3126496,-0.045411944,0.41710517,-0.30127075,-0.03432101,0.42258653,-0.32034257
-0.039948374,0.39715758,-0.3443061,-0.05749221,0.3964341,-0.3126496,-0.03432101,0.42258653,-0.32034257
-0.2281139,0.09031199,0.10097855,-0.24228194,0.11072773,0.12082549,-0.2277193,0.09896599,0.098354824
-0.23821203,0.1774449,-0.15155138,-0.25265783,0.196441,-0.12726417,-0.24310122,0.198275,-0.14982104
-0.22534838,0.3866389,-3.5370886E-4,-0.2118705,0.41181096,0.0037609413,-0.1994452,0.42857477,-0.015302278
-0.2104353,0.10084656,-0.14911567,-0.21822153,0.085965306,-0.11291711,-0.23173004,0.10623711,-0.13115712
-0.25778013,0.30449304,-0.029258862,-0.2627902,0.3067748,-0.011790939,-0.2500869,0.3355331,-0.030414082
-0.17927642,0.38346252,0.12949115,-0.16737546,0.4032202,0.12403419,-0.18616658,0.41769394,0.09698385
-0.06400015,0.22343919,-0.34030738,-0.079135336,0.23074198,-0.32347676,-0.07469504,0.23956212,-0.3345376
-0.061666436,0.36826965,-0.3402429,-0.064982034,0.3748369,-0.32057753,-0.053013995,0.38870993,-0.33416077
-0.064982034,0.3748369,-0.32057753,-0.05749221,0.3964341,-0.3126496,-0.053013995,0.38870993,-0.33416077
-0.23337848,0.3554391,-0.06299369,-0.24233596,0.353821,-0.046027977,-0.22975667,0.3701814,-0.048161425
-0.2610492,0.21457583,-0.10738528,-0.26425636,0.23198572,-0.1013043,-0.2596683,0.2455284,-0.11483243
-0.22051556,0.38634488,-0.026602283,-0.20438704,0.38553223,-0.0524371,-0.21667653,0.3761753,-0.05425685
-0.26286384,0.2816976,-0.112129346,-0.2553274,0.30827418,-0.10113072,-0.2500002,0.295466,-0.13225783
-0.05515995,0.09247109,-0.32214156,-0.07383319,0.08205615,-0.3120995,-0.054087058,0.09869149,-0.30537817
-0.079135336,0.23074198,-0.32347676,-0.0857812,0.25655666,-0.322788,-0.07469504,0.23956212,-0.3345376
-0.0857812,0.25655666,-0.322788,-0.078387,0.25284204,-0.34130457,-0.07469504,0.23956212,-0.3345376
-0.09294294,0.2811084,-0.3206382,-0.08251424,0.27673423,-0.34122714,-0.0857812,0.25655666,-0.322788
-0.08913725,0.29422328,-0.3264008,-0.08062678,0.3045676,-0.33647212,-0.08251424,0.27673423,-0.34122714
-0.089370474,0.30541945,-0.3177749,-0.08012316,0.3272881,-0.33043325,-0.08062678,0.3045676,-0.33647212
-0.064982034,0.3748369,-0.32057753,-0.061666436,0.36826965,-0.3402429,-0.07445147,0.34853923,-0.3281237
-0.22051556,0.38634488,-0.026602283,-0.1994452,0.42857477,-0.015302278,-0.2002965,0.41831872,-0.027786382
-0.13812998,0.107081294,0.2398187,-0.14663556,0.13006103,0.24765776,-0.15991932,0.107890636,0.23812647
-0.2500002,0.295466,-0.13225783,-0.2553274,0.30827418,-0.10113072,-0.24735548,0.3160058,-0.124660164
-0.1933367,0.39662656,-0.090323634,-0.1939195,0.41202733,-0.07612625,-0.18488494,0.40716437,-0.10466266
0.22368233,0.62121236,-0.2340648,0.2190071,0.6333425,-0.23791361,0.20511368,0.6083299,-0.24551162
-0.08681775,0.06550975,-0.3229346,-0.07383319,0.08205615,-0.3120995,-0.07920189,0.073614255,-0.33456558
-0.22883135,0.16564402,0.2159585,-0.21747535,0.17846724,0.22709578,-0.22906831,0.1837062,0.21177101
0.2560876,0.5802604,-0.2505726,0.28275388,0.58616686,-0.2434459,0.29007143,0.5935769,-0.22636095
-0.09294294,0.2811084,-0.3206382,-0.08913725,0.29422328,-0.3264008,-0.08251424,0.27673423,-0.34122714
-0.08062678,0.3045676,-0.33647212,-0.08913725,0.29422328,-0.3264008,-0.089370474,0.30541945,-0.3177749
-0.064982034,0.3748369,-0.32057753,-0.06994881,0.3726006,-0.3101565,-0.05749221,0.3964341,-0.3126496
-0.18488494,0.40716437,-0.10466266,-0.1939195,0.41202733,-0.07612625,-0.18136087,0.43166593,-0.08637368
-0.23445743,0.122787446,0.11054091,-0.22608556,0.13225296,0.103052445,-0.22010306,0.102247834,0.08831641
-0.2277193,0.09896599,0.098354824,-0.23445743,0.122787446,0.11054091,-0.22010306,0.102247834,0.08831641
-0.24747398,0.12359613,0.13693479,-0.24524811,0.13701308,0.13232175,-0.24228194,0.11072773,0.12082549
-0.24460903,0.1137552,0.14438075,-0.24747398,0.12359613,0.13693479,-0.24228194,0.11072773,0.12082549
-0.24524811,0.13701308,0.13232175,-0.23856625,0.15955055,0.1387282,-0.23268853,0.14549574,0.12002642
0.035265684,0.61732996,-0.4151156,0.019707665,0.6046529,-0.43157655,0.014979407,0.6116475,-0.4134629
-0.018261725,0.5036448,-0.026532087,-0.058800228,0.5081357,-0.01608729,-0.040235132,0.50694907,-1.6275421E-4
0.12592302,0.5749328,-0.23886265,0.12010685,0.58354294,-0.21886586,0.10585316,0.56682813,-0.22810732
0.13109227,0.026996344,-0.34000093,0.14355662,0.037863493,-0.33082473,0.14139636,0.022264853,-0.32901093
-0.08012316,0.3272881,-0.33043325,-0.088575356,0.3322635,-0.31630793,-0.07445147,0.34853923,-0.3281237
-0.088575356,0.3322635,-0.31630793,-0.0826799,0.354059,-0.30760613,-0.07445147,0.34853923,-0.3281237
-0.0826799,0.354059,-0.30760613,-0.06994881,0.3726006,-0.3101565,-0.064982034,0.3748369,-0.32057753
-0.07445147,0.34853923,-0.3281237,-0.0826799,0.354059,-0.30760613,-0.064982034,0.3748369,-0.32057753
-0.21822153,0.085965306,-0.11291711,-0.23276962,0.0834457,-0.08318463,-0.2383643,0.10052341,-0.10791578
-0.2074762,0.065767035,0.090858944,-0.2281139,0.09031199,0.10097855,-0.20817953,0.07666984,0.07705874
-0.23724787,0.31617504,-0.15035331,-0.24735548,0.3160058,-0.124660164,-0.2378255,0.33100873,-0.12601577
-0.24310122,0.198275,-0.14982104,-0.25329977,0.2109322,-0.14369695,-0.24485937,0.21092167,-0.15837008
-0.22975667,0.3701814,-0.048161425,-0.21667653,0.3761753,-0.05425685,-0.23337848,0.3554391,-0.06299369
-0.20457022,0.06329885,-0.12235166,-0.1977352,0.07518099,-0.13555647,-0.19621406,0.06285711,-0.18213065
-0.06874982,0.09228334,-0.2994415,-0.054087058,0.09869149,-0.30537817,-0.07383319,0.08205615,-0.3120995
-0.063420705,0.12285361,-0.29289597,-0.039233588,0.10915664,-0.3015404,-0.054087058,0.09869149,-0.30537817
-0.018739183,0.50012577,0.027023943,-0.040235132,0.50694907,-1.6275421E-4,-0.046917453,0.50454926,0.023582837
-0.08435848,0.2277517,-0.30739254,-0.079135336,0.23074198,-0.32347676,-0.07539104,0.21718171,-0.31461015
-0.08435848,0.2277517,-0.30739254,-0.0857812,0.25655666,-0.322788,-0.079135336,0.23074198,-0.32347676
-0.09294294,0.2811084,-0.3206382,-0.089370474,0.30541945,-0.3177749,-0.08913725,0.29422328,-0.3264008
-0.088575356,0.3322635,-0.31630793,-0.08012316,0.3272881,-0.33043325,-0.089370474,0.30541945,-0.3177749
-0.07312917,0.3817831,-0.30229622,-0.05749221,0.3964341,-0.3126496,-0.06994881,0.3726006,-0.3101565
-0.07024779,0.39525726,-0.29229403,-0.045411944,0.41710517,-0.30127075,-0.05749221,0.3964341,-0.3126496
0.1747537,0.5670825,-0.26508006,0.19017673,0.5609175,-0.274808,0.19377428,0.5714438,-0.25945494
-0.18136087,0.43166593,-0.08637368,-0.18796712,0.43367812,-0.05699894,-0.17279914,0.45013174,-0.06712714
-0.06874982,0.09228334,-0.2994415,-0.0754932,0.10529125,-0.28432462,-0.054087058,0.09869149,-0.30537817
-0.0754932,0.10529125,-0.28432462,-0.063420705,0.12285361,-0.29289597,-0.054087058,0.09869149,-0.30537817
-0.034458444,0.50383365,-0.04859595,-0.057307515,0.50152683,-0.07393578,-0.0691044,0.50586414,-0.0446895
-0.09181038,0.26191774,-0.29979992,-0.0857812,0.25655666,-0.322788,-0.08435848,0.2277517,-0.30739254
-0.0950498,0.27494004,-0.30312723,-0.09294294,0.2811084,-0.3206382,-0.0857812,0.25655666,-0.322788
-0.09235732,0.3243021,-0.29525352,-0.089370474,0.30541945,-0.3177749,-0.091600545,0.30501065,-0.29989102
-0.09235732,0.3243021,-0.29525352,-0.088575356,0.3322635,-0.31630793,-0.089370474,0.30541945,-0.3177749
0.105393544,0.5771589,-0.45887005,0.13734156,0.5812807,-0.43927634,0.12604663,0.5667294,-0.45001268
-0.23154362,0.083559036,-0.056599803,-0.24099688,0.09237245,-0.06988925,-0.23276962,0.0834457,-0.08318463
0.08747787,0.69113684,-0.20067555,0.08421474,0.6531019,-0.24772345,0.07884372,0.66480184,-0.22508839
-0.08681775,0.06550975,-0.3229346,-0.09090444,0.06898993,-0.2949494,-0.07383319,0.08205615,-0.3120995
-0.10594823,0.4957451,-0.076837316,-0.09891744,0.48458496,-0.11035091,-0.12035537,0.48208585,-0.09715961
-0.09181038,0.26191774,-0.29979992,-0.0950498,0.27494004,-0.30312723,-0.0857812,0.25655666,-0.322788
-0.0950498,0.27494004,-0.30312723,-0.09479543,0.28827265,-0.2960257,-0.09294294,0.2811084,-0.3206382
-0.09294294,0.2811084,-0.3206382,-0.09479543,0.28827265,-0.2960257,-0.089370474,0.30541945,-0.3177749
-0.09479543,0.28827265,-0.2960257,-0.091600545,0.30501065,-0.29989102,-0.089370474,0.30541945,-0.3177749
-0.088575356,0.3322635,-0.31630793,-0.09235732,0.3243021,-0.29525352,-0.0826799,0.354059,-0.30760613
-0.0826799,0.354059,-0.30760613,-0.07312917,0.3817831,-0.30229622,-0.06994881,0.3726006,-0.3101565
-0.045411944,0.41710517,-0.30127075,-0.02093789,0.45364907,-0.2669356,-0.03134547,0.43856463,-0.28987294
0.15021013,0.7601162,0.013223037,0.15498963,0.7447914,0.020385332,0.15717266,0.75625515,0.010699179
-0.19573767,0.37233654,-0.097954266,-0.19978349,0.37618718,-0.07635348,-0.1933367,0.39662656,-0.090323634
-0.24735548,0.3160058,-0.124660164,-0.2553274,0.30827418,-0.10113072,-0.24569526,0.32908678,-0.1005038
0.3545972,0.60609233,-0.21049222,0.38173303,0.62538373,-0.1858998,0.36892635,0.61794114,-0.18821335
-0.24735548,0.3160058,-0.124660164,-0.24569526,0.32908678,-0.1005038,-0.2378255,0.33100873,-0.12601577
0.070568144,0.6386874,-0.24562913,0.06964673,0.6458912,-0.22601965,0.07884372,0.66480184,-0.22508839
0.1438274,0.59738874,-0.43242145,0.15067601,0.60307515,-0.4139189,0.1543105,0.5802934,-0.41810778
-0.09090444,0.06898993,-0.2949494,-0.08220536,0.0857725,-0.28553393,-0.06874982,0.09228334,-0.2994415
-0.07383319,0.08205615,-0.3120995,-0.09090444,0.06898993,-0.2949494,-0.06874982,0.09228334,-0.2994415
-0.08220536,0.0857725,-0.28553393,-0.0754932,0.10529125,-0.28432462,-0.06874982,0.09228334,-0.2994415
0.26057357,0.6866009,-0.25253448,0.27449608,0.69534945,-0.255934,0.23253499,0.67399657,-0.2718125
0.0029480085,0.24328342,0.19087699,0.020732753,0.25984496,0.18226309,0.0076690763,0.2682207,0.19259363
-0.0866301,0.20788667,-0.29503906,-0.08832377,0.24398139,-0.296258,-0.08435848,0.2277517,-0.30739254
-0.08832377,0.24398139,-0.296258,-0.09181038,0.26191774,-0.29979992,-0.08435848,0.2277517,-0.30739254
-0.09235732,0.3243021,-0.29525352,-0.09089745,0.3471273,-0.291593,-0.0826799,0.354059,-0.30760613
-0.085667916,0.3715863,-0.29038334,-0.07312917,0.3817831,-0.30229622,-0.0826799,0.354059,-0.30760613
-0.085667916,0.3715863,-0.29038334,-0.07024779,0.39525726,-0.29229403,-0.07312917,0.3817831,-0.30229622
-0.07312917,0.3817831,-0.30229622,-0.07024779,0.39525726,-0.29229403,-0.05749221,0.3964341,-0.3126496
-0.040838756,0.44179955,-0.26048282,-0.02093789,0.45364907,-0.2669356,-0.045411944,0.41710517,-0.30127075
0.12311352,0.67547476,-0.049139645,0.12901127,0.6893585,-0.013054755,0.1085181,0.6656172,-0.033548005
0.10478927,0.62302315,-0.123372816,0.11238808,0.63790715,-0.10149475,0.08945738,0.6343845,-0.0908778
0.06929131,0.63475287,-0.21863516,0.07215973,0.6595684,-0.20837481,0.06964673,0.6458912,-0.22601965
-0.22051556,0.38634488,-0.026602283,-0.22534838,0.3866389,-3.5370886E-4,-0.1994452,0.42857477,-0.015302278
0.16687366,0.53127897,-0.4127076,0.17407979,0.54253435,-0.39818168,0.18517904,0.51874375,-0.39622235
-0.0866301,0.20788667,-0.29503906,-0.09557967,0.23497671,-0.286945,-0.08832377,0.24398139,-0.296258
-0.09089745,0.3471273,-0.291593,-0.085667916,0.3715863,-0.29038334,-0.0826799,0.354059,-0.30760613
-0.07024779,0.39525726,-0.29229403,-0.0673982,0.41123828,-0.26583463,-0.045411944,0.41710517,-0.30127075
-0.0673982,0.41123828,-0.26583463,-0.054715402,0.43347755,-0.2530513,-0.045411944,0.41710517,-0.30127075
-0.054715402,0.43347755,-0.2530513,-0.040838756,0.44179955,-0.26048282,-0.045411944,0.41710517,-0.30127075
0.07061644,0.5641762,-0.24102068,0.07119103,0.5779803,-0.23539722,0.050672308,0.57601094,-0.2604444
-0.1412502,0.08873844,0.22555935,-0.16490732,0.08269969,0.21266146,-0.13395536,0.06232661,0.19401027
-0.24524811,0.13701308,0.13232175,-0.24433199,0.15890378,0.14884993,-0.23856625,0.15955055,0.1387282
-0.2476209,0.1529676,-0.12888907,-0.25520894,0.14914319,-0.10972653,-0.25863624,0.16350004,-0.11472692
0.13734156,0.5812807,-0.43927634,0.1438274,0.59738874,-0.43242145,0.1543105,0.5802934,-0.41810778
-0.06956085,0.507375,0.008418953,-0.040235132,0.50694907,-1.6275421E-4,-0.05880023,0.5081357,-0.01608729
-0.088443734,0.50704646,-0.011271248,-0.0691044,0.50586414,-0.0446895,-0.10274053,0.5038396,-0.03122995
-0.07288312,0.18826064,-0.2968746,-0.09290762,0.19814989,-0.28135008,-0.0866301,0.20788667,-0.29503906
-0.09290762,0.19814989,-0.28135008,-0.09557967,0.23497671,-0.286945,-0.0866301,0.20788667,-0.29503906
-0.09557967,0.23497671,-0.286945,-0.09569151,0.25541833,-0.28283936,-0.08832377,0.24398139,-0.296258
-0.09569151,0.25541833,-0.28283936,-0.09181038,0.26191774,-0.29979992,-0.08832377,0.24398139,-0.296258
-0.085667916,0.3715863,-0.29038334,-0.081547074,0.38686392,-0.27758694,-0.07024779,0.39525726,-0.29229403
-0.07024779,0.39525726,-0.29229403,-0.081547074,0.38686392,-0.27758694,-0.0673982,0.41123828,-0.26583463
0.23200198,0.5780815,-0.25115392,0.2560876,0.5802604,-0.2505726,0.259672,0.5938903,-0.22908586
-0.26410788,0.17350063,-0.0934761,-0.2607043,0.19003016,-0.10106294,-0.253432,0.17870584,-0.12560198
0.07215973,0.6595684,-0.20837481,0.07833729,0.6874256,-0.19286166,0.07884372,0.66480184,-0.22508839
0.06964673,0.6458912,-0.22601965,0.07215973,0.6595684,-0.20837481,0.07884372,0.66480184,-0.22508839
0.07833729,0.6874256,-0.19286166,0.08747787,0.69113684,-0.20067555,0.07884372,0.66480184,-0.22508839
0.049389176,0.1136395,-0.2598517,0.035942957,0.09549466,-0.26325312,0.039734855,0.1173113,-0.2606715
-0.084065944,0.13082194,-0.2763582,-0.09290762,0.19814989,-0.28135008,-0.077094205,0.15538853,-0.28746313
-0.09590729,0.2835576,-0.28328457,-0.09181038,0.26191774,-0.29979992,-0.09569151,0.25541833,-0.28283936
-0.09590729,0.2835576,-0.28328457,-0.0950498,0.27494004,-0.30312723,-0.09181038,0.26191774,-0.29979992
-0.09590729,0.2835576,-0.28328457,-0.09479543,0.28827265,-0.2960257,-0.0950498,0.27494004,-0.30312723
-0.09479543,0.28827265,-0.2960257,-0.09590729,0.2835576,-0.28328457,-0.091600545,0.30501065,-0.29989102
-0.09089745,0.3471273,-0.291593,-0.09386222,0.342724,-0.2789287,-0.085667916,0.3715863,-0.29038334
-0.085667916,0.3715863,-0.29038334,-0.09386222,0.342724,-0.2789287,-0.081547074,0.38686392,-0.27758694
0.07645759,0.456575,-0.47901466,0.06162797,0.45365474,-0.48777443,0.073753625,0.48810264,-0.47914857
0.38680547,0.64172006,-0.16631411,0.39199585,0.67396176,-0.14998561,0.3618679,0.66833186,-0.16776758
-0.19584833,0.35705557,-0.10347094,-0.19978349,0.37618718,-0.07635348,-0.19573767,0.37233654,-0.097954266
-0.21456686,0.35819528,-0.07876601,-0.19584833,0.35705557,-0.10347094,-0.21521045,0.35083923,-0.094388306
-0.23821203,0.1774449,-0.15155138,-0.253432,0.17870584,-0.12560198,-0.25265783,0.196441,-0.12726417
-0.09090444,0.06898993,-0.2949494,-0.09591472,0.06549445,-0.27874964,-0.08220536,0.0857725,-0.28553393
-0.09214671,0.13998133,-0.2641934,-0.09719068,0.16537264,-0.26787186,-0.084065944,0.13082194,-0.2763582
-0.084065944,0.13082194,-0.2763582,-0.09719068,0.16537264,-0.26787186,-0.09290762,0.19814989,-0.28135008
-0.09290762,0.19814989,-0.28135008,-0.10331143,0.24063888,-0.27279672,-0.09557967,0.23497671,-0.286945
-0.09590729,0.2835576,-0.28328457,-0.09386222,0.342724,-0.2789287,-0.09235732,0.3243021,-0.29525352
-0.091600545,0.30501065,-0.29989102,-0.09590729,0.2835576,-0.28328457,-0.09235732,0.3243021,-0.29525352
-0.09235732,0.3243021,-0.29525352,-0.09386222,0.342724,-0.2789287,-0.09089745,0.3471273,-0.291593
0.3618679,0.66833186,-0.16776758,0.39199585,0.67396176,-0.14998561,0.37401634,0.69326603,-0.15904433
-0.013995588,0.07591374,-0.3584287,-0.043919727,0.079607084,-0.3597168,-0.019640118,0.086389944,-0.34213996
-0.18815692,0.37830874,-0.11610659,-0.17319603,0.38714066,-0.13934356,-0.17841369,0.37583092,-0.13307199
-0.22051556,0.38634488,-0.026602283,-0.2002965,0.41831872,-0.027786382,-0.20438704,0.38553223,-0.0524371
-0.09591472,0.06549445,-0.27874964,-0.09320394,0.08182135,-0.26446518,-0.08220536,0.0857725,-0.28553393
-0.08220536,0.0857725,-0.28553393,-0.09320394,0.08182135,-0.26446518,-0.0754932,0.10529125,-0.28432462
-0.09022314,0.10299799,-0.25855485,-0.084065944,0.13082194,-0.2763582,-0.0754932,0.10529125,-0.28432462
-0.09719068,0.16537264,-0.26787186,-0.10115528,0.19421884,-0.26513466,-0.09290762,0.19814989,-0.28135008
-0.09569151,0.25541833,-0.28283936,-0.106278494,0.26815692,-0.27339062,-0.09590729,0.2835576,-0.28328457
-0.106278494,0.26815692,-0.27339062,-0.10466601,0.2979881,-0.27298725,-0.09590729,0.2835576,-0.28328457
-0.10466601,0.2979881,-0.27298725,-0.09386222,0.342724,-0.2789287,-0.09590729,0.2835576,-0.28328457
-0.09386222,0.342724,-0.2789287,-0.092338614,0.3607678,-0.2685309,-0.081547074,0.38686392,-0.27758694
0.07860002,0.53192616,-0.23277448,0.07061644,0.5641762,-0.24102068,0.049305934,0.5377487,-0.24617437
-0.2281139,0.09031199,0.10097855,-0.22010306,0.102247834,0.08831641,-0.20817953,0.07666984,0.07705874
-0.21456686,0.35819528,-0.07876601,-0.19978349,0.37618718,-0.07635348,-0.19584833,0.35705557,-0.10347094
0.12152007,0.69632244,0.01066535,0.12069001,0.68341434,0.0018612593,0.1325829,0.69642437,0.011727165
0.091983765,0.6031966,-0.16079283,0.09114596,0.61810994,-0.12969907,0.071327455,0.6275132,-0.12901708
-0.09320394,0.08182135,-0.26446518,-0.09022314,0.10299799,-0.25855485,-0.0754932,0.10529125,-0.28432462
-0.09290762,0.19814989,-0.28135008,-0.10564199,0.22543651,-0.2579735,-0.10331143,0.24063888,-0.27279672
-0.10331143,0.24063888,-0.27279672,-0.09569151,0.25541833,-0.28283936,-0.09557967,0.23497671,-0.286945
-0.10331143,0.24063888,-0.27279672,-0.106278494,0.26815692,-0.27339062,-0.09569151,0.25541833,-0.28283936
-0.11348042,0.3284781,-0.25989127,-0.09386222,0.342724,-0.2789287,-0.10466601,0.2979881,-0.27298725
-0.11348042,0.3284781,-0.25989127,-0.092338614,0.3607678,-0.2685309,-0.09386222,0.342724,-0.2789287
-0.092338614,0.3607678,-0.2685309,-0.083639205,0.38415185,-0.25992408,-0.081547074,0.38686392,-0.27758694
-0.083639205,0.38415185,-0.25992408,-0.07726775,0.41223845,-0.23701447,-0.081547074,0.38686392,-0.27758694
-0.081547074,0.38686392,-0.27758694,-0.07726775,0.41223845,-0.23701447,-0.0673982,0.41123828,-0.26583463
-0.0673982,0.41123828,-0.26583463,-0.06306106,0.42635342,-0.24441591,-0.054715402,0.43347755,-0.2530513
-0.055766083,0.44384715,-0.23102319,-0.026441306,0.4633253,-0.24061461,-0.040838756,0.44179955,-0.26048282
0.100079626,0.6169956,-0.4270778,0.1251392,0.6140388,-0.42287982,0.1093269,0.6084721,-0.4422728
-0.24310122,0.198275,-0.14982104,-0.25265783,0.196441,-0.12726417,-0.25329977,0.2109322,-0.14369695
0.074672595,0.6718029,-0.19077545,0.07845078,0.70050514,-0.17241079,0.07833729,0.6874256,-0.19286166
0.08738848,0.71445334,-0.16469091,0.08747787,0.69113684,-0.20067555,0.07845078,0.70050514,-0.17241079
-0.16426203,0.44562587,-0.10020275,-0.15539968,0.46578726,-0.077713825,-0.14535731,0.4600545,-0.10881134
0.121144034,0.3079994,-0.4404717,0.15233889,0.3118856,-0.42189443,0.14823061,0.29769498,-0.42570108
-0.097620435,0.062033698,-0.2680542,-0.09320394,0.08182135,-0.26446518,-0.09591472,0.06549445,-0.27874964
-0.09022314,0.10299799,-0.25855485,-0.09214671,0.13998133,-0.2641934,-0.084065944,0.13082194,-0.2763582
-0.10115528,0.19421884,-0.26513466,-0.10564199,0.22543651,-0.2579735,-0.09290762,0.19814989,-0.28135008
-0.1600153,0.16549629,0.25289962,-0.18294075,0.15823278,0.24823704,-0.15947615,0.15252301,0.25302237
0.074672595,0.6718029,-0.19077545,0.07695967,0.694965,-0.16834252,0.07845078,0.70050514,-0.17241079
-0.09719068,0.16537264,-0.26787186,-0.10607247,0.19279915,-0.25013506,-0.10115528,0.19421884,-0.26513466
-0.10331143,0.24063888,-0.27279672,-0.11114917,0.2557613,-0.25987828,-0.106278494,0.26815692,-0.27339062
-0.11114917,0.2557613,-0.25987828,-0.112626836,0.28041843,-0.26195794,-0.106278494,0.26815692,-0.27339062
-0.106278494,0.26815692,-0.27339062,-0.112626836,0.28041843,-0.26195794,-0.10466601,0.2979881,-0.27298725
-0.112626836,0.28041843,-0.26195794,-0.11128201,0.29443473,-0.26128405,-0.10466601,0.2979881,-0.27298725
-0.11128201,0.29443473,-0.26128405,-0.11789357,0.31308702,-0.25843072,-0.10466601,0.2979881,-0.27298725
-0.11789357,0.31308702,-0.25843072,-0.11348042,0.3284781,-0.25989127,-0.10466601,0.2979881,-0.27298725
-0.10874055,0.34904975,-0.25546095,-0.092338614,0.3607678,-0.2685309,-0.11348042,0.3284781,-0.25989127
-0.10874055,0.34904975,-0.25546095,-0.09158314,0.38171223,-0.2485067,-0.092338614,0.3607678,-0.2685309
-0.09158314,0.38171223,-0.2485067,-0.083639205,0.38415185,-0.25992408,-0.092338614,0.3607678,-0.2685309
-0.09158314,0.38171223,-0.2485067,-0.07726775,0.41223845,-0.23701447,-0.083639205,0.38415185,-0.25992408
-0.07726775,0.41223845,-0.23701447,-0.06306106,0.42635342,-0.24441591,-0.0673982,0.41123828,-0.26583463
-0.25265783,0.196441,-0.12726417,-0.25795203,0.21748021,-0.12916408,-0.25329977,0.2109322,-0.14369695
-0.13841937,0.35468885,0.17044042,-0.16689013,0.3642108,0.14797705,-0.17495915,0.336947,0.15586646
-0.040369418,0.033876598,0.10388867,-0.036249723,0.02421993,0.09351048,-0.02883709,0.027837902,0.09972404
0.15048327,0.54495,-0.41898212,0.17407979,0.54253435,-0.39818168,0.16687366,0.53127897,-0.4127076
-0.101118974,0.082525685,-0.25287023,-0.0942861,0.10260075,-0.23910946,-0.09022314,0.10299799,-0.25855485
-0.09309204,0.12047997,-0.23897293,-0.09214671,0.13998133,-0.2641934,-0.09022314,0.10299799,-0.25855485
-0.09958329,0.1539025,-0.24257803,-0.09719068,0.16537264,-0.26787186,-0.09214671,0.13998133,-0.2641934
-0.09958329,0.1539025,-0.24257803,-0.10607247,0.19279915,-0.25013506,-0.09719068,0.16537264,-0.26787186
-0.11114917,0.2557613,-0.25987828,-0.10331143,0.24063888,-0.27279672,-0.10564199,0.22543651,-0.2579735
-0.110435635,0.23327419,-0.24027394,-0.11114917,0.2557613,-0.25987828,-0.10564199,0.22543651,-0.2579735
-0.0982655,0.3948252,-0.22912432,-0.07726775,0.41223845,-0.23701447,-0.09158314,0.38171223,-0.2485067
-0.055766083,0.44384715,-0.23102319,-0.054715402,0.43347755,-0.2530513,-0.06306106,0.42635342,-0.24441591
-0.24370164,0.1226801,-0.123500995,-0.24255362,0.14171705,-0.124030754,-0.24084148,0.1296274,-0.1290916
-0.20051542,0.40019968,-0.045677494,-0.2002965,0.41831872,-0.027786382,-0.19666293,0.41681114,-0.051659003
-0.25795203,0.21748021,-0.12916408,-0.25517693,0.22855344,-0.14606056,-0.25329977,0.2109322,-0.14369695
0.08336237,0.6820066,-0.16318151,0.07695967,0.694965,-0.16834252,0.074672595,0.6718029,-0.19077545
-0.09022314,0.10299799,-0.25855485,-0.09320394,0.08182135,-0.26446518,-0.101118974,0.082525685,-0.25287023
-0.0942861,0.10260075,-0.23910946,-0.09309204,0.12047997,-0.23897293,-0.09022314,0.10299799,-0.25855485
-0.10607247,0.19279915,-0.25013506,-0.10564199,0.22543651,-0.2579735,-0.10115528,0.19421884,-0.26513466
-0.1133557,0.2644408,-0.252691,-0.112626836,0.28041843,-0.26195794,-0.11114917,0.2557613,-0.25987828
-0.112626836,0.28041843,-0.26195794,-0.11618094,0.2809275,-0.24312162,-0.11128201,0.29443473,-0.26128405
-0.11128201,0.29443473,-0.26128405,-0.12085765,0.2928679,-0.24647483,-0.11789357,0.31308702,-0.25843072
-0.10686194,0.36919537,-0.24137937,-0.09158314,0.38171223,-0.2485067,-0.10874055,0.34904975,-0.25546095
-0.06306106,0.42635342,-0.24441591,-0.07726775,0.41223845,-0.23701447,-0.055766083,0.44384715,-0.23102319
-0.24485937,0.21092167,-0.15837008,-0.25329977,0.2109322,-0.14369695,-0.25517693,0.22855344,-0.14606056
-0.24099688,0.09237245,-0.06988925,-0.24951206,0.1078707,-0.07990843,-0.23276962,0.0834457,-0.08318463
0.07695967,0.694965,-0.16834252,0.08144362,0.71183443,-0.15153687,0.08738848,0.71445334,-0.16469091
0.07845078,0.70050514,-0.17241079,0.07695967,0.694965,-0.16834252,0.08738848,0.71445334,-0.16469091
-0.07315974,0.4545819,-0.449869,-0.06766279,0.4761367,-0.45739433,-0.058120236,0.46759698,-0.46582896
0.08144362,0.71183443,-0.15153687,0.09579955,0.71291614,-0.12017136,0.090507545,0.7309979,-0.11782192
0.04698757,0.6136761,-0.27467814,0.05180911,0.62212384,-0.2837043,0.021399587,0.614885,-0.2938292
-0.09309204,0.12047997,-0.23897293,-0.09958329,0.1539025,-0.24257803,-0.09214671,0.13998133,-0.2641934
-0.09958329,0.1539025,-0.24257803,-0.106117986,0.18864858,-0.23601662,-0.10607247,0.19279915,-0.25013506
-0.11259897,0.26133296,-0.24236594,-0.11114917,0.2557613,-0.25987828,-0.110435635,0.23327419,-0.24027394
-0.11259897,0.26133296,-0.24236594,-0.1133557,0.2644408,-0.252691,-0.11114917,0.2557613,-0.25987828
-0.1133557,0.2644408,-0.252691,-0.11618094,0.2809275,-0.24312162,-0.112626836,0.28041843,-0.26195794
-0.11618094,0.2809275,-0.24312162,-0.12085765,0.2928679,-0.24647483,-0.11128201,0.29443473,-0.26128405
-0.22350243,0.3270013,-0.16162403,-0.2378255,0.33100873,-0.12601577,-0.22262959,0.33675104,-0.14436944
-0.24758157,0.3336912,-0.050022356,-0.24233596,0.353821,-0.046027977,-0.23337848,0.3554391,-0.06299369
-0.11259897,0.26133296,-0.24236594,-0.11618094,0.2809275,-0.24312162,-0.1133557,0.2644408,-0.252691
-0.12085765,0.2928679,-0.24647483,-0.12613253,0.30361485,-0.2412667,-0.11789357,0.31308702,-0.25843072
-0.10686194,0.36919537,-0.24137937,-0.0982655,0.3948252,-0.22912432,-0.09158314,0.38171223,-0.2485067
-0.07794176,0.42986563,-0.211158,-0.055766083,0.44384715,-0.23102319,-0.07726775,0.41223845,-0.23701447
-0.15949237,0.47471794,-0.046150424,-0.15539968,0.46578726,-0.077713825,-0.17279914,0.45013174,-0.06712714
-0.23279427,0.34153682,-0.09945,-0.2325507,0.34429732,-0.07632226,-0.21456686,0.35819528,-0.07876601
-0.1977352,0.07518099,-0.13555647,-0.20878792,0.07467894,-0.10253663,-0.19657418,0.0820826,-0.13768062
-0.18488494,0.40716437,-0.10466266,-0.15892038,0.43467084,-0.121285774,-0.17099752,0.40919062,-0.12794156
0.3545972,0.60609233,-0.21049222,0.36892635,0.61794114,-0.18821335,0.35177416,0.6118388,-0.19673768
-0.24887645,0.32741934,-0.07154688,-0.24758157,0.3336912,-0.050022356,-0.2325507,0.34429732,-0.07632226
0.14755598,0.23385921,-0.3943717,0.14603692,0.25465372,-0.40893644,0.1667466,0.23620138,-0.38477507
-0.10274053,0.5038396,-0.03122995,-0.08960161,0.5015979,-0.06398124,-0.11664899,0.49917814,-0.044527832
-0.08960161,0.5015979,-0.06398124,-0.10594823,0.4957451,-0.076837316,-0.11664899,0.49917814,-0.044527832
-0.09309204,0.12047997,-0.23897293,-0.0942861,0.10260075,-0.23910946,-0.09543433,0.12206325,-0.21905655
-0.10195838,0.1623733,-0.22041169,-0.09958329,0.1539025,-0.24257803,-0.09309204,0.12047997,-0.23897293
-0.106117986,0.18864858,-0.23601662,-0.110435635,0.23327419,-0.24027394,-0.10607247,0.19279915,-0.25013506
-0.110435635,0.23327419,-0.24027394,-0.10564199,0.22543651,-0.2579735,-0.10607247,0.19279915,-0.25013506
-0.12613253,0.30361485,-0.2412667,-0.13483782,0.3214522,-0.23112583,-0.11789357,0.31308702,-0.25843072
-0.11789357,0.31308702,-0.25843072,-0.13483782,0.3214522,-0.23112583,-0.11348042,0.3284781,-0.25989127
-0.13043621,0.3345734,-0.23801324,-0.10874055,0.34904975,-0.25546095,-0.11348042,0.3284781,-0.25989127
0.33701152,0.59827757,-0.2342425,0.34768778,0.60933495,-0.23011872,0.3588897,0.6080544,-0.21748629
0.044888422,0.46535107,-0.49711972,0.042745605,0.4873673,-0.49212372,0.06162797,0.45365474,-0.48777443
-0.10195838,0.1623733,-0.22041169,-0.106117986,0.18864858,-0.23601662,-0.09958329,0.1539025,-0.24257803
-0.11783188,0.25034207,-0.23132145,-0.11259897,0.26133296,-0.24236594,-0.110435635,0.23327419,-0.24027394
-0.11783188,0.25034207,-0.23132145,-0.11618094,0.2809275,-0.24312162,-0.11259897,0.26133296,-0.24236594
-0.13483782,0.3214522,-0.23112583,-0.13043621,0.3345734,-0.23801324,-0.11348042,0.3284781,-0.25989127
-0.13043621,0.3345734,-0.23801324,-0.12525968,0.35986844,-0.22581904,-0.10874055,0.34904975,-0.25546095
-0.12525968,0.35986844,-0.22581904,-0.10686194,0.36919537,-0.24137937,-0.10874055,0.34904975,-0.25546095
-0.24365196,0.17163533,0.17054024,-0.2329402,0.1864624,0.16513003,-0.24433199,0.15890378,0.14884993
-0.2500002,0.295466,-0.13225783,-0.24735548,0.3160058,-0.124660164,-0.23724787,0.31617504,-0.15035331
-0.02883709,0.027837902,0.09972404,-0.027420668,0.03828618,0.107180566,-0.040369418,0.033876598,0.10388867
0.16156918,0.28434557,-0.41278243,0.14823061,0.29769498,-0.42570108,0.17568237,0.2887079,-0.4046308
-0.09543433,0.12206325,-0.21905655,-0.10195838,0.1623733,-0.22041169,-0.09309204,0.12047997,-0.23897293
-0.10195838,0.1623733,-0.22041169,-0.11045828,0.1977576,-0.2189277,-0.106117986,0.18864858,-0.23601662
-0.11045828,0.1977576,-0.2189277,-0.110435635,0.23327419,-0.24027394,-0.106117986,0.18864858,-0.23601662
-0.11045828,0.1977576,-0.2189277,-0.11855937,0.22584605,-0.22304472,-0.110435635,0.23327419,-0.24027394
-0.110435635,0.23327419,-0.24027394,-0.11855937,0.22584605,-0.22304472,-0.11783188,0.25034207,-0.23132145
-0.11783188,0.25034207,-0.23132145,-0.12836902,0.2770115,-0.23202416,-0.11618094,0.2809275,-0.24312162
-0.12836902,0.2770115,-0.23202416,-0.13222428,0.30226678,-0.22981715,-0.12085765,0.2928679,-0.24647483
-0.11618094,0.2809275,-0.24312162,-0.12836902,0.2770115,-0.23202416,-0.12085765,0.2928679,-0.24647483
-0.12085765,0.2928679,-0.24647483,-0.13222428,0.30226678,-0.22981715,-0.12613253,0.30361485,-0.2412667
-0.13043621,0.3345734,-0.23801324,-0.13211551,0.33891338,-0.22472996,-0.12525968,0.35986844,-0.22581904
-0.12525968,0.35986844,-0.22581904,-0.0982655,0.3948252,-0.22912432,-0.10686194,0.36919537,-0.24137937
-0.07794176,0.42986563,-0.211158,-0.07726775,0.41223845,-0.23701447,-0.0982655,0.3948252,-0.22912432
-0.16082108,0.2907586,0.17442036,-0.15393469,0.32401332,0.17294826,-0.17970923,0.31397146,0.15956995
-0.22010306,0.102247834,0.08831641,-0.223178,0.10965404,0.079743564,-0.20817953,0.07666984,0.07705874
-0.25795203,0.21748021,-0.12916408,-0.2596683,0.2455284,-0.11483243,-0.2598783,0.23440975,-0.13083422
-0.24705978,0.27393904,-0.14533171,-0.23941793,0.30207622,-0.15702762,-0.24009211,0.27216452,-0.1589055
0.08463063,0.72493625,-0.1398943,0.090507545,0.7309979,-0.11782192,0.090606585,0.74055684,-0.12235239
-0.1515094,0.2498239,-0.22995585,-0.15651539,0.2705415,-0.23166767,-0.12836902,0.2770115,-0.23202416
-0.12613253,0.30361485,-0.2412667,-0.13222428,0.30226678,-0.22981715,-0.13483782,0.3214522,-0.23112583
-0.1600153,0.16549629,0.25289962,-0.1411153,0.17079219,0.25223044,-0.15636688,0.19033793,0.24810134
-0.2598783,0.23440975,-0.13083422,-0.2596683,0.2455284,-0.11483243,-0.25265437,0.25499144,-0.13814035
-0.22975667,0.3701814,-0.048161425,-0.22051556,0.38634488,-0.026602283,-0.21667653,0.3761753,-0.05425685
-0.2325507,0.34429732,-0.07632226,-0.24758157,0.3336912,-0.050022356,-0.23337848,0.3554391,-0.06299369
-0.2002965,0.41831872,-0.027786382,-0.20051542,0.40019968,-0.045677494,-0.20438704,0.38553223,-0.0524371
0.13938445,0.5485629,-0.43181083,0.15623668,0.56245935,-0.40582275,0.15048327,0.54495,-0.41898212
0.15824091,0.39843938,-0.40117973,0.141528,0.40621468,-0.42386192,0.15702662,0.41865465,-0.42797682
-0.08824643,0.5039581,0.016031545,-0.06956085,0.507375,0.008418953,-0.088443734,0.50704646,-0.011271248
-0.10476231,0.15537709,-0.20911492,-0.10195838,0.1623733,-0.22041169,-0.09543433,0.12206325,-0.21905655
-0.101584785,0.12275514,-0.20781808,-0.10476231,0.15537709,-0.20911492,-0.09543433,0.12206325,-0.21905655
-0.10476231,0.15537709,-0.20911492,-0.11045828,0.1977576,-0.2189277,-0.10195838,0.1623733,-0.22041169
-0.03356116,0.4951884,0.052079536,-0.06163211,0.4983631,0.0456068,-0.067987345,0.48446944,0.073658444
0.09453576,0.6236552,-0.40841803,0.100079626,0.6169956,-0.4270778,0.066298775,0.6190586,-0.42127013
-0.13483782,0.3214522,-0.23112583,-0.13211551,0.33891338,-0.22472996,-0.13043621,0.3345734,-0.23801324
-0.10439691,0.36805406,0.17843091,-0.081089474,0.36157987,0.18416175,-0.08535027,0.39254108,0.16649988
-0.15791513,0.48168144,-0.018098615,-0.15949237,0.47471794,-0.046150424,-0.17792219,0.46108392,-0.032434173
-0.2607043,0.19003016,-0.10106294,-0.2610492,0.21457583,-0.10738528,-0.25265783,0.196441,-0.12726417
-0.18815692,0.37830874,-0.11610659,-0.18488494,0.40716437,-0.10466266,-0.17099752,0.40919062,-0.12794156
0.12311352,0.67547476,-0.049139645,0.13732955,0.7020552,-0.039721176,0.12901127,0.6893585,-0.013054755
-0.062192414,0.48924384,-0.11633398,-0.021705378,0.48076925,-0.1420845,-0.06038412,0.4752272,-0.14274073
-0.18588832,0.22039759,0.16607076,-0.16978085,0.2435101,0.17374793,-0.19009328,0.2666919,0.15943478
0.29007143,0.5935769,-0.22636095,0.30691767,0.61053073,-0.20857231,0.28578967,0.61228657,-0.21064915
-0.1316292,0.10251045,-0.22100729,-0.14656883,0.083911404,-0.240368,-0.16117099,0.08908214,-0.22881648
-0.10476231,0.15537709,-0.20911492,-0.11674011,0.18507224,-0.20977676,-0.11045828,0.1977576,-0.2189277
-0.11045828,0.1977576,-0.2189277,-0.11674011,0.18507224,-0.20977676,-0.11855937,0.22584605,-0.22304472
-0.14021792,0.3435671,-0.21358116,-0.12525968,0.35986844,-0.22581904,-0.13211551,0.33891338,-0.22472996
-0.11210492,0.41055688,-0.19545846,-0.0982655,0.3948252,-0.22912432,-0.12525968,0.35986844,-0.22581904
-0.13071021,0.37133524,-0.21019581,-0.11210492,0.41055688,-0.19545846,-0.12525968,0.35986844,-0.22581904
-0.11210492,0.41055688,-0.19545846,-0.07794176,0.42986563,-0.211158,-0.0982655,0.3948252,-0.22912432
0.061882697,0.44918308,0.028410459,0.075596265,0.4335012,0.042632814,0.08094406,0.42969552,0.030092005
-0.2596683,0.2455284,-0.11483243,-0.25959772,0.26922783,-0.12308848,-0.25265437,0.25499144,-0.13814035
0.18032494,0.5517268,-0.27402997,0.18191992,0.5226052,-0.27269146,0.18843126,0.54646873,-0.28886685
-0.26011315,0.31536868,-0.05534466,-0.24758157,0.3336912,-0.050022356,-0.24887645,0.32741934,-0.07154688
-0.23173004,0.10623711,-0.13115712,-0.2383643,0.10052341,-0.10791578,-0.24370164,0.1226801,-0.123500995
0.24041955,0.6109967,-0.22773015,0.19946262,0.58473897,-0.25180197,0.23268563,0.5900686,-0.23917696
-0.11719218,0.13344604,-0.20340806,-0.10476231,0.15537709,-0.20911492,-0.101584785,0.12275514,-0.20781808
-0.12486942,0.16283599,-0.20438159,-0.14800102,0.1895335,-0.20884833,-0.11674011,0.18507224,-0.20977676
0.021495864,0.45420125,-0.5074288,0.039305806,0.45099595,-0.5014976,0.022482216,0.44084188,-0.5046217
-0.15949237,0.47471794,-0.046150424,-0.12718903,0.48773584,-0.07243852,-0.15539968,0.46578726,-0.077713825
-0.22608556,0.13225296,0.103052445,-0.22442926,0.15787432,0.1147864,-0.23171386,0.13498238,0.08736089
-0.14153197,0.31644753,-0.21949065,-0.13483782,0.3214522,-0.23112583,-0.13222428,0.30226678,-0.22981715
-0.13483782,0.3214522,-0.23112583,-0.14153197,0.31644753,-0.21949065,-0.13211551,0.33891338,-0.22472996
-0.13466503,0.39661446,-0.18565366,-0.11210492,0.41055688,-0.19545846,-0.13071021,0.37133524,-0.21019581
-0.09655087,0.4296387,-0.18782067,-0.07794176,0.42986563,-0.211158,-0.11210492,0.41055688,-0.19545846
-0.09655087,0.4296387,-0.18782067,-0.06953401,0.44505778,-0.19478422,-0.07794176,0.42986563,-0.211158
-0.24233596,0.353821,-0.046027977,-0.25619918,0.33301237,-0.012975052,-0.2500711,0.35209808,-0.011694141
-0.1933367,0.39662656,-0.090323634,-0.19812633,0.39718327,-0.06974437,-0.1939195,0.41202733,-0.07612625
-0.24692781,0.1159932,-0.10346721,-0.2504481,0.13508993,-0.096452646,-0.24066086,0.111513555,-0.11291679
-0.17319603,0.38714066,-0.13934356,-0.18815692,0.37830874,-0.11610659,-0.17099752,0.40919062,-0.12794156
-0.2500869,0.3355331,-0.030414082,-0.25619918,0.33301237,-0.012975052,-0.24233596,0.353821,-0.046027977
-0.15735917,0.099419385,-0.20610237,-0.1316292,0.10251045,-0.22100729,-0.16117099,0.08908214,-0.22881648
0.13317075,0.5952766,-0.2438286,0.12846982,0.5998826,-0.21568273,0.12010685,0.58354294,-0.21886586
0.12846982,0.5998826,-0.21568273,0.12475825,0.6056905,-0.18546854,0.12010685,0.58354294,-0.21886586
-0.20769307,0.19744697,0.15160501,-0.22308661,0.18236965,0.14594418,-0.21756259,0.2011761,0.16925816
-0.13636371,0.49472865,-0.019808553,-0.11664899,0.49917814,-0.044527832,-0.13771959,0.48912802,-0.04488894
-0.06163211,0.4983631,0.0456068,-0.08824643,0.5039581,0.016031545,-0.09456582,0.4950708,0.04096911
-0.14400159,0.32933223,-0.20852758,-0.13211551,0.33891338,-0.22472996,-0.14153197,0.31644753,-0.21949065
-0.13211551,0.33891338,-0.22472996,-0.14400159,0.32933223,-0.20852758,-0.14021792,0.3435671,-0.21358116
-0.13071021,0.37133524,-0.21019581,-0.12525968,0.35986844,-0.22581904,-0.14021792,0.3435671,-0.21358116
-0.09655087,0.4296387,-0.18782067,-0.10150297,0.4489759,-0.16576523,-0.06953401,0.44505778,-0.19478422
-0.20051542,0.40019968,-0.045677494,-0.19812633,0.39718327,-0.06974437,-0.20438704,0.38553223,-0.0524371
-0.2504481,0.13508993,-0.096452646,-0.24255362,0.14171705,-0.124030754,-0.24370164,0.1226801,-0.123500995
-0.18136087,0.43166593,-0.08637368,-0.17279914,0.45013174,-0.06712714,-0.16426203,0.44562587,-0.10020275
-0.2607043,0.19003016,-0.10106294,-0.25265783,0.196441,-0.12726417,-0.253432,0.17870584,-0.12560198
-0.23821203,0.1774449,-0.15155138,-0.25863624,0.16350004,-0.11472692,-0.253432,0.17870584,-0.12560198
-0.20438704,0.38553223,-0.0524371,-0.19812633,0.39718327,-0.06974437,-0.19978349,0.37618718,-0.07635348
-0.18153624,0.082568094,-0.21678084,-0.16117099,0.08908214,-0.22881648,-0.16964313,0.07517265,-0.23307973
-0.15735917,0.099419385,-0.20610237,-0.1449354,0.105103225,-0.20099485,-0.1316292,0.10251045,-0.22100729
-0.1449354,0.105103225,-0.20099485,-0.1270197,0.11303109,-0.20229626,-0.1316292,0.10251045,-0.22100729
0.27449608,0.69534945,-0.255934,0.26057357,0.6866009,-0.25253448,0.29368308,0.69873905,-0.23302919
-0.04446964,0.5575162,-0.4007935,-0.028743386,0.58473647,-0.37209177,-0.02340515,0.5980909,-0.37913585
-0.14340656,0.3642368,-0.19978586,-0.13071021,0.37133524,-0.21019581,-0.14021792,0.3435671,-0.21358116
-0.18294075,0.15823278,0.24823704,-0.1600153,0.16549629,0.25289962,-0.17211461,0.18211588,0.24839711
0.091309965,0.64838576,-0.05754246,0.1085181,0.6656172,-0.033548005,0.09153375,0.6583713,-0.033667617
0.090507545,0.7309979,-0.11782192,0.10697623,0.73466337,-0.08266107,0.09853102,0.7548418,-0.08688393
0.09542053,0.75521255,-0.100206286,0.09853102,0.7548418,-0.08688393,0.10561333,0.7690443,-0.08189315
-0.21667653,0.3761753,-0.05425685,-0.20438704,0.38553223,-0.0524371,-0.19978349,0.37618718,-0.07635348
-0.18153624,0.082568094,-0.21678084,-0.16964313,0.07517265,-0.23307973,-0.1796709,0.06249465,-0.23645869
-0.18900886,0.07011464,-0.2170307,-0.18153624,0.082568094,-0.21678084,-0.1796709,0.06249465,-0.23645869
-0.17395702,0.09036824,-0.21227652,-0.16117099,0.08908214,-0.22881648,-0.18153624,0.082568094,-0.21678084
-0.17395702,0.09036824,-0.21227652,-0.15735917,0.099419385,-0.20610237,-0.16117099,0.08908214,-0.22881648
-0.15709351,0.37180653,-0.16549967,-0.16504203,0.34965008,-0.16728124,-0.17154834,0.35539064,-0.15085614
-0.046917453,0.50454926,0.023582837,-0.06956085,0.507375,0.008418953,-0.06163211,0.4983631,0.0456068
0.1631029,0.324406,-0.41395485,0.15637222,0.3460455,-0.41878796,0.17206013,0.33770254,-0.4066635
0.13482247,0.3796995,-0.42127106,0.13994177,0.39532682,-0.41290238,0.15138738,0.37813804,-0.41101584
-0.045834973,0.4570488,-0.19835834,-0.017834328,0.47526094,-0.20584701,-0.042021282,0.45999345,-0.22493258
0.11778428,0.7771832,-0.043780502,0.13267304,0.7731819,-0.018575184,0.12799224,0.78498006,-0.032442857
-0.14021792,0.3435671,-0.21358116,-0.15000397,0.34103802,-0.20024982,-0.14340656,0.3642368,-0.19978586
-0.26641878,0.18292058,-0.070821874,-0.2678393,0.211878,-0.09119775,-0.2607043,0.19003016,-0.10106294
-0.25517693,0.22855344,-0.14606056,-0.2598783,0.23440975,-0.13083422,-0.24581505,0.24519119,-0.15642814
-0.2610492,0.21457583,-0.10738528,-0.2596683,0.2455284,-0.11483243,-0.25795203,0.21748021,-0.12916408
0.39536113,0.753559,-0.19547808,0.37693816,0.7364433,-0.18992782,0.40334642,0.7536341,-0.17295656
0.19946262,0.58473897,-0.25180197,0.24041955,0.6109967,-0.22773015,0.22368233,0.62121236,-0.2340648
-0.15949237,0.47471794,-0.046150424,-0.13771959,0.48912802,-0.04488894,-0.12718903,0.48773584,-0.07243852
0.0077491626,0.10542673,-0.28869402,-0.0024336204,0.13151485,-0.2927792,0.025774494,0.11906806,-0.2718482
-0.14340656,0.3642368,-0.19978586,-0.13466503,0.39661446,-0.18565366,-0.13071021,0.37133524,-0.21019581
-0.12250896,0.4204764,-0.17819023,-0.11210492,0.41055688,-0.19545846,-0.13466503,0.39661446,-0.18565366
0.15193428,0.566955,-0.26084012,0.165893,0.55188143,-0.26098487,0.1747537,0.5670825,-0.26508006
-0.18488494,0.40716437,-0.10466266,-0.18136087,0.43166593,-0.08637368,-0.16426203,0.44562587,-0.10020275
-0.25778013,0.30449304,-0.029258862,-0.26341003,0.29322344,-0.038223848,-0.26967487,0.26811582,-0.034237146
-0.23268853,0.14549574,0.12002642,-0.22172238,0.16897905,0.12949437,-0.22442926,0.15787432,0.1147864
0.15823011,0.5880742,-0.26743102,0.15193428,0.566955,-0.26084012,0.1747537,0.5670825,-0.26508006
-0.16172493,0.108038545,-0.19221944,-0.1270197,0.11303109,-0.20229626,-0.1449354,0.105103225,-0.20099485
-0.1270197,0.11303109,-0.20229626,-0.16172493,0.108038545,-0.19221944,-0.15486993,0.1341846,-0.19836476
-0.046917453,0.50454926,0.023582837,-0.06163211,0.4983631,0.0456068,-0.03356116,0.4951884,0.052079536
-0.06956085,0.507375,0.008418953,-0.08824643,0.5039581,0.016031545,-0.06163211,0.4983631,0.0456068
0.164474,0.21419933,-0.13285327,0.1595149,0.20533827,-0.11727199,0.14827056,0.18408716,-0.12359372
0.29368308,0.69873905,-0.23302919,0.26057357,0.6866009,-0.25253448,0.28403112,0.68821716,-0.22569847
-0.17683095,0.46259472,0.0026989654,-0.17623399,0.46610942,-0.011070404,-0.19377027,0.44450763,-0.0044223294
-0.15004721,0.36071953,-0.18828174,-0.14340656,0.3642368,-0.19978586,-0.15000397,0.34103802,-0.20024982
-0.24791941,0.13654041,0.15986699,-0.248137,0.15156305,0.15758203,-0.24433199,0.15890378,0.14884993
0.07061644,0.5641762,-0.24102068,0.087789625,0.5556259,-0.23423022,0.07119103,0.5779803,-0.23539722
-0.18153624,0.082568094,-0.21678084,-0.1789862,0.089821234,-0.18777066,-0.17395702,0.09036824,-0.21227652
-0.17395702,0.09036824,-0.21227652,-0.1789862,0.089821234,-0.18777066,-0.15735917,0.099419385,-0.20610237
-0.16172493,0.108038545,-0.19221944,-0.1449354,0.105103225,-0.20099485,-0.15735917,0.099419385,-0.20610237
0.13184068,0.5924294,-0.44460434,0.10774561,0.5942862,-0.45496845,0.13124578,0.6041672,-0.43764457
-0.12718903,0.48773584,-0.07243852,-0.13930906,0.47142717,-0.0955601,-0.15539968,0.46578726,-0.077713825
-0.03356116,0.4951884,0.052079536,-0.067987345,0.48446944,0.073658444,-0.038446415,0.48449257,0.07421641
-0.019640118,0.086389944,-0.34213996,-0.03309796,0.09584509,-0.31300333,-0.0052871555,0.08649789,-0.32298946
0.09281425,0.58146966,-0.20428123,0.10760953,0.5886704,-0.19078553,0.091983765,0.6031966,-0.16079283
-0.15004721,0.36071953,-0.18828174,-0.15087152,0.37519595,-0.17661273,-0.14340656,0.3642368,-0.19978586
-0.15087152,0.37519595,-0.17661273,-0.13466503,0.39661446,-0.18565366,-0.14340656,0.3642368,-0.19978586
-0.10150297,0.4489759,-0.16576523,-0.09655087,0.4296387,-0.18782067,-0.11210492,0.41055688,-0.19545846
-0.12250896,0.4204764,-0.17819023,-0.10150297,0.4489759,-0.16576523,-0.11210492,0.41055688,-0.19545846
0.21556276,0.035536855,-0.09851403,0.2131496,0.044430047,-0.119913965,0.20865768,0.055125296,-0.085338734
-0.16426203,0.44562587,-0.10020275,-0.17279914,0.45013174,-0.06712714,-0.15539968,0.46578726,-0.077713825
-0.2598783,0.23440975,-0.13083422,-0.25517693,0.22855344,-0.14606056,-0.25795203,0.21748021,-0.12916408
-0.26425636,0.23198572,-0.1013043,-0.2696557,0.23234054,-0.07858673,-0.2658601,0.25378087,-0.08747332
-0.24887645,0.32741934,-0.07154688,-0.2325507,0.34429732,-0.07632226,-0.23279427,0.34153682,-0.09945
-0.18153624,0.082568094,-0.21678084,-0.19166991,0.07641554,-0.18281135,-0.1789862,0.089821234,-0.18777066
-0.1789862,0.089821234,-0.18777066,-0.16952536,0.09958924,-0.18564974,-0.15735917,0.099419385,-0.20610237
-0.16952536,0.09958924,-0.18564974,-0.16172493,0.108038545,-0.19221944,-0.15735917,0.099419385,-0.20610237
-0.16172493,0.108038545,-0.19221944,-0.17872493,0.10921773,-0.18415973,-0.15486993,0.1341846,-0.19836476
0.0035080388,0.4836003,-0.12971233,0.030381437,0.4778169,-0.14722972,-0.021705378,0.48076925,-0.1420845
-0.08824643,0.5039581,0.016031545,-0.088443734,0.50704646,-0.011271248,-0.113896854,0.5020932,-0.0039093904
0.19556351,0.55646,-0.29579452,0.20369665,0.567956,-0.26597685,0.19017673,0.5609175,-0.274808
-0.19827455,0.2664176,-0.2247325,-0.20427296,0.24786249,-0.21748665,-0.21289064,0.267374,-0.21372248
-0.2329402,0.1864624,0.16513003,-0.22308661,0.18236965,0.14594418,-0.23856625,0.15955055,0.1387282
-0.18488494,0.40716437,-0.10466266,-0.16426203,0.44562587,-0.10020275,-0.15892038,0.43467084,-0.121285774
-0.24485937,0.21092167,-0.15837008,-0.25517693,0.22855344,-0.14606056,-0.24274257,0.21959794,-0.16257912
-0.2500869,0.3355331,-0.030414082,-0.24758157,0.3336912,-0.050022356,-0.25853732,0.31601778,-0.041433
0.0712003,0.6280848,-0.28693584,0.041923285,0.62531245,-0.29926205,0.05180911,0.62212384,-0.2837043
-0.21289064,0.267374,-0.21372248,-0.2162553,0.28633344,-0.20169544,-0.20362645,0.29016057,-0.21403939
-0.13636371,0.49472865,-0.019808553,-0.13771959,0.48912802,-0.04488894,-0.15791513,0.48168144,-0.018098615
-0.15658945,0.344866,-0.18402323,-0.15087152,0.37519595,-0.17661273,-0.15004721,0.36071953,-0.18828174
-0.13180548,0.42842767,-0.15942046,-0.12250896,0.4204764,-0.17819023,-0.13466503,0.39661446,-0.18565366
-0.13180548,0.42842767,-0.15942046,-0.10150297,0.4489759,-0.16576523,-0.12250896,0.4204764,-0.17819023
0.028671183,0.20753413,0.18028232,0.047766756,0.20120323,0.1711551,0.054406118,0.22047248,0.16973507
-0.23724787,0.31617504,-0.15035331,-0.2378255,0.33100873,-0.12601577,-0.22350243,0.3270013,-0.16162403
-0.2658601,0.25378087,-0.08747332,-0.266171,0.2670312,-0.09900492,-0.2596683,0.2455284,-0.11483243
0.12240041,0.71929276,-0.15968192,0.11330312,0.7105787,-0.17941853,0.10135022,0.7297782,-0.1478968
-0.16952536,0.09958924,-0.18564974,-0.17872493,0.10921773,-0.18415973,-0.16172493,0.108038545,-0.19221944
-0.088443734,0.50704646,-0.011271248,-0.10274053,0.5038396,-0.03122995,-0.113896854,0.5020932,-0.0039093904
-0.10274053,0.5038396,-0.03122995,-0.11664899,0.49917814,-0.044527832,-0.13636371,0.49472865,-0.019808553
-0.2108406,0.23743093,-0.20520157,-0.21905982,0.26277912,-0.2048339,-0.21289064,0.267374,-0.21372248
-0.20427296,0.24786249,-0.21748665,-0.2108406,0.23743093,-0.20520157,-0.21289064,0.267374,-0.21372248
-0.21905982,0.26277912,-0.2048339,-0.2162553,0.28633344,-0.20169544,-0.21289064,0.267374,-0.21372248
-0.06163211,0.4983631,0.0456068,-0.09456582,0.4950708,0.04096911,-0.09377922,0.4869174,0.061054148
-0.079564914,0.2290527,0.2020934,-0.06452426,0.25766578,0.20315841,-0.10345945,0.25471315,0.19960213
-0.22051556,0.38634488,-0.026602283,-0.23851006,0.37084153,-0.0040087104,-0.22534838,0.3866389,-3.5370886E-4
-0.2679636,0.2821361,-0.09157133,-0.26286384,0.2816976,-0.112129346,-0.266171,0.2670312,-0.09900492
-0.2658601,0.25378087,-0.08747332,-0.2596683,0.2455284,-0.11483243,-0.26425636,0.23198572,-0.1013043
-0.17872493,0.10921773,-0.18415973,-0.18846703,0.12146053,-0.18533966,-0.18135151,0.13744983,-0.19346699
-0.2027508,0.19829741,-0.19905017,-0.21172237,0.20454952,-0.1913633,-0.2108406,0.23743093,-0.20520157
-0.21535645,0.30910861,-0.19317856,-0.20362645,0.29016057,-0.21403939,-0.2162553,0.28633344,-0.20169544
-0.21535645,0.30910861,-0.19317856,-0.19729045,0.31061944,-0.20694423,-0.20362645,0.29016057,-0.21403939
-0.14339782,0.48954186,0.0059052445,-0.113896854,0.5020932,-0.0039093904,-0.13636371,0.49472865,-0.019808553
0.12000767,0.019477144,-0.004497368,0.11499184,0.02180788,-0.017148372,0.15681578,0.018154845,-0.0537947
-0.15529685,0.3903875,-0.16273503,-0.15087152,0.37519595,-0.17661273,-0.15709351,0.37180653,-0.16549967
-0.15529685,0.3903875,-0.16273503,-0.13466503,0.39661446,-0.18565366,-0.15087152,0.37519595,-0.17661273
-0.13069743,0.44812873,-0.14375907,-0.10150297,0.4489759,-0.16576523,-0.13180548,0.42842767,-0.15942046
-0.13069743,0.44812873,-0.14375907,-0.09584447,0.46914706,-0.13881716,-0.10150297,0.4489759,-0.16576523
-0.2504481,0.13508993,-0.096452646,-0.25520894,0.14914319,-0.10972653,-0.24255362,0.14171705,-0.124030754
-0.24228194,0.11072773,0.12082549,-0.23445743,0.122787446,0.11054091,-0.2277193,0.09896599,0.098354824
-0.26410788,0.17350063,-0.0934761,-0.253432,0.17870584,-0.12560198,-0.25863624,0.16350004,-0.11472692
-0.2154289,0.059913278,-0.08039802,-0.20878792,0.07467894,-0.10253663,-0.1977352,0.07518099,-0.13555647
-0.1840786,0.08946204,-0.16705646,-0.17872493,0.10921773,-0.18415973,-0.16952536,0.09958924,-0.18564974
-0.1789862,0.089821234,-0.18777066,-0.1840786,0.08946204,-0.16705646,-0.16952536,0.09958924,-0.18564974
-0.19886324,0.15411484,-0.18756768,-0.18135151,0.13744983,-0.19346699,-0.18846703,0.12146053,-0.18533966
-0.18846703,0.12146053,-0.18533966,-0.1945144,0.122141,-0.17777507,-0.19886324,0.15411484,-0.18756768
-0.2071395,0.17791954,-0.1862914,-0.21172237,0.20454952,-0.1913633,-0.2027508,0.19829741,-0.19905017
-0.21172237,0.20454952,-0.1913633,-0.21990906,0.23291081,-0.19163874,-0.2108406,0.23743093,-0.20520157
-0.21990906,0.23291081,-0.19163874,-0.22034097,0.26470384,-0.19570187,-0.2108406,0.23743093,-0.20520157
-0.22034097,0.26470384,-0.19570187,-0.21905982,0.26277912,-0.2048339,-0.2108406,0.23743093,-0.20520157
-0.22034097,0.26470384,-0.19570187,-0.2162553,0.28633344,-0.20169544,-0.21905982,0.26277912,-0.2048339
-0.22280604,0.29893965,-0.18787995,-0.21535645,0.30910861,-0.19317856,-0.2162553,0.28633344,-0.20169544
-0.21535645,0.30910861,-0.19317856,-0.20910211,0.32293817,-0.1853064,-0.19729045,0.31061944,-0.20694423
0.15623668,0.56245935,-0.40582275,0.17255883,0.5837139,-0.3786118,0.1797507,0.5598428,-0.37261972
-0.08824643,0.5039581,0.016031545,-0.1176439,0.49790356,0.015009142,-0.09456582,0.4950708,0.04096911
-0.14495246,0.429679,-0.14509699,-0.13180548,0.42842767,-0.15942046,-0.13466503,0.39661446,-0.18565366
-0.12236915,0.4632363,-0.13065663,-0.09584447,0.46914706,-0.13881716,-0.13069743,0.44812873,-0.14375907
-0.11950746,0.076325,0.21274969,-0.1412502,0.08873844,0.22555935,-0.13395536,0.06232661,0.19401027
-0.079564914,0.2290527,0.2020934,-0.113860585,0.22342217,0.19807912,-0.08713223,0.20838061,0.19873568
-0.22308661,0.18236965,0.14594418,-0.22172238,0.16897905,0.12949437,-0.23268853,0.14549574,0.12002642
-0.17872493,0.10921773,-0.18415973,-0.1945144,0.122141,-0.17777507,-0.18846703,0.12146053,-0.18533966
-0.21362759,0.20443976,-0.18411213,-0.21990906,0.23291081,-0.19163874,-0.21172237,0.20454952,-0.1913633
-0.22034097,0.26470384,-0.19570187,-0.22819197,0.27611285,-0.18375556,-0.2162553,0.28633344,-0.20169544
-0.16504203,0.34965008,-0.16728124,-0.15709351,0.37180653,-0.16549967,-0.15087152,0.37519595,-0.17661273
-0.14495246,0.429679,-0.14509699,-0.13069743,0.44812873,-0.14375907,-0.13180548,0.42842767,-0.15942046
-0.2610492,0.21457583,-0.10738528,-0.25795203,0.21748021,-0.12916408,-0.25265783,0.196441,-0.12726417
-0.20457022,0.06329885,-0.12235166,-0.2154289,0.059913278,-0.08039802,-0.1977352,0.07518099,-0.13555647
-0.24228194,0.11072773,0.12082549,-0.24524811,0.13701308,0.13232175,-0.23445743,0.122787446,0.11054091
-0.19166991,0.07641554,-0.18281135,-0.1840786,0.08946204,-0.16705646,-0.1789862,0.089821234,-0.18777066
-0.1840786,0.08946204,-0.16705646,-0.19387694,0.09735151,-0.16536817,-0.17872493,0.10921773,-0.18415973
-0.17872493,0.10921773,-0.18415973,-0.19387694,0.09735151,-0.16536817,-0.1945144,0.122141,-0.17777507
0.38173303,0.62538373,-0.1858998,0.38680547,0.64172006,-0.16631411,0.36915928,0.62962234,-0.18009879
-0.2071395,0.17791954,-0.1862914,-0.21362759,0.20443976,-0.18411213,-0.21172237,0.20454952,-0.1913633
-0.21362759,0.20443976,-0.18411213,-0.2248525,0.21591875,-0.17906177,-0.21990906,0.23291081,-0.19163874
-0.21990906,0.23291081,-0.19163874,-0.23242064,0.24938574,-0.18012916,-0.22034097,0.26470384,-0.19570187
-0.23242064,0.24938574,-0.18012916,-0.22819197,0.27611285,-0.18375556,-0.22034097,0.26470384,-0.19570187
-0.22280604,0.29893965,-0.18787995,-0.2162553,0.28633344,-0.20169544,-0.22819197,0.27611285,-0.18375556
-0.15791513,0.48168144,-0.018098615,-0.13771959,0.48912802,-0.04488894,-0.15949237,0.47471794,-0.046150424
-0.16556981,0.37285498,-0.15468347,-0.15529685,0.3903875,-0.16273503,-0.15709351,0.37180653,-0.16549967
-0.16556981,0.37285498,-0.15468347,-0.16385646,0.39918533,-0.14705068,-0.15529685,0.3903875,-0.16273503
-0.14495246,0.429679,-0.14509699,-0.13466503,0.39661446,-0.18565366,-0.15529685,0.3903875,-0.16273503
-0.16385646,0.39918533,-0.14705068,-0.14495246,0.429679,-0.14509699,-0.15529685,0.3903875,-0.16273503
-0.09891744,0.48458496,-0.11035091,-0.09584447,0.46914706,-0.13881716,-0.12236915,0.4632363,-0.13065663
-0.22534838,0.3866389,-3.5370886E-4,-0.21966043,0.4040555,0.028419182,-0.2118705,0.41181096,0.0037609413
-0.24433199,0.15890378,0.14884993,-0.2329402,0.1864624,0.16513003,-0.23856625,0.15955055,0.1387282
-0.23268853,0.14549574,0.12002642,-0.22608556,0.13225296,0.103052445,-0.23445743,0.122787446,0.11054091
-0.19387694,0.09735151,-0.16536817,-0.20885003,0.11842984,-0.16310227,-0.1945144,0.122141,-0.17777507
-0.20885003,0.11842984,-0.16310227,-0.20894584,0.13746604,-0.17176917,-0.1945144,0.122141,-0.17777507
-0.2071395,0.17791954,-0.1862914,-0.2241062,0.19463179,-0.16983344,-0.21362759,0.20443976,-0.18411213
-0.2241062,0.19463179,-0.16983344,-0.2248525,0.21591875,-0.17906177,-0.21362759,0.20443976,-0.18411213
-0.2248525,0.21591875,-0.17906177,-0.23424761,0.23171547,-0.17302111,-0.21990906,0.23291081,-0.19163874
-0.21990906,0.23291081,-0.19163874,-0.23424761,0.23171547,-0.17302111,-0.23242064,0.24938574,-0.18012916
-0.22566648,0.31183183,-0.17582206,-0.21535645,0.30910861,-0.19317856,-0.22280604,0.29893965,-0.18787995
-0.22566648,0.31183183,-0.17582206,-0.20910211,0.32293817,-0.1853064,-0.21535645,0.30910861,-0.19317856
-0.14052792,0.2851811,0.18638307,-0.11933462,0.28476524,0.19472696,-0.1289808,0.3181534,0.18778165
-0.25265437,0.25499144,-0.13814035,-0.24705978,0.27393904,-0.14533171,-0.24581505,0.24519119,-0.15642814
-0.09891744,0.48458496,-0.11035091,-0.12236915,0.4632363,-0.13065663,-0.12035537,0.48208585,-0.09715961
-0.2504481,0.13508993,-0.096452646,-0.24370164,0.1226801,-0.123500995,-0.24066086,0.111513555,-0.11291679
-0.23927452,0.15709284,-0.14402056,-0.25863624,0.16350004,-0.11472692,-0.23821203,0.1774449,-0.15155138
-0.25959772,0.26922783,-0.12308848,-0.24705978,0.27393904,-0.14533171,-0.25265437,0.25499144,-0.13814035
-0.18796712,0.43367812,-0.05699894,-0.17725159,0.4549094,-0.047770772,-0.17279914,0.45013174,-0.06712714
0.259672,0.5938903,-0.22908586,0.29007143,0.5935769,-0.22636095,0.28578967,0.61228657,-0.21064915
-0.19387694,0.09735151,-0.16536817,-0.2104353,0.10084656,-0.14911567,-0.20885003,0.11842984,-0.16310227
-0.113896854,0.5020932,-0.0039093904,-0.10274053,0.5038396,-0.03122995,-0.13636371,0.49472865,-0.019808553
-0.113896854,0.5020932,-0.0039093904,-0.1176439,0.49790356,0.015009142,-0.08824643,0.5039581,0.016031545
-0.22819197,0.27611285,-0.18375556,-0.22893518,0.29413384,-0.17555189,-0.22280604,0.29893965,-0.18787995
-0.22893518,0.29413384,-0.17555189,-0.22566648,0.31183183,-0.17582206,-0.22280604,0.29893965,-0.18787995
-0.1101713,0.31344277,0.1947435,-0.119243115,0.3474337,0.18194844,-0.1289808,0.3181534,0.18778165
-0.17828664,0.36522654,-0.13204427,-0.16556981,0.37285498,-0.15468347,-0.17154834,0.35539064,-0.15085614
-0.17828664,0.36522654,-0.13204427,-0.17319603,0.38714066,-0.13934356,-0.16556981,0.37285498,-0.15468347
-0.17319603,0.38714066,-0.13934356,-0.16385646,0.39918533,-0.14705068,-0.16556981,0.37285498,-0.15468347
-0.14535731,0.4600545,-0.10881134,-0.12236915,0.4632363,-0.13065663,-0.13069743,0.44812873,-0.14375907
0.13734156,0.5812807,-0.43927634,0.105393544,0.5771589,-0.45887005,0.13184068,0.5924294,-0.44460434
-0.19166991,0.07641554,-0.18281135,-0.1977352,0.07518099,-0.13555647,-0.1840786,0.08946204,-0.16705646
0.164474,0.21419933,-0.13285327,0.16873793,0.23195058,-0.12861578,0.1595149,0.20533827,-0.11727199
-0.22350243,0.3270013,-0.16162403,-0.20910211,0.32293817,-0.1853064,-0.22566648,0.31183183,-0.17582206
-0.17099752,0.40919062,-0.12794156,-0.14495246,0.429679,-0.14509699,-0.16385646,0.39918533,-0.14705068
-0.15892038,0.43467084,-0.121285774,-0.13069743,0.44812873,-0.14375907,-0.14495246,0.429679,-0.14509699
-0.15892038,0.43467084,-0.121285774,-0.14535731,0.4600545,-0.10881134,-0.13069743,0.44812873,-0.14375907
-0.23097646,0.13879824,-0.14163153,-0.24255362,0.14171705,-0.124030754,-0.23927452,0.15709284,-0.14402056
-0.21822153,0.085965306,-0.11291711,-0.2383643,0.10052341,-0.10791578,-0.23173004,0.10623711,-0.13115712
-0.25959772,0.26922783,-0.12308848,-0.26286384,0.2816976,-0.112129346,-0.24705978,0.27393904,-0.14533171
-0.17725159,0.4549094,-0.047770772,-0.17792219,0.46108392,-0.032434173,-0.15949237,0.47471794,-0.046150424
-0.1977352,0.07518099,-0.13555647,-0.19657418,0.0820826,-0.13768062,-0.1840786,0.08946204,-0.16705646
-0.1840786,0.08946204,-0.16705646,-0.19657418,0.0820826,-0.13768062,-0.19387694,0.09735151,-0.16536817
-0.03309796,0.09584509,-0.31300333,-0.036916897,0.09177768,-0.3348371,-0.048563465,0.09191939,-0.33292145
-0.21500213,0.15817514,-0.17833951,-0.22811788,0.1507971,-0.16204508,-0.21996954,0.17371228,-0.17394008
-0.23821203,0.1774449,-0.15155138,-0.2241062,0.19463179,-0.16983344,-0.21996954,0.17371228,-0.17394008
-0.2248525,0.21591875,-0.17906177,-0.24274257,0.21959794,-0.16257912,-0.23424761,0.23171547,-0.17302111
-0.23424761,0.23171547,-0.17302111,-0.24581505,0.24519119,-0.15642814,-0.23242064,0.24938574,-0.18012916
-0.23242064,0.24938574,-0.18012916,-0.23845553,0.26995233,-0.16704318,-0.22819197,0.27611285,-0.18375556
-0.23845553,0.26995233,-0.16704318,-0.22893518,0.29413384,-0.17555189,-0.22819197,0.27611285,-0.18375556
-0.17841369,0.37583092,-0.13307199,-0.17319603,0.38714066,-0.13934356,-0.17828664,0.36522654,-0.13204427
-0.17099752,0.40919062,-0.12794156,-0.15892038,0.43467084,-0.121285774,-0.14495246,0.429679,-0.14509699
-0.13682978,0.14972308,0.2519277,-0.15947615,0.15252301,0.25302237,-0.14663556,0.13006103,0.24765776
-0.266171,0.2670312,-0.09900492,-0.26286384,0.2816976,-0.112129346,-0.25959772,0.26922783,-0.12308848
-0.266171,0.2670312,-0.09900492,-0.25959772,0.26922783,-0.12308848,-0.2596683,0.2455284,-0.11483243
-0.19657418,0.0820826,-0.13768062,-0.2104353,0.10084656,-0.14911567,-0.19387694,0.09735151,-0.16536817
-0.20885003,0.11842984,-0.16310227,-0.22811788,0.1507971,-0.16204508,-0.20894584,0.13746604,-0.17176917
-0.2241062,0.19463179,-0.16983344,-0.24485937,0.21092167,-0.15837008,-0.2248525,0.21591875,-0.17906177
-0.2248525,0.21591875,-0.17906177,-0.24485937,0.21092167,-0.15837008,-0.24274257,0.21959794,-0.16257912
-0.24581505,0.24519119,-0.15642814,-0.23845553,0.26995233,-0.16704318,-0.23242064,0.24938574,-0.18012916
-0.23941793,0.30207622,-0.15702762,-0.22893518,0.29413384,-0.17555189,-0.23845553,0.26995233,-0.16704318
-0.23941793,0.30207622,-0.15702762,-0.22566648,0.31183183,-0.17582206,-0.22893518,0.29413384,-0.17555189
-0.23724787,0.31617504,-0.15035331,-0.22350243,0.3270013,-0.16162403,-0.22566648,0.31183183,-0.17582206
-0.19539322,0.35106513,-0.1400721,-0.17154834,0.35539064,-0.15085614,-0.1885836,0.33510807,-0.18323708
-0.17099752,0.40919062,-0.12794156,-0.16385646,0.39918533,-0.14705068,-0.17319603,0.38714066,-0.13934356
-0.13930906,0.47142717,-0.0955601,-0.12236915,0.4632363,-0.13065663,-0.14535731,0.4600545,-0.10881134
-0.13930906,0.47142717,-0.0955601,-0.12035537,0.48208585,-0.09715961,-0.12236915,0.4632363,-0.13065663
-0.248137,0.15156305,0.15758203,-0.24365196,0.17163533,0.17054024,-0.24433199,0.15890378,0.14884993
-0.19621406,0.06285711,-0.18213065,-0.1977352,0.07518099,-0.13555647,-0.19166991,0.07641554,-0.18281135
-0.22811788,0.1507971,-0.16204508,-0.23821203,0.1774449,-0.15155138,-0.21996954,0.17371228,-0.17394008
-0.24009211,0.27216452,-0.1589055,-0.23941793,0.30207622,-0.15702762,-0.23845553,0.26995233,-0.16704318
-0.22566648,0.31183183,-0.17582206,-0.23941793,0.30207622,-0.15702762,-0.23724787,0.31617504,-0.15035331
0.12592302,0.5749328,-0.23886265,0.12095577,0.55462754,-0.2360408,0.13847077,0.5569606,-0.24500161
-0.184106,0.35608253,-0.12725584,-0.17154834,0.35539064,-0.15085614,-0.19539322,0.35106513,-0.1400721
-0.15892038,0.43467084,-0.121285774,-0.16426203,0.44562587,-0.10020275,-0.14535731,0.4600545,-0.10881134
-0.1600153,0.16549629,0.25289962,-0.15636688,0.19033793,0.24810134,-0.17211461,0.18211588,0.24839711
-0.26641878,0.18292058,-0.070821874,-0.2607043,0.19003016,-0.10106294,-0.26410788,0.17350063,-0.0934761
-0.19657418,0.0820826,-0.13768062,-0.21822153,0.085965306,-0.11291711,-0.2104353,0.10084656,-0.14911567
-0.2104353,0.10084656,-0.14911567,-0.23131505,0.12233749,-0.14003588,-0.20885003,0.11842984,-0.16310227
-0.20885003,0.11842984,-0.16310227,-0.23097646,0.13879824,-0.14163153,-0.22811788,0.1507971,-0.16204508
-0.22811788,0.1507971,-0.16204508,-0.23927452,0.15709284,-0.14402056,-0.23821203,0.1774449,-0.15155138
-0.2241062,0.19463179,-0.16983344,-0.24310122,0.198275,-0.14982104,-0.24485937,0.21092167,-0.15837008
-0.24581505,0.24519119,-0.15642814,-0.24009211,0.27216452,-0.1589055,-0.23845553,0.26995233,-0.16704318
0.33701152,0.59827757,-0.2342425,0.3545972,0.60609233,-0.21049222,0.33272392,0.5996139,-0.2169227
-0.24705978,0.27393904,-0.14533171,-0.2500002,0.295466,-0.13225783,-0.23941793,0.30207622,-0.15702762
-0.20885003,0.11842984,-0.16310227,-0.23131505,0.12233749,-0.14003588,-0.23097646,0.13879824,-0.14163153
-0.23097646,0.13879824,-0.14163153,-0.23927452,0.15709284,-0.14402056,-0.22811788,0.1507971,-0.16204508
-0.23821203,0.1774449,-0.15155138,-0.24310122,0.198275,-0.14982104,-0.2241062,0.19463179,-0.16983344
-0.24274257,0.21959794,-0.16257912,-0.25517693,0.22855344,-0.14606056,-0.23424761,0.23171547,-0.17302111
-0.25517693,0.22855344,-0.14606056,-0.24581505,0.24519119,-0.15642814,-0.23424761,0.23171547,-0.17302111
-0.24581505,0.24519119,-0.15642814,-0.24705978,0.27393904,-0.14533171,-0.24009211,0.27216452,-0.1589055
0.14012864,0.34773487,-0.4293158,0.119323306,0.36573163,-0.43345496,0.13482247,0.3796995,-0.42127106
-0.22947139,0.07877919,-0.030849144,-0.22206934,0.070625454,-0.059717745,-0.23199297,0.063584745,-0.03381274
-0.19573767,0.37233654,-0.097954266,-0.1933367,0.39662656,-0.090323634,-0.18488494,0.40716437,-0.10466266
-0.2658601,0.25378087,-0.08747332,-0.2691553,0.28013644,-0.07373656,-0.266171,0.2670312,-0.09900492
0.11010577,0.76187944,-0.0601211,0.09853102,0.7548418,-0.08688393,0.10697623,0.73466337,-0.08266107
-0.266171,0.2670312,-0.09900492,-0.2691553,0.28013644,-0.07373656,-0.2679636,0.2821361,-0.09157133
0.08747787,0.69113684,-0.20067555,0.08738848,0.71445334,-0.16469091,0.09993151,0.6909859,-0.2076124
-0.24372736,0.3524343,0.046572477,-0.24504505,0.35444948,0.023217507,-0.25344664,0.3335634,0.03412825
0.061697856,0.64049435,-0.14444518,0.06346226,0.64200056,-0.11010331,0.06122073,0.64816904,-0.11636231
-0.25791758,0.145812,-0.07106957,-0.26380432,0.16367632,-0.07634021,-0.25933823,0.15148714,-0.09385205
-0.18980524,0.026232034,-0.18073773,-0.19973579,0.02988799,-0.15311751,-0.19371635,0.031447694,-0.19623888
-0.2544432,0.3400844,0.009003796,-0.2500711,0.35209808,-0.011694141,-0.26044792,0.3261147,0.0024614334
0.165893,0.55188143,-0.26098487,0.18032494,0.5517268,-0.27402997,0.1747537,0.5670825,-0.26508006
-0.24318036,0.17348579,0.18413053,-0.24365196,0.17163533,0.17054024,-0.24721429,0.15695775,0.1777969
-0.27014634,0.21533114,-0.039330795,-0.27519423,0.22903293,-0.036642574,-0.2739001,0.2332586,-0.058564037
-0.24560004,0.14171442,0.18144464,-0.24721429,0.15695775,0.1777969,-0.24791941,0.13654041,0.15986699
-0.22442926,0.15787432,0.1147864,-0.2310451,0.1718063,0.10739358,-0.23767227,0.15531352,0.09071753
-0.08209069,0.2919501,0.20363441,-0.11933462,0.28476524,0.19472696,-0.089569636,0.27602127,0.20233327
-0.103149444,0.037757844,-0.27258748,-0.09591472,0.06549445,-0.27874964,-0.09980769,0.031431988,-0.2923271
-0.2403275,0.16845572,0.19733708,-0.24721429,0.15695775,0.1777969,-0.24560004,0.14171442,0.18144464
-0.24560004,0.14171442,0.18144464,-0.24791941,0.13654041,0.15986699,-0.2409375,0.11638349,0.16908443
0.13502985,0.63594425,-0.15134497,0.13795778,0.65744877,-0.121406384,0.12460137,0.63457346,-0.1255795
-0.24870269,0.11261955,-0.04604157,-0.24376106,0.10660651,-0.0135535225,-0.25634265,0.12583253,-0.021070808
0.074672595,0.6718029,-0.19077545,0.07215973,0.6595684,-0.20837481,0.06929131,0.63475287,-0.21863516
-0.26044792,0.3261147,0.0024614334,-0.2500711,0.35209808,-0.011694141,-0.25619918,0.33301237,-0.012975052
0.013754457,0.088035494,0.15587229,-0.006670285,0.07065055,0.13405702,0.028974146,0.0749625,0.13778922
0.03910873,0.1567285,0.17072468,0.011734977,0.1525904,0.17892721,0.0051409453,0.13650194,0.17406929
-0.10345945,0.25471315,0.19960213,-0.10368529,0.2708919,0.19764844,-0.11933462,0.28476524,0.19472696
0.06654074,0.65517247,-0.09720725,0.074968725,0.6570209,-0.1260999,0.06122073,0.64816904,-0.11636231
-0.25827172,0.15691444,-0.048229694,-0.26513243,0.18134943,-0.0402209,-0.2633557,0.17101792,-0.05973713
0.07061644,0.5641762,-0.24102068,0.040298328,0.55799496,-0.2622008,0.049305934,0.5377487,-0.24617437
0.17617023,0.020681486,-0.17944449,0.16889991,0.029679358,-0.1988334,0.16626072,0.030583233,-0.18329683
-0.06815764,0.50027907,-0.44057113,-0.05453697,0.5408828,-0.42518443,-0.05973421,0.5253738,-0.44644964
-0.18796712,0.43367812,-0.05699894,-0.19666293,0.41681114,-0.051659003,-0.2002965,0.41831872,-0.027786382
-0.24870269,0.11261955,-0.04604157,-0.2547582,0.1317519,-0.044325143,-0.258369,0.13339171,-0.063804865
0.07119103,0.5779803,-0.23539722,0.06016715,0.59567595,-0.24585141,0.050672308,0.57601094,-0.2604444
-0.18921101,0.035184547,-0.22668093,-0.17812479,0.030920237,-0.23995227,-0.18492736,0.028164536,-0.22095259
-0.06815764,0.50027907,-0.44057113,-0.07149489,0.48743382,-0.4169597,-0.059455365,0.52214277,-0.4199604
-0.059455365,0.52214277,-0.4199604,-0.05453697,0.5408828,-0.42518443,-0.06815764,0.50027907,-0.44057113
-0.04386652,0.39831045,0.16551726,-0.07071521,0.3744355,0.17683491,-0.046621602,0.36864218,0.18186812
-0.081223875,0.46446434,-0.4230899,-0.0777172,0.46685597,-0.40975562,-0.07149489,0.48743382,-0.4169597
0.108514175,0.1021277,-0.26795936,0.092659965,0.11735314,-0.26713642,0.11739863,0.1221219,-0.26034054
-0.19834235,0.44248596,0.013303928,-0.19377027,0.44450763,-0.0044223294,-0.2118705,0.41181096,0.0037609413
-0.24448419,0.3352699,0.0683283,-0.22908893,0.38259676,0.048771195,-0.23439252,0.36800262,0.04322935
-0.25634265,0.12583253,-0.021070808,-0.25824657,0.1412189,-0.030021898,-0.2547582,0.1317519,-0.044325143
0.074968725,0.6570209,-0.1260999,0.091819525,0.67240787,-0.123731114,0.075871244,0.64931846,-0.16934022
-0.025084972,0.4018635,-0.36929885,-0.020041332,0.40110877,-0.3952615,-0.012217104,0.3932893,-0.39416948
0.11827597,0.6582264,-0.07413373,0.12311352,0.67547476,-0.049139645,0.1085181,0.6656172,-0.033548005
-0.22905847,0.11573705,0.19815695,-0.2409375,0.11638349,0.16908443,-0.22377655,0.09428689,0.17701471
0.15030056,0.21512598,-0.37913057,0.150265,0.19913223,-0.35627896,0.12332052,0.19828436,-0.3778438
-0.08046526,0.44757625,-0.41402894,-0.0777172,0.46685597,-0.40975562,-0.081223875,0.46446434,-0.4230899
-0.07149489,0.48743382,-0.4169597,-0.053861216,0.51053,-0.40005246,-0.059455365,0.52214277,-0.4199604
-0.22442926,0.15787432,0.1147864,-0.22172238,0.16897905,0.12949437,-0.21681312,0.1835385,0.13135476
-0.258369,0.13339171,-0.063804865,-0.2547582,0.1317519,-0.044325143,-0.25827172,0.15691444,-0.048229694
0.091819525,0.67240787,-0.123731114,0.0963775,0.6820924,-0.12832972,0.09085222,0.6746776,-0.15135142
-0.07133086,0.43759778,-0.401515,-0.0760984,0.4323525,-0.4189589,-0.06348573,0.42120436,-0.40936178
-0.07133086,0.43759778,-0.401515,-0.08046526,0.44757625,-0.41402894,-0.0760984,0.4323525,-0.4189589
-0.059455365,0.52214277,-0.4199604,-0.04446964,0.5575162,-0.4007935,-0.05453697,0.5408828,-0.42518443
0.074968725,0.6570209,-0.1260999,0.075871244,0.64931846,-0.16934022,0.063666835,0.64743495,-0.15153612
-0.070753604,0.46219465,-0.3945517,-0.0777172,0.46685597,-0.40975562,-0.08046526,0.44757625,-0.41402894
-0.059455365,0.52214277,-0.4199604,-0.053861216,0.51053,-0.40005246,-0.04446964,0.5575162,-0.4007935
-0.18588832,0.22039759,0.16607076,-0.19009328,0.2666919,0.15943478,-0.2040346,0.22758353,0.14870322
-0.22377655,0.09428689,0.17701471,-0.21518192,0.07312718,0.14459535,-0.20216066,0.07286815,0.17281467
-0.06107995,0.44997296,-0.38291112,-0.08046526,0.44757625,-0.41402894,-0.07133086,0.43759778,-0.401515
-0.06107995,0.44997296,-0.38291112,-0.070753604,0.46219465,-0.3945517,-0.08046526,0.44757625,-0.41402894
-0.070753604,0.46219465,-0.3945517,-0.064361915,0.4814044,-0.3921491,-0.0777172,0.46685597,-0.40975562
-0.0777172,0.46685597,-0.40975562,-0.064361915,0.4814044,-0.3921491,-0.07149489,0.48743382,-0.4169597
-0.07149489,0.48743382,-0.4169597,-0.064361915,0.4814044,-0.3921491,-0.053861216,0.51053,-0.40005246
-0.23740475,0.15696484,0.20360515,-0.24560004,0.14171442,0.18144464,-0.23555005,0.13485411,0.19889893
-0.23740475,0.15696484,0.20360515,-0.2403275,0.16845572,0.19733708,-0.24560004,0.14171442,0.18144464
-0.24240631,0.1783922,0.09160954,-0.2494722,0.18334806,0.07614893,-0.24727681,0.15815014,0.073725715
-0.2322587,0.3247715,0.1005134,-0.21117786,0.35629848,0.113909185,-0.22913617,0.34597737,0.09074091
-0.2118705,0.41181096,0.0037609413,-0.19377027,0.44450763,-0.0044223294,-0.1994452,0.42857477,-0.015302278
0.1868048,0.3181534,-0.1100929,0.18583448,0.34592316,-0.12625559,0.1787565,0.32979295,-0.095242
-0.0421959,0.4164752,-0.38804013,-0.06348573,0.42120436,-0.40936178,-0.047799245,0.4102507,-0.41035208
-0.047803745,0.42857262,-0.37968105,-0.07133086,0.43759778,-0.401515,-0.06348573,0.42120436,-0.40936178
-0.053861216,0.51053,-0.40005246,-0.038075402,0.55056393,-0.38499373,-0.04446964,0.5575162,-0.4007935
-0.15947615,0.15252301,0.25302237,-0.18294075,0.15823278,0.24823704,-0.17497122,0.13181391,0.24361686
-0.2403275,0.16845572,0.19733708,-0.23352775,0.18829963,0.19846387,-0.24318036,0.17348579,0.18413053
-0.24280936,0.22824717,0.093327396,-0.249114,0.2493824,0.08193994,-0.25148553,0.21538335,0.07234495
-0.26351285,0.26276627,0.028885514,-0.26140487,0.2900554,0.02795095,-0.26651296,0.29241145,0.011126287
-0.24721429,0.15695775,0.1777969,-0.24365196,0.17163533,0.17054024,-0.248137,0.15156305,0.15758203
-0.24318036,0.17348579,0.18413053,-0.23352775,0.18829963,0.19846387,-0.2317771,0.19398358,0.18885177
-0.0421959,0.4164752,-0.38804013,-0.047803745,0.42857262,-0.37968105,-0.06348573,0.42120436,-0.40936178
-0.06107995,0.44997296,-0.38291112,-0.07133086,0.43759778,-0.401515,-0.047803745,0.42857262,-0.37968105
-0.064361915,0.4814044,-0.3921491,-0.044299453,0.5018538,-0.37660354,-0.053861216,0.51053,-0.40005246
-0.25698346,0.1432718,8.638054E-4,-0.25733855,0.1684725,0.00900884,-0.26042077,0.15437984,-0.0080265775
-0.2505529,0.27219602,0.076569594,-0.24334075,0.28744966,0.09287885,-0.2584453,0.28466424,0.06288673
-0.070753604,0.46219465,-0.3945517,-0.05468169,0.46867827,-0.37143037,-0.064361915,0.4814044,-0.3921491
-0.038075402,0.55056393,-0.38499373,-0.028743386,0.58473647,-0.37209177,-0.04446964,0.5575162,-0.4007935
0.1486215,0.38290176,-0.04738533,0.13633484,0.38346282,-0.02648658,0.14934564,0.36391565,-0.03693567
-0.24460903,0.1137552,0.14438075,-0.2409375,0.11638349,0.16908443,-0.24791941,0.13654041,0.15986699
-0.27519423,0.22903293,-0.036642574,-0.2759311,0.24758276,-0.038199462,-0.2739001,0.2332586,-0.058564037
0.13267304,0.7731819,-0.018575184,0.13001882,0.74395204,-0.006946724,0.14105363,0.7496041,0.008660782
-0.24791941,0.13654041,0.15986699,-0.24721429,0.15695775,0.1777969,-0.248137,0.15156305,0.15758203
-0.070753604,0.46219465,-0.3945517,-0.06107995,0.44997296,-0.38291112,-0.05468169,0.46867827,-0.37143037
-0.044299453,0.5018538,-0.37660354,-0.03452885,0.5231813,-0.37685663,-0.053861216,0.51053,-0.40005246
-0.053861216,0.51053,-0.40005246,-0.03452885,0.5231813,-0.37685663,-0.038075402,0.55056393,-0.38499373
-0.26675496,0.29796967,-0.06359466,-0.26341277,0.30164024,-0.07940781,-0.2679636,0.2821361,-0.09157133
-0.25827172,0.15691444,-0.048229694,-0.25929186,0.16925663,-0.01739055,-0.26513243,0.18134943,-0.0402209
-0.22377655,0.09428689,0.17701471,-0.2409375,0.11638349,0.16908443,-0.23360449,0.094849795,0.15179244
0.10236505,0.6914573,-0.05893945,0.11327145,0.706553,-0.0072519258,0.11881619,0.7252469,-0.028902568
-0.02714917,0.41371247,-0.3699448,-0.0421959,0.4164752,-0.38804013,-0.020041332,0.40110877,-0.3952615
-0.025084972,0.4018635,-0.36929885,-0.02714917,0.41371247,-0.3699448,-0.020041332,0.40110877,-0.3952615
-0.05468169,0.46867827,-0.37143037,-0.044299453,0.5018538,-0.37660354,-0.064361915,0.4814044,-0.3921491
-0.22503209,0.2443074,0.12328764,-0.24334075,0.28744966,0.09287885,-0.24280936,0.22824717,0.093327396
-0.047803745,0.42857262,-0.37968105,-0.0421959,0.4164752,-0.38804013,-0.02714917,0.41371247,-0.3699448
-0.03452885,0.5231813,-0.37685663,-0.023340166,0.5389006,-0.3627237,-0.038075402,0.55056393,-0.38499373
0.18583448,0.34592316,-0.12625559,0.17933798,0.36669937,-0.12748025,0.1666798,0.378916,-0.102155626
-0.2310451,0.1718063,0.10739358,-0.23564792,0.2014741,0.10504601,-0.24240631,0.1783922,0.09160954
-0.23370367,0.1065889,0.033856213,-0.23509601,0.114319205,0.057149,-0.24540254,0.13062623,0.038931526
-0.23426366,0.054046437,-0.0084235445,-0.23117958,0.050807655,0.00544893,-0.2335316,0.06810841,0.009492986
-0.2335316,0.06810841,0.009492986,-0.22894892,0.081633046,0.029667914,-0.23465896,0.07124804,-0.011749923
-0.22894892,0.081633046,0.029667914,-0.23036857,0.09063634,0.0055271685,-0.23465896,0.07124804,-0.011749923
-0.22269309,0.072738945,0.040895693,-0.23509601,0.114319205,0.057149,-0.22894892,0.081633046,0.029667914
0.032908045,0.09184779,0.15386783,0.013754457,0.088035494,0.15587229,0.028974146,0.0749625,0.13778922
-0.040375233,0.43508253,-0.36193776,-0.06107995,0.44997296,-0.38291112,-0.047803745,0.42857262,-0.37968105
-0.040375233,0.43508253,-0.36193776,-0.04822728,0.44991186,-0.3562498,-0.06107995,0.44997296,-0.38291112
-0.04822728,0.44991186,-0.3562498,-0.05468169,0.46867827,-0.37143037,-0.06107995,0.44997296,-0.38291112
-0.05468169,0.46867827,-0.37143037,-0.04796572,0.48630938,-0.3592605,-0.044299453,0.5018538,-0.37660354
-0.04796572,0.48630938,-0.3592605,-0.037002236,0.5089164,-0.36043108,-0.044299453,0.5018538,-0.37660354
-0.044299453,0.5018538,-0.37660354,-0.037002236,0.5089164,-0.36043108,-0.03452885,0.5231813,-0.37685663
-0.037002236,0.5089164,-0.36043108,-0.02482365,0.52998877,-0.36001357,-0.03452885,0.5231813,-0.37685663
-0.03452885,0.5231813,-0.37685663,-0.02482365,0.52998877,-0.36001357,-0.023340166,0.5389006,-0.3627237
-0.023340166,0.5389006,-0.3627237,-0.025343776,0.55423903,-0.3619315,-0.038075402,0.55056393,-0.38499373
-0.025343776,0.55423903,-0.3619315,-0.028743386,0.58473647,-0.37209177,-0.038075402,0.55056393,-0.38499373
-0.23370367,0.1065889,0.033856213,-0.24540254,0.13062623,0.038931526,-0.24700753,0.124792874,0.012028493
-0.2310451,0.1718063,0.10739358,-0.24240631,0.1783922,0.09160954,-0.23767227,0.15531352,0.09071753
-0.11950746,0.076325,0.21274969,-0.11987988,0.092426,0.22757801,-0.1412502,0.08873844,0.22555935
-0.23509601,0.114319205,0.057149,-0.23370367,0.1065889,0.033856213,-0.22894892,0.081633046,0.029667914
-0.02714917,0.41371247,-0.3699448,-0.040375233,0.43508253,-0.36193776,-0.047803745,0.42857262,-0.37968105
-0.028680444,0.5759994,-0.35719335,-0.028743386,0.58473647,-0.37209177,-0.025343776,0.55423903,-0.3619315
0.1666798,0.378916,-0.102155626,0.17933798,0.36669937,-0.12748025,0.17439765,0.38757262,-0.12505117
-0.23851006,0.37084153,-0.0040087104,-0.24504505,0.35444948,0.023217507,-0.22534838,0.3866389,-3.5370886E-4
-0.25619918,0.33301237,-0.012975052,-0.2627902,0.3067748,-0.011790939,-0.26044792,0.3261147,0.0024614334
-0.04822728,0.44991186,-0.3562498,-0.051381722,0.46700504,-0.34642133,-0.05468169,0.46867827,-0.37143037
-0.051381722,0.46700504,-0.34642133,-0.04796572,0.48630938,-0.3592605,-0.05468169,0.46867827,-0.37143037
4.4560432E-4,0.5908613,-0.44125274,-0.0196767,0.5782927,-0.44194463,-0.006504789,0.5969306,-0.42418176
-0.082782134,0.03841555,-0.35728782,-0.08808218,0.05659929,-0.33946168,-0.07886073,0.054594144,-0.35932815
-0.092718475,0.04156144,-0.33150956,-0.08808218,0.05659929,-0.33946168,-0.082782134,0.03841555,-0.35728782
-0.08562073,0.0906941,0.2140329,-0.11987988,0.092426,0.22757801,-0.11950746,0.076325,0.21274969
0.14827056,0.18408716,-0.12359372,0.1595149,0.20533827,-0.11727199,0.15606445,0.1818259,-0.106217936
-0.2544432,0.3400844,0.009003796,-0.24504505,0.35444948,0.023217507,-0.23851006,0.37084153,-0.0040087104
-0.26090473,0.1500189,-0.021498106,-0.25929186,0.16925663,-0.01739055,-0.25824657,0.1412189,-0.030021898
-0.25929186,0.16925663,-0.01739055,-0.25827172,0.15691444,-0.048229694,-0.25824657,0.1412189,-0.030021898
0.0797486,0.6515626,-0.050955854,0.068508595,0.6443969,-0.084326774,0.07904889,0.63817203,-0.081142105
0.092810355,0.6813576,-0.027607735,0.0963468,0.68105996,-0.013158478,0.11327145,0.706553,-0.0072519258
0.39308536,0.6367413,-0.18190417,0.39529777,0.64286625,-0.16826142,0.38173303,0.62538373,-0.1858998
-0.029347703,0.41603985,-0.34578392,-0.035360083,0.42810032,-0.33669156,-0.040375233,0.43508253,-0.36193776
-0.02714917,0.41371247,-0.3699448,-0.029347703,0.41603985,-0.34578392,-0.040375233,0.43508253,-0.36193776
-0.040375233,0.43508253,-0.36193776,-0.035360083,0.42810032,-0.33669156,-0.04822728,0.44991186,-0.3562498
0.11128871,0.7196406,-0.072166786,0.12117916,0.7539015,-0.039762698,0.10697623,0.73466337,-0.08266107
-0.24376106,0.10660651,-0.0135535225,-0.24870269,0.11261955,-0.04604157,-0.23275422,0.09219499,-0.023013316
-0.17623399,0.46610942,-0.011070404,-0.17792219,0.46108392,-0.032434173,-0.19377027,0.44450763,-0.0044223294
-0.19377027,0.44450763,-0.0044223294,-0.17792219,0.46108392,-0.032434173,-0.1994452,0.42857477,-0.015302278
-0.26341003,0.29322344,-0.038223848,-0.25853732,0.31601778,-0.041433,-0.26675496,0.29796967,-0.06359466
-0.20249087,0.43281308,0.02977147,-0.19834235,0.44248596,0.013303928,-0.2118705,0.41181096,0.0037609413
-0.048722282,0.48117563,-0.3427461,-0.04796572,0.48630938,-0.3592605,-0.051381722,0.46700504,-0.34642133
-0.014486358,0.5549747,-0.33309802,-0.025343776,0.55423903,-0.3619315,-0.023340166,0.5389006,-0.3627237
-0.014486358,0.5549747,-0.33309802,-0.02401416,0.5642232,-0.3476658,-0.025343776,0.55423903,-0.3619315
-0.02401416,0.5642232,-0.3476658,-0.028680444,0.5759994,-0.35719335,-0.025343776,0.55423903,-0.3619315
-0.028680444,0.5759994,-0.35719335,-0.02169536,0.6019856,-0.34157804,-0.028743386,0.58473647,-0.37209177
0.10585316,0.56682813,-0.22810732,0.10760953,0.5886704,-0.19078553,0.09281425,0.58146966,-0.20428123
0.09281425,0.58146966,-0.20428123,0.08231607,0.59614253,-0.18211046,0.07304962,0.599807,-0.19641554
0.07837165,0.66625,-0.053175177,0.077776276,0.66252244,-0.08742588,0.070065156,0.65568995,-0.0649484
-0.035360083,0.42810032,-0.33669156,-0.041375622,0.4387156,-0.3331545,-0.04822728,0.44991186,-0.3562498
-0.041375622,0.4387156,-0.3331545,-0.044801407,0.45356312,-0.32852846,-0.04822728,0.44991186,-0.3562498
-0.04822728,0.44991186,-0.3562498,-0.044801407,0.45356312,-0.32852846,-0.051381722,0.46700504,-0.34642133
-0.048722282,0.48117563,-0.3427461,-0.039216243,0.49780348,-0.33015347,-0.04796572,0.48630938,-0.3592605
-0.03462945,0.51354873,-0.34287846,-0.037002236,0.5089164,-0.36043108,-0.04796572,0.48630938,-0.3592605
-0.039216243,0.49780348,-0.33015347,-0.03462945,0.51354873,-0.34287846,-0.04796572,0.48630938,-0.3592605
-0.017373994,0.5365542,-0.32209137,-0.037002236,0.5089164,-0.36043108,-0.03462945,0.51354873,-0.34287846
-0.017373994,0.5365542,-0.32209137,-0.02482365,0.52998877,-0.36001357,-0.037002236,0.5089164,-0.36043108
-0.016619474,0.5442749,-0.334386,-0.023340166,0.5389006,-0.3627237,-0.02482365,0.52998877,-0.36001357
-0.017373994,0.5365542,-0.32209137,-0.016619474,0.5442749,-0.334386,-0.02482365,0.52998877,-0.36001357
-0.023340166,0.5389006,-0.3627237,-0.016619474,0.5442749,-0.334386,-0.014486358,0.5549747,-0.33309802
-0.019831792,0.58186185,-0.33769998,-0.028680444,0.5759994,-0.35719335,-0.02401416,0.5642232,-0.3476658
-0.028680444,0.5759994,-0.35719335,-0.019831792,0.58186185,-0.33769998,-0.02169536,0.6019856,-0.34157804
-0.1411153,0.17079219,0.25223044,-0.13800104,0.18884954,0.24574077,-0.15636688,0.19033793,0.24810134
0.11757093,0.61026156,-0.16070151,0.12460137,0.63457346,-0.1255795,0.11238808,0.63790715,-0.10149475
-0.046599567,0.46689597,-0.32633552,-0.051381722,0.46700504,-0.34642133,-0.044801407,0.45356312,-0.32852846
-0.051381722,0.46700504,-0.34642133,-0.046599567,0.46689597,-0.32633552,-0.048722282,0.48117563,-0.3427461
-0.014486358,0.5549747,-0.33309802,-0.019831792,0.58186185,-0.33769998,-0.02401416,0.5642232,-0.3476658
-0.064177476,0.20466575,-0.31251696,-0.07539104,0.21718171,-0.31461015,-0.06400015,0.22343919,-0.34030738
-0.08681775,0.06550975,-0.3229346,-0.08808218,0.05659929,-0.33946168,-0.092718475,0.04156144,-0.33150956
-0.08681775,0.06550975,-0.3229346,-0.07920189,0.073614255,-0.33456558,-0.08808218,0.05659929,-0.33946168
-0.09090444,0.06898993,-0.2949494,-0.08681775,0.06550975,-0.3229346,-0.097646154,0.044195503,-0.30178863
0.07904889,0.63817203,-0.081142105,0.068508595,0.6443969,-0.084326774,0.07830864,0.6283847,-0.109414965
0.07837165,0.66625,-0.053175177,0.08929747,0.6744871,-0.06668891,0.077776276,0.66252244,-0.08742588
0.021399587,0.614885,-0.2938292,0.038875908,0.600683,-0.27227375,0.04698757,0.6136761,-0.27467814
-0.046599567,0.46689597,-0.32633552,-0.039216243,0.49780348,-0.33015347,-0.048722282,0.48117563,-0.3427461
-0.039216243,0.49780348,-0.33015347,-0.017373994,0.5365542,-0.32209137,-0.03462945,0.51354873,-0.34287846
-0.0028716587,0.026469693,0.10256876,-0.02883709,0.027837902,0.09972404,-0.036249723,0.02421993,0.09351048
-0.02340515,0.5980909,-0.37913585,-0.02169536,0.6019856,-0.34157804,-0.012466684,0.6140175,-0.34211564
-0.26351285,0.26276627,0.028885514,-0.26987824,0.272463,-4.2697042E-4,-0.27129564,0.2436246,0.0053664
-0.15991932,0.107890636,0.23812647,-0.17497122,0.13181391,0.24361686,-0.17460021,0.1025787,0.22977611
-0.2678453,0.28155714,-0.01721318,-0.26987824,0.272463,-4.2697042E-4,-0.2627902,0.3067748,-0.011790939
-0.22857133,0.042265296,-0.04054096,-0.23426366,0.054046437,-0.0084235445,-0.23465896,0.07124804,-0.011749923
0.0797486,0.6515626,-0.050955854,0.070065156,0.65568995,-0.0649484,0.068508595,0.6443969,-0.084326774
-0.039216243,0.49780348,-0.33015347,-0.028187737,0.51109886,-0.31176162,-0.017373994,0.5365542,-0.32209137
-0.014486358,0.5549747,-0.33309802,-0.014620557,0.57573366,-0.32501528,-0.019831792,0.58186185,-0.33769998
-0.09201884,0.026034892,-0.30201748,-0.07870425,0.025036544,-0.34371942,-0.07154327,0.022800103,-0.33466077
-0.13812998,0.107081294,0.2398187,-0.15991932,0.107890636,0.23812647,-0.1412502,0.08873844,0.22555935
-0.079449445,0.46272126,-0.4359705,-0.07149489,0.48743382,-0.4169597,-0.06815764,0.50027907,-0.44057113
0.092810355,0.6813576,-0.027607735,0.10236505,0.6914573,-0.05893945,0.08929747,0.6744871,-0.06668891
-0.26675496,0.29796967,-0.06359466,-0.25853732,0.31601778,-0.041433,-0.26011315,0.31536868,-0.05534466
-0.119243115,0.3474337,0.18194844,-0.10439691,0.36805406,0.17843091,-0.12485605,0.37773642,0.16533855
-0.25063995,0.11963779,-0.003216058,-0.25698346,0.1432718,8.638054E-4,-0.25634265,0.12583253,-0.021070808
0.15848465,0.06554811,-0.20441139,0.15042034,0.091353446,-0.21161708,0.14900401,0.087454244,-0.18474461
-0.26042077,0.15437984,-0.0080265775,-0.25929186,0.16925663,-0.01739055,-0.26090473,0.1500189,-0.021498106
-0.046599567,0.46689597,-0.32633552,-0.03823877,0.47829935,-0.3096678,-0.039216243,0.49780348,-0.33015347
-0.014620557,0.57573366,-0.32501528,-0.007890269,0.6000353,-0.31754673,-0.019831792,0.58186185,-0.33769998
-0.094343424,0.030482695,-0.32457632,-0.097646154,0.044195503,-0.30178863,-0.092718475,0.04156144,-0.33150956
-0.2759311,0.24758276,-0.038199462,-0.27260175,0.2504275,-0.055957206,-0.2739001,0.2332586,-0.058564037
-0.26341003,0.29322344,-0.038223848,-0.25778013,0.30449304,-0.029258862,-0.25853732,0.31601778,-0.041433
-0.20829064,0.06676145,0.056737408,-0.223178,0.10965404,0.079743564,-0.22269309,0.072738945,0.040895693
-0.21669666,0.3883126,0.07620479,-0.19898233,0.4113945,0.08692518,-0.21622334,0.4074801,0.05417411
-0.24721451,0.2061035,0.07908501,-0.25148553,0.21538335,0.07234495,-0.2523376,0.1852738,0.060127586
-0.26607454,0.19667727,-0.01595267,-0.27125442,0.22574589,-0.009065397,-0.27519423,0.22903293,-0.036642574
-0.25929186,0.16925663,-0.01739055,-0.2625406,0.20037994,-7.8710914E-4,-0.26607454,0.19667727,-0.01595267
-0.033828445,0.43875375,-0.3093348,-0.041375622,0.4387156,-0.3331545,-0.035360083,0.42810032,-0.33669156
-0.03432101,0.42258653,-0.32034257,-0.033828445,0.43875375,-0.3093348,-0.035360083,0.42810032,-0.33669156
-0.033828445,0.43875375,-0.3093348,-0.044801407,0.45356312,-0.32852846,-0.041375622,0.4387156,-0.3331545
-0.016619474,0.5442749,-0.334386,-0.017373994,0.5365542,-0.32209137,-0.014486358,0.5549747,-0.33309802
-0.0069236457,0.5633614,-0.30957565,-0.014620557,0.57573366,-0.32501528,-0.014486358,0.5549747,-0.33309802
-0.094343424,0.030482695,-0.32457632,-0.09980769,0.031431988,-0.2923271,-0.097646154,0.044195503,-0.30178863
-0.07855293,0.43951747,-0.43150216,-0.0760984,0.4323525,-0.4189589,-0.08046526,0.44757625,-0.41402894
-0.2205527,0.27778018,0.12900686,-0.24334075,0.28744966,0.09287885,-0.22503209,0.2443074,0.12328764
0.2827757,0.58700776,-0.25631016,0.25709495,0.58087194,-0.27228326,0.29229897,0.59235847,-0.26239425
-0.25698346,0.1432718,8.638054E-4,-0.26042077,0.15437984,-0.0080265775,-0.26090473,0.1500189,-0.021498106
-0.25634265,0.12583253,-0.021070808,-0.25698346,0.1432718,8.638054E-4,-0.26090473,0.1500189,-0.021498106
-0.26987824,0.272463,-4.2697042E-4,-0.2678453,0.28155714,-0.01721318,-0.27410817,0.25125325,-0.015790202
-0.032499567,0.45319006,-0.2940629,-0.046599567,0.46689597,-0.32633552,-0.044801407,0.45356312,-0.32852846
-0.046599567,0.46689597,-0.32633552,-0.032499567,0.45319006,-0.2940629,-0.03823877,0.47829935,-0.3096678
-0.0069236457,0.5633614,-0.30957565,-0.0041015297,0.5831157,-0.3091637,-0.014620557,0.57573366,-0.32501528
-0.014620557,0.57573366,-0.32501528,-0.0041015297,0.5831157,-0.3091637,-0.007890269,0.6000353,-0.31754673
0.071327455,0.6275132,-0.12901708,0.069933206,0.62237346,-0.15794803,0.07923161,0.6101719,-0.15660116
-0.25303602,0.16084805,0.041252874,-0.2523376,0.1852738,0.060127586,-0.25481647,0.18254891,0.036507748
0.0963775,0.6820924,-0.12832972,0.10040748,0.70056605,-0.11821304,0.09085222,0.6746776,-0.15135142
-0.14535731,0.4600545,-0.10881134,-0.15539968,0.46578726,-0.077713825,-0.13930906,0.47142717,-0.0955601
-0.25853732,0.31601778,-0.041433,-0.24758157,0.3336912,-0.050022356,-0.26011315,0.31536868,-0.05534466
0.10697623,0.73466337,-0.08266107,0.090507545,0.7309979,-0.11782192,0.09579955,0.71291614,-0.12017136
-0.22947139,0.07877919,-0.030849144,-0.23036857,0.09063634,0.0055271685,-0.23275422,0.09219499,-0.023013316
-0.27410817,0.25125325,-0.015790202,-0.2678453,0.28155714,-0.01721318,-0.26967487,0.26811582,-0.034237146
-0.240145,0.3668743,-0.026217818,-0.24233596,0.353821,-0.046027977,-0.2500711,0.35209808,-0.011694141
0.10236505,0.6914573,-0.05893945,0.11881619,0.7252469,-0.028902568,0.10651645,0.7015567,-0.086094886
0.11010577,0.76187944,-0.0601211,0.11778428,0.7771832,-0.043780502,0.10345957,0.76742935,-0.071456015
0.13766028,0.50977004,-0.4468486,0.13892812,0.52879965,-0.43507823,0.15756789,0.5098132,-0.43308938
-0.032499567,0.45319006,-0.2940629,-0.044801407,0.45356312,-0.32852846,-0.033828445,0.43875375,-0.3093348
-0.03823877,0.47829935,-0.3096678,-0.028187737,0.51109886,-0.31176162,-0.039216243,0.49780348,-0.33015347
-0.017373994,0.5365542,-0.32209137,-0.0069236457,0.5633614,-0.30957565,-0.014486358,0.5549747,-0.33309802
0.18709713,0.21535975,-0.1920419,0.18480866,0.20149457,-0.20285398,0.19561103,0.22852531,-0.18733777
-0.24727681,0.15815014,0.073725715,-0.2494722,0.18334806,0.07614893,-0.2523376,0.1852738,0.060127586
-0.2523376,0.1852738,0.060127586,-0.25485814,0.21750346,0.056708924,-0.2528246,0.20323548,0.039624996
-0.25481647,0.18254891,0.036507748,-0.2523376,0.1852738,0.060127586,-0.2528246,0.20323548,0.039624996
-0.0797884,0.051047534,0.16877374,-0.09244016,0.07265359,0.19852193,-0.10621672,0.059320703,0.18889795
-0.063243955,0.056010246,-0.36808515,-0.07886073,0.054594144,-0.35932815,-0.06578928,0.077185005,-0.35121322
-0.25778013,0.30449304,-0.029258862,-0.2500869,0.3355331,-0.030414082,-0.25853732,0.31601778,-0.041433
-0.26651296,0.29241145,0.011126287,-0.26044792,0.3261147,0.0024614334,-0.2627902,0.3067748,-0.011790939
-0.03134547,0.43856463,-0.28987294,-0.033828445,0.43875375,-0.3093348,-0.03432101,0.42258653,-0.32034257
-0.028187737,0.51109886,-0.31176162,-0.0074359924,0.5377344,-0.3005859,-0.017373994,0.5365542,-0.32209137
0.10827499,0.6869432,8.40798E-6,0.0963468,0.68105996,-0.013158478,0.09725339,0.6725,-0.013805218
-0.25344664,0.3335634,0.03412825,-0.25539273,0.31868073,0.05327034,-0.24372736,0.3524343,0.046572477
-0.26607454,0.19667727,-0.01595267,-0.27014634,0.21533114,-0.039330795,-0.26513243,0.18134943,-0.0402209
-0.13841937,0.35468885,0.17044042,-0.14636329,0.3914536,0.14537042,-0.16689013,0.3642108,0.14797705
-0.16082108,0.2907586,0.17442036,-0.19009328,0.2666919,0.15943478,-0.16978085,0.2435101,0.17374793
-0.25184494,0.1588692,0.058564782,-0.24727681,0.15815014,0.073725715,-0.2523376,0.1852738,0.060127586
-0.27014634,0.21533114,-0.039330795,-0.26607454,0.19667727,-0.01595267,-0.27519423,0.22903293,-0.036642574
-0.25929186,0.16925663,-0.01739055,-0.26607454,0.19667727,-0.01595267,-0.26513243,0.18134943,-0.0402209
-0.26651296,0.29241145,0.011126287,-0.2627902,0.3067748,-0.011790939,-0.26987824,0.272463,-4.2697042E-4
0.11010577,0.76187944,-0.0601211,0.10345957,0.76742935,-0.071456015,0.09853102,0.7548418,-0.08688393
0.10760953,0.5886704,-0.19078553,0.11757093,0.61026156,-0.16070151,0.10478927,0.62302315,-0.123372816
0.11769303,0.7326598,-0.044634346,0.12117916,0.7539015,-0.039762698,0.11128871,0.7196406,-0.072166786
0.1641175,0.10632643,-0.079990424,0.17736684,0.10736355,-0.05387944,0.17524818,0.0884625,-0.057856105
-0.032499567,0.45319006,-0.2940629,-0.031068355,0.4745672,-0.2926242,-0.03823877,0.47829935,-0.3096678
-0.031068355,0.4745672,-0.2926242,-0.02434279,0.497475,-0.2890908,-0.03823877,0.47829935,-0.3096678
-0.03823877,0.47829935,-0.3096678,-0.02434279,0.497475,-0.2890908,-0.028187737,0.51109886,-0.31176162
-0.028187737,0.51109886,-0.31176162,-0.009089597,0.5243306,-0.28968215,-0.0074359924,0.5377344,-0.3005859
-0.017373994,0.5365542,-0.32209137,-0.0074359924,0.5377344,-0.3005859,-0.0069236457,0.5633614,-0.30957565
0.069933206,0.62237346,-0.15794803,0.071327455,0.6275132,-0.12901708,0.061697856,0.64049435,-0.14444518
-0.26675186,0.27105588,-0.059931844,-0.26675496,0.29796967,-0.06359466,-0.2691553,0.28013644,-0.07373656
-0.2528246,0.20323548,0.039624996,-0.25485814,0.21750346,0.056708924,-0.2591397,0.22044238,0.032213032
-0.25539273,0.31868073,0.05327034,-0.25344664,0.3335634,0.03412825,-0.26090527,0.31066686,0.03045927
0.11769303,0.7326598,-0.044634346,0.11881619,0.7252469,-0.028902568,0.12117916,0.7539015,-0.039762698
-0.26314095,0.24499741,0.040848807,-0.27129564,0.2436246,0.0053664,-0.26551533,0.2276802,0.011798441
-0.03134547,0.43856463,-0.28987294,-0.032499567,0.45319006,-0.2940629,-0.033828445,0.43875375,-0.3093348
-0.02434279,0.497475,-0.2890908,-0.009089597,0.5243306,-0.28968215,-0.028187737,0.51109886,-0.31176162
0.070065156,0.65568995,-0.0649484,0.06654074,0.65517247,-0.09720725,0.068508595,0.6443969,-0.084326774
-0.24727681,0.15815014,0.073725715,-0.25184494,0.1588692,0.058564782,-0.24646723,0.1425763,0.06424378
-0.26208892,0.2948456,0.051842727,-0.25539273,0.31868073,0.05327034,-0.26090527,0.31066686,0.03045927
-0.26351285,0.26276627,0.028885514,-0.2604669,0.2747978,0.039728,-0.26140487,0.2900554,0.02795095
-0.2544432,0.3400844,0.009003796,-0.23851006,0.37084153,-0.0040087104,-0.2500711,0.35209808,-0.011694141
-0.24870269,0.11261955,-0.04604157,-0.25634265,0.12583253,-0.021070808,-0.2547582,0.1317519,-0.044325143
0.008555725,0.5990846,-0.2967857,-0.007890269,0.6000353,-0.31754673,-0.0041015297,0.5831157,-0.3091637
0.1306491,0.42375782,-0.45056602,0.093863085,0.42944464,-0.46296182,0.10432024,0.4410508,-0.4688376
-0.079449445,0.46272126,-0.4359705,-0.07855293,0.43951747,-0.43150216,-0.08046526,0.44757625,-0.41402894
-0.031068355,0.4745672,-0.2926242,-0.015352517,0.4800401,-0.2704966,-0.02434279,0.497475,-0.2890908
-0.10150297,0.4489759,-0.16576523,-0.09584447,0.46914706,-0.13881716,-0.058659237,0.45914742,-0.17398298
-0.22908893,0.38259676,0.048771195,-0.22946504,0.38083127,0.018413454,-0.23439252,0.36800262,0.04322935
0.35177416,0.6118388,-0.19673768,0.36892635,0.61794114,-0.18821335,0.36915928,0.62962234,-0.18009879
-0.22908893,0.38259676,0.048771195,-0.21966043,0.4040555,0.028419182,-0.22946504,0.38083127,0.018413454
-0.25698346,0.1432718,8.638054E-4,-0.25476164,0.14976394,0.023397826,-0.25733855,0.1684725,0.00900884
0.10684162,0.55999315,-0.45564875,0.12604663,0.5667294,-0.45001268,0.12611213,0.5447687,-0.4454613
-0.26090527,0.31066686,0.03045927,-0.26044792,0.3261147,0.0024614334,-0.26651296,0.29241145,0.011126287
-0.26314095,0.24499741,0.040848807,-0.26351285,0.26276627,0.028885514,-0.27129564,0.2436246,0.0053664
-0.25473732,0.1900382,0.018347077,-0.2528246,0.20323548,0.039624996,-0.25657728,0.20275226,0.0149073675
-0.25481647,0.18254891,0.036507748,-0.2528246,0.20323548,0.039624996,-0.25473732,0.1900382,0.018347077
-0.03134547,0.43856463,-0.28987294,-0.021696605,0.46075317,-0.27845672,-0.032499567,0.45319006,-0.2940629
-0.032499567,0.45319006,-0.2940629,-0.021696605,0.46075317,-0.27845672,-0.031068355,0.4745672,-0.2926242
-0.02434279,0.497475,-0.2890908,-0.007321693,0.5038762,-0.2702062,-0.009089597,0.5243306,-0.28968215
-0.20457022,0.06329885,-0.12235166,-0.20737888,0.047383994,-0.11363863,-0.2154289,0.059913278,-0.08039802
-0.23036857,0.09063634,0.0055271685,-0.23370367,0.1065889,0.033856213,-0.23655485,0.10737193,0.013865784
-0.21669666,0.3883126,0.07620479,-0.20170853,0.38426456,0.108931646,-0.19898233,0.4113945,0.08692518
-0.23655485,0.10737193,0.013865784,-0.23370367,0.1065889,0.033856213,-0.24700753,0.124792874,0.012028493
-0.26341003,0.29322344,-0.038223848,-0.26675496,0.29796967,-0.06359466,-0.26675186,0.27105588,-0.059931844
-0.2604669,0.2747978,0.039728,-0.26090527,0.31066686,0.03045927,-0.26140487,0.2900554,0.02795095
-0.25539273,0.31868073,0.05327034,-0.24448419,0.3352699,0.0683283,-0.24372736,0.3524343,0.046572477
-0.23767227,0.15531352,0.09071753,-0.24727681,0.15815014,0.073725715,-0.23171386,0.13498238,0.08736089
0.13267304,0.7731819,-0.018575184,0.11778428,0.7771832,-0.043780502,0.12117916,0.7539015,-0.039762698
-0.26351285,0.26276627,0.028885514,-0.26651296,0.29241145,0.011126287,-0.26987824,0.272463,-4.2697042E-4
0.039909314,0.12014848,0.1624203,0.015535906,0.12605289,0.17033194,0.030459024,0.107117236,0.1650176
0.30691767,0.61053073,-0.20857231,0.32589966,0.6205033,-0.19869302,0.28578967,0.61228657,-0.21064915
-0.021696605,0.46075317,-0.27845672,-0.015352517,0.4800401,-0.2704966,-0.031068355,0.4745672,-0.2926242
-0.0052871555,0.08649789,-0.32298946,0.007824533,0.0799827,-0.31539795,0.012577966,0.06861,-0.343049
0.13502985,0.63594425,-0.15134497,0.14187516,0.65351,-0.1451706,0.13795778,0.65744877,-0.121406384
-0.24099688,0.09237245,-0.06988925,-0.24870269,0.11261955,-0.04604157,-0.24951206,0.1078707,-0.07990843
0.10651645,0.7015567,-0.086094886,0.10040748,0.70056605,-0.11821304,0.0963775,0.6820924,-0.12832972
0.060807236,0.61381495,-0.25318354,0.06964673,0.6458912,-0.22601965,0.070568144,0.6386874,-0.24562913
-0.223178,0.10965404,0.079743564,-0.23509601,0.114319205,0.057149,-0.22269309,0.072738945,0.040895693
-0.25791758,0.145812,-0.07106957,-0.25827172,0.15691444,-0.048229694,-0.2633557,0.17101792,-0.05973713
-0.24334075,0.28744966,0.09287885,-0.22560334,0.30230352,0.11660032,-0.2322587,0.3247715,0.1005134
-0.25657728,0.20275226,0.0149073675,-0.2591397,0.22044238,0.032213032,-0.26551533,0.2276802,0.011798441
-0.25657728,0.20275226,0.0149073675,-0.2528246,0.20323548,0.039624996,-0.2591397,0.22044238,0.032213032
0.23061696,0.3194167,-0.29551435,0.22278474,0.34720224,-0.3114014,0.22716957,0.33881357,-0.29217586
-0.015352517,0.4800401,-0.2704966,-0.007321693,0.5038762,-0.2702062,-0.02434279,0.497475,-0.2890908
-0.07104442,0.023353547,0.097240314,-0.06375999,0.0367911,0.13027976,-0.08109154,0.028999954,0.12203377
-0.23199297,0.063584745,-0.03381274,-0.22206934,0.070625454,-0.059717745,-0.2154289,0.059913278,-0.08039802
-0.05973421,0.5253738,-0.44644964,-0.05453697,0.5408828,-0.42518443,-0.047228858,0.55494714,-0.4299757
-0.22857133,0.042265296,-0.04054096,-0.23199297,0.063584745,-0.03381274,-0.2154289,0.059913278,-0.08039802
-0.24280936,0.22824717,0.093327396,-0.24334075,0.28744966,0.09287885,-0.249114,0.2493824,0.08193994
-0.24721451,0.2061035,0.07908501,-0.24280936,0.22824717,0.093327396,-0.25148553,0.21538335,0.07234495
-0.07104442,0.023353547,0.097240314,-0.036249723,0.02421993,0.09351048,-0.040369418,0.033876598,0.10388867
-0.22947139,0.07877919,-0.030849144,-0.23275422,0.09219499,-0.023013316,-0.23154362,0.083559036,-0.056599803
0.10236505,0.6914573,-0.05893945,0.10651645,0.7015567,-0.086094886,0.091819525,0.67240787,-0.123731114
-0.2541282,0.3041841,0.06978802,-0.22913617,0.34597737,0.09074091,-0.24448419,0.3352699,0.0683283
-0.05453697,0.5408828,-0.42518443,-0.03848037,0.57317686,-0.40352038,-0.047228858,0.55494714,-0.4299757
-0.19820392,0.114106596,0.22603773,-0.17497122,0.13181391,0.24361686,-0.19361162,0.1342009,0.23740405
-0.2696557,0.23234054,-0.07858673,-0.26425636,0.23198572,-0.1013043,-0.2678393,0.211878,-0.09119775
0.07830864,0.6283847,-0.109414965,0.06346226,0.64200056,-0.11010331,0.071327455,0.6275132,-0.12901708
-0.26011595,0.26890817,0.054361902,-0.2604669,0.2747978,0.039728,-0.26314095,0.24499741,0.040848807
-0.27125442,0.22574589,-0.009065397,-0.27410817,0.25125325,-0.015790202,-0.27519423,0.22903293,-0.036642574
0.14187516,0.65351,-0.1451706,0.14446157,0.6724528,-0.13616714,0.13795778,0.65744877,-0.121406384
-0.14428735,0.0317131,-0.25990686,-0.13462442,0.04292959,-0.26404065,-0.11756273,0.029623196,-0.26529157
-0.23360449,0.094849795,0.15179244,-0.23819989,0.09401849,0.12549902,-0.21518192,0.07312718,0.14459535
-0.021696605,0.46075317,-0.27845672,-0.03134547,0.43856463,-0.28987294,-0.02093789,0.45364907,-0.2669356
0.14603692,0.25465372,-0.40893644,0.1263541,0.26332507,-0.4214304,0.13889822,0.27172428,-0.41571227
-0.22102726,0.1985879,0.124993935,-0.22503209,0.2443074,0.12328764,-0.23564792,0.2014741,0.10504601
-0.20737888,0.047383994,-0.11363863,-0.21593575,0.03981185,-0.0809963,-0.2154289,0.059913278,-0.08039802
-0.2604669,0.2747978,0.039728,-0.26011595,0.26890817,0.054361902,-0.26090527,0.31066686,0.03045927
-0.2739001,0.2332586,-0.058564037,-0.27260175,0.2504275,-0.055957206,-0.2696557,0.23234054,-0.07858673
-0.2403275,0.16845572,0.19733708,-0.22906831,0.1837062,0.21177101,-0.23352775,0.18829963,0.19846387
-0.22908893,0.38259676,0.048771195,-0.21669666,0.3883126,0.07620479,-0.21622334,0.4074801,0.05417411
-0.24540254,0.13062623,0.038931526,-0.25303602,0.16084805,0.041252874,-0.25476164,0.14976394,0.023397826
0.19398537,0.19769004,-0.226168,0.18480866,0.20149457,-0.20285398,0.16994534,0.1842533,-0.20382546
-0.24540254,0.13062623,0.038931526,-0.25476164,0.14976394,0.023397826,-0.25698346,0.1432718,8.638054E-4
-0.22894892,0.081633046,0.029667914,-0.23370367,0.1065889,0.033856213,-0.23036857,0.09063634,0.0055271685
-0.22442926,0.15787432,0.1147864,-0.23767227,0.15531352,0.09071753,-0.23171386,0.13498238,0.08736089
-0.20544896,0.15838605,0.23592748,-0.18294075,0.15823278,0.24823704,-0.19852251,0.17903298,0.24014872
-0.18294075,0.15823278,0.24823704,-0.1857998,0.19064626,0.24288845,-0.19852251,0.17903298,0.24014872
-0.11933462,0.28476524,0.19472696,-0.14052792,0.2851811,0.18638307,-0.13452895,0.23686934,0.1912588
0.071327455,0.6275132,-0.12901708,0.06346226,0.64200056,-0.11010331,0.061697856,0.64049435,-0.14444518
-0.22913617,0.34597737,0.09074091,-0.20170853,0.38426456,0.108931646,-0.21669666,0.3883126,0.07620479
0.07904889,0.63817203,-0.081142105,0.08945738,0.6343845,-0.0908778,0.091309965,0.64838576,-0.05754246
-0.23171386,0.13498238,0.08736089,-0.223178,0.10965404,0.079743564,-0.22608556,0.13225296,0.103052445
-0.2541282,0.3041841,0.06978802,-0.24448419,0.3352699,0.0683283,-0.25539273,0.31868073,0.05327034
0.16841878,0.038101792,-0.20476228,0.15848465,0.06554811,-0.20441139,0.15853469,0.05350344,-0.18385446
0.08929747,0.6744871,-0.06668891,0.091819525,0.67240787,-0.123731114,0.074968725,0.6570209,-0.1260999
-0.25303602,0.16084805,0.041252874,-0.25481647,0.18254891,0.036507748,-0.25476164,0.14976394,0.023397826
0.21980472,0.5695466,-0.27134788,0.22545512,0.57023096,-0.2834662,0.23200198,0.5780815,-0.25115392
-0.24448419,0.3352699,0.0683283,-0.23439252,0.36800262,0.04322935,-0.24372736,0.3524343,0.046572477
0.11881619,0.7252469,-0.028902568,0.11769303,0.7326598,-0.044634346,0.11128871,0.7196406,-0.072166786
-0.16978085,0.2435101,0.17374793,-0.13452895,0.23686934,0.1912588,-0.14052792,0.2851811,0.18638307
-0.15024984,0.2217705,0.18663308,-0.13550837,0.2089909,0.2034075,-0.113860585,0.22342217,0.19807912
-0.25148553,0.21538335,0.07234495,-0.249114,0.2493824,0.08193994,-0.25485814,0.21750346,0.056708924
-0.2074762,0.065767035,0.090858944,-0.22279468,0.07469764,0.10983887,-0.2281139,0.09031199,0.10097855
-0.18921101,0.035184547,-0.22668093,-0.19081403,0.05307889,-0.22171143,-0.18464085,0.044303656,-0.23598492
-0.18464085,0.044303656,-0.23598492,-0.19081403,0.05307889,-0.22171143,-0.1796709,0.06249465,-0.23645869
-0.19081403,0.05307889,-0.22171143,-0.18900886,0.07011464,-0.2170307,-0.1796709,0.06249465,-0.23645869
-0.21518192,0.07312718,0.14459535,-0.23819989,0.09401849,0.12549902,-0.22457229,0.07717885,0.12400254
0.011917163,0.041170046,0.115794465,0.015738927,0.064276636,0.13080575,-0.0063100196,0.052136347,0.11818568
0.06122073,0.64816904,-0.11636231,0.074968725,0.6570209,-0.1260999,0.063666835,0.64743495,-0.15153612
-0.26675186,0.27105588,-0.059931844,-0.2658601,0.25378087,-0.08747332,-0.2696557,0.23234054,-0.07858673
0.105393514,0.2632286,-0.4283556,0.1263541,0.26332507,-0.4214304,0.1282594,0.24965551,-0.41704613
0.1526298,0.76985943,0.0025593415,0.14491814,0.7745575,-0.0040363707,0.15021013,0.7601162,0.013223037
-0.26890618,0.2046049,-0.06874144,-0.2696557,0.23234054,-0.07858673,-0.2678393,0.211878,-0.09119775
0.068508595,0.6443969,-0.084326774,0.06654074,0.65517247,-0.09720725,0.06122073,0.64816904,-0.11636231
-0.23360449,0.094849795,0.15179244,-0.24460903,0.1137552,0.14438075,-0.23819989,0.09401849,0.12549902
-0.012466684,0.6140175,-0.34211564,-0.010883942,0.613135,-0.36305454,-0.02340515,0.5980909,-0.37913585
-0.23555005,0.13485411,0.19889893,-0.22905847,0.11573705,0.19815695,-0.2229951,0.1397849,0.21872807
-0.1994452,0.42857477,-0.015302278,-0.17792219,0.46108392,-0.032434173,-0.18796712,0.43367812,-0.05699894
-0.26551533,0.2276802,0.011798441,-0.2591397,0.22044238,0.032213032,-0.26314095,0.24499741,0.040848807
0.10236505,0.6914573,-0.05893945,0.091819525,0.67240787,-0.123731114,0.08929747,0.6744871,-0.06668891
-0.22883135,0.16564402,0.2159585,-0.2403275,0.16845572,0.19733708,-0.23740475,0.15696484,0.20360515
-0.25344664,0.3335634,0.03412825,-0.24504505,0.35444948,0.023217507,-0.26090527,0.31066686,0.03045927
-0.21575992,0.10589948,0.20796992,-0.21514785,0.12751889,0.22117314,-0.22905847,0.11573705,0.19815695
0.10040748,0.70056605,-0.11821304,0.08336237,0.6820066,-0.16318151,0.09085222,0.6746776,-0.15135142
-0.16400222,0.20553845,0.23760302,-0.14846914,0.19975743,0.24133328,-0.15078697,0.21013674,0.22495866
-0.19620952,0.10062829,0.21779504,-0.17460021,0.1025787,0.22977611,-0.19820392,0.114106596,0.22603773
-0.18921547,0.20593205,0.23164561,-0.20645502,0.19256523,0.23146206,-0.1857998,0.19064626,0.24288845
0.413643,0.7042438,-0.1370302,0.40853602,0.70010567,-0.13621177,0.41144335,0.67885184,-0.15022291
-0.2329402,0.1864624,0.16513003,-0.24365196,0.17163533,0.17054024,-0.2317771,0.19398358,0.18885177
0.060807236,0.61381495,-0.25318354,0.038875908,0.600683,-0.27227375,0.06016715,0.59567595,-0.24585141
0.06016715,0.59567595,-0.24585141,0.038875908,0.600683,-0.27227375,0.050672308,0.57601094,-0.2604444
0.05965535,0.6155051,-0.26327935,0.038875908,0.600683,-0.27227375,0.060807236,0.61381495,-0.25318354
0.41454902,0.72724116,-0.14099349,0.41114885,0.74054754,-0.14639966,0.4088447,0.7258724,-0.13914524
-0.19477168,0.044555843,-0.19615519,-0.19621406,0.06285711,-0.18213065,-0.19081403,0.05307889,-0.22171143
0.12000767,0.019477144,-0.004497368,0.15681578,0.018154845,-0.0537947,0.14752865,0.018058196,-0.019557074
0.32526726,0.69369876,-0.2744339,0.3159624,0.7047802,-0.26350555,0.3358301,0.71778643,-0.24615772
-0.26011315,0.31536868,-0.05534466,-0.26341277,0.30164024,-0.07940781,-0.26675496,0.29796967,-0.06359466
-0.100955084,0.3384548,0.1899785,-0.081089474,0.36157987,0.18416175,-0.10439691,0.36805406,0.17843091
-0.258369,0.13339171,-0.063804865,-0.2533018,0.12525338,-0.08324585,-0.24951206,0.1078707,-0.07990843
0.11778428,0.7771832,-0.043780502,0.11402057,0.7797669,-0.05969378,0.10345957,0.76742935,-0.071456015
0.10040748,0.70056605,-0.11821304,0.09579955,0.71291614,-0.12017136,0.08336237,0.6820066,-0.16318151
-0.249114,0.2493824,0.08193994,-0.26011595,0.26890817,0.054361902,-0.26314095,0.24499741,0.040848807
0.11327145,0.706553,-0.0072519258,0.10236505,0.6914573,-0.05893945,0.092810355,0.6813576,-0.027607735
0.09725339,0.6725,-0.013805218,0.0963468,0.68105996,-0.013158478,0.092810355,0.6813576,-0.027607735
-0.17792219,0.46108392,-0.032434173,-0.17725159,0.4549094,-0.047770772,-0.18796712,0.43367812,-0.05699894
-0.18921101,0.035184547,-0.22668093,-0.19477168,0.044555843,-0.19615519,-0.19081403,0.05307889,-0.22171143
-0.27260175,0.2504275,-0.055957206,-0.26675186,0.27105588,-0.059931844,-0.2696557,0.23234054,-0.07858673
-0.2040346,0.22758353,0.14870322,-0.22503209,0.2443074,0.12328764,-0.22102726,0.1985879,0.124993935
-0.25485814,0.21750346,0.056708924,-0.26098484,0.22953719,0.044243313,-0.2591397,0.22044238,0.032213032
-0.25485814,0.21750346,0.056708924,-0.26314095,0.24499741,0.040848807,-0.26098484,0.22953719,0.044243313
-0.14663556,0.13006103,0.24765776,-0.15947615,0.15252301,0.25302237,-0.17497122,0.13181391,0.24361686
-0.21681312,0.1835385,0.13135476,-0.22102726,0.1985879,0.124993935,-0.22442926,0.15787432,0.1147864
0.0630265,0.61484253,-0.22621357,0.060807236,0.61381495,-0.25318354,0.06016715,0.59567595,-0.24585141
-0.19621406,0.06285711,-0.18213065,-0.19166991,0.07641554,-0.18281135,-0.18900886,0.07011464,-0.2170307
0.077776276,0.66252244,-0.08742588,0.08929747,0.6744871,-0.06668891,0.074968725,0.6570209,-0.1260999
-0.24334075,0.28744966,0.09287885,-0.2541282,0.3041841,0.06978802,-0.2584453,0.28466424,0.06288673
-0.2658601,0.25378087,-0.08747332,-0.26675186,0.27105588,-0.059931844,-0.2691553,0.28013644,-0.07373656
-0.249114,0.2493824,0.08193994,-0.26314095,0.24499741,0.040848807,-0.25485814,0.21750346,0.056708924
-0.26208892,0.2948456,0.051842727,-0.2541282,0.3041841,0.06978802,-0.25539273,0.31868073,0.05327034
-0.22377655,0.09428689,0.17701471,-0.21575992,0.10589948,0.20796992,-0.22905847,0.11573705,0.19815695
0.07860002,0.53192616,-0.23277448,0.10410746,0.5357882,-0.22950418,0.087789625,0.5556259,-0.23423022
-0.14663556,0.13006103,0.24765776,-0.17497122,0.13181391,0.24361686,-0.15991932,0.107890636,0.23812647
-0.25791758,0.145812,-0.07106957,-0.2633557,0.17101792,-0.05973713,-0.26380432,0.16367632,-0.07634021
0.1787565,0.32979295,-0.095242,0.18904081,0.2933168,-0.11082519,0.1868048,0.3181534,-0.1100929
0.14379492,0.6993197,-0.11450624,0.13868764,0.75029325,-0.06773782,0.14361267,0.7166078,-0.07966278
-0.2229951,0.1397849,0.21872807,-0.23740475,0.15696484,0.20360515,-0.23555005,0.13485411,0.19889893
-0.23740475,0.15696484,0.20360515,-0.2229951,0.1397849,0.21872807,-0.22883135,0.16564402,0.2159585
-0.2403275,0.16845572,0.19733708,-0.22883135,0.16564402,0.2159585,-0.22906831,0.1837062,0.21177101
-0.184106,0.35608253,-0.12725584,-0.17828664,0.36522654,-0.13204427,-0.17154834,0.35539064,-0.15085614
-0.24448419,0.3352699,0.0683283,-0.22913617,0.34597737,0.09074091,-0.21669666,0.3883126,0.07620479
0.13298303,0.21735302,-0.38987973,0.10839009,0.20851213,-0.39474958,0.110193975,0.22805098,-0.4044562
-0.23564792,0.2014741,0.10504601,-0.2494722,0.18334806,0.07614893,-0.24240631,0.1783922,0.09160954
-0.23564792,0.2014741,0.10504601,-0.24280936,0.22824717,0.093327396,-0.24721451,0.2061035,0.07908501
0.06637904,0.602648,-0.21775103,0.06016715,0.59567595,-0.24585141,0.07119103,0.5779803,-0.23539722
0.0630265,0.61484253,-0.22621357,0.06964673,0.6458912,-0.22601965,0.060807236,0.61381495,-0.25318354
-0.07071521,0.3744355,0.17683491,-0.08535027,0.39254108,0.16649988,-0.081089474,0.36157987,0.18416175
-0.08562073,0.0906941,0.2140329,-0.11950746,0.076325,0.21274969,-0.09244016,0.07265359,0.19852193
-0.19852251,0.17903298,0.24014872,-0.1857998,0.19064626,0.24288845,-0.20645502,0.19256523,0.23146206
-0.24747398,0.12359613,0.13693479,-0.24791941,0.13654041,0.15986699,-0.24524811,0.13701308,0.13232175
-0.24540254,0.13062623,0.038931526,-0.24646723,0.1425763,0.06424378,-0.25184494,0.1588692,0.058564782
0.3980212,0.71344113,-0.14395148,0.398579,0.733973,-0.15001816,0.37601668,0.7106559,-0.16117252
-0.2533018,0.12525338,-0.08324585,-0.258369,0.13339171,-0.063804865,-0.25791758,0.145812,-0.07106957
-0.039040633,0.047419444,0.12280994,-0.027420668,0.03828618,0.107180566,-0.024588779,0.063222885,0.12736128
0.11757093,0.61026156,-0.16070151,0.13502985,0.63594425,-0.15134497,0.12460137,0.63457346,-0.1255795
0.06637904,0.602648,-0.21775103,0.0630265,0.61484253,-0.22621357,0.06016715,0.59567595,-0.24585141
0.0630265,0.61484253,-0.22621357,0.06929131,0.63475287,-0.21863516,0.06964673,0.6458912,-0.22601965
0.33272392,0.5996139,-0.2169227,0.32589966,0.6205033,-0.19869302,0.30691767,0.61053073,-0.20857231
-0.100955084,0.3384548,0.1899785,-0.08565791,0.30759946,0.20044012,-0.07434855,0.3374563,0.19270426
-0.012893826,0.026983485,-0.1678808,-0.07652165,0.023607,-0.23317797,-0.0063279495,0.021434993,-0.16985676
-0.26967487,0.26811582,-0.034237146,-0.26675186,0.27105588,-0.059931844,-0.27260175,0.2504275,-0.055957206
-0.24460903,0.1137552,0.14438075,-0.24791941,0.13654041,0.15986699,-0.24747398,0.12359613,0.13693479
-0.115638256,0.109493345,0.23764782,-0.11925453,0.13022316,0.24531919,-0.13812998,0.107081294,0.2398187
0.1787565,0.32979295,-0.095242,0.18583448,0.34592316,-0.12625559,0.17092045,0.36306325,-0.091593795
-0.23564792,0.2014741,0.10504601,-0.22503209,0.2443074,0.12328764,-0.24280936,0.22824717,0.093327396
-0.23509601,0.114319205,0.057149,-0.24646723,0.1425763,0.06424378,-0.24540254,0.13062623,0.038931526
-0.2494722,0.18334806,0.07614893,-0.23564792,0.2014741,0.10504601,-0.24721451,0.2061035,0.07908501
-0.2633557,0.17101792,-0.05973713,-0.26641878,0.18292058,-0.070821874,-0.26380432,0.16367632,-0.07634021
-0.19834235,0.44248596,0.013303928,-0.18674976,0.4559228,0.028030261,-0.1856176,0.4572462,0.0136123
-0.21966043,0.4040555,0.028419182,-0.20249087,0.43281308,0.02977147,-0.2118705,0.41181096,0.0037609413
-0.2633557,0.17101792,-0.05973713,-0.26513243,0.18134943,-0.0402209,-0.26641878,0.18292058,-0.070821874
-0.26314095,0.24499741,0.040848807,-0.2604669,0.2747978,0.039728,-0.26351285,0.26276627,0.028885514
-0.22206934,0.070625454,-0.059717745,-0.22947139,0.07877919,-0.030849144,-0.23154362,0.083559036,-0.056599803
-0.025084972,0.4018635,-0.36929885,-0.029347703,0.41603985,-0.34578392,-0.02714917,0.41371247,-0.3699448
-0.1176439,0.49790356,0.015009142,-0.113896854,0.5020932,-0.0039093904,-0.14339782,0.48954186,0.0059052445
-0.23275422,0.09219499,-0.023013316,-0.24870269,0.11261955,-0.04604157,-0.23154362,0.083559036,-0.056599803
-0.25827172,0.15691444,-0.048229694,-0.25791758,0.145812,-0.07106957,-0.258369,0.13339171,-0.063804865
0.07061644,0.5641762,-0.24102068,0.050672308,0.57601094,-0.2604444,0.040298328,0.55799496,-0.2622008
-0.13395536,0.06232661,0.19401027,-0.16490732,0.08269969,0.21266146,-0.17625336,0.06907949,0.18893127
-0.26890618,0.2046049,-0.06874144,-0.26984125,0.2078597,-0.04987976,-0.2696557,0.23234054,-0.07858673
-0.2505529,0.27219602,0.076569594,-0.2584453,0.28466424,0.06288673,-0.26011595,0.26890817,0.054361902
0.40608013,0.6698766,-0.1473929,0.40853602,0.70010567,-0.13621177,0.40010202,0.6694162,-0.14676203
-0.24376106,0.10660651,-0.0135535225,-0.25063995,0.11963779,-0.003216058,-0.25634265,0.12583253,-0.021070808
0.09147911,0.3224285,-0.4474757,0.10463334,0.3351872,-0.44398296,0.10421929,0.3024166,-0.44455907
0.18075554,0.08704515,-0.08218482,0.1641175,0.10632643,-0.079990424,0.17524818,0.0884625,-0.057856105
-0.2547582,0.1317519,-0.044325143,-0.25824657,0.1412189,-0.030021898,-0.25827172,0.15691444,-0.048229694
-0.2093358,0.2592345,0.14368376,-0.22503209,0.2443074,0.12328764,-0.2040346,0.22758353,0.14870322
-0.2322587,0.3247715,0.1005134,-0.21956298,0.3258511,0.11828183,-0.21117786,0.35629848,0.113909185
0.061697856,0.64049435,-0.14444518,0.06122073,0.64816904,-0.11636231,0.063666835,0.64743495,-0.15153612
-0.01828894,0.38670728,-0.38775313,-0.036105663,0.3685775,-0.381546,-0.025084972,0.4018635,-0.36929885
0.077776276,0.66252244,-0.08742588,0.074968725,0.6570209,-0.1260999,0.06654074,0.65517247,-0.09720725
-0.26890618,0.2046049,-0.06874144,-0.2678393,0.211878,-0.09119775,-0.26641878,0.18292058,-0.070821874
-0.2541282,0.3041841,0.06978802,-0.26208892,0.2948456,0.051842727,-0.2584453,0.28466424,0.06288673
0.12117916,0.7539015,-0.039762698,0.11778428,0.7771832,-0.043780502,0.11010577,0.76187944,-0.0601211
-0.26984125,0.2078597,-0.04987976,-0.2739001,0.2332586,-0.058564037,-0.2696557,0.23234054,-0.07858673
-0.22560334,0.30230352,0.11660032,-0.21956298,0.3258511,0.11828183,-0.2322587,0.3247715,0.1005134
-0.02093789,0.45364907,-0.2669356,-0.015352517,0.4800401,-0.2704966,-0.021696605,0.46075317,-0.27845672
0.11881619,0.7252469,-0.028902568,0.11128871,0.7196406,-0.072166786,0.10651645,0.7015567,-0.086094886
-0.0099708885,0.39478144,-0.4177267,-0.012217104,0.3932893,-0.39416948,-0.020041332,0.40110877,-0.3952615
-0.23767227,0.15531352,0.09071753,-0.24240631,0.1783922,0.09160954,-0.24727681,0.15815014,0.073725715
-0.2040346,0.22758353,0.14870322,-0.20189005,0.20515189,0.15139385,-0.18588832,0.22039759,0.16607076
0.07683158,0.58318055,-0.21635792,0.07304962,0.599807,-0.19641554,0.06637904,0.602648,-0.21775103
0.064803615,0.62910414,-0.20132476,0.06929131,0.63475287,-0.21863516,0.0630265,0.61484253,-0.22621357
0.064803615,0.62910414,-0.20132476,0.07255631,0.63637435,-0.20280862,0.06929131,0.63475287,-0.21863516
0.1988333,0.31441996,-0.14705227,0.21171033,0.31946406,-0.17956844,0.21333626,0.3330879,-0.17909175
-0.07434855,0.3374563,0.19270426,-0.081089474,0.36157987,0.18416175,-0.100955084,0.3384548,0.1899785
-0.19477168,0.044555843,-0.19615519,-0.19910096,0.038203835,-0.1637746,-0.19621406,0.06285711,-0.18213065
0.09579955,0.71291614,-0.12017136,0.08144362,0.71183443,-0.15153687,0.08336237,0.6820066,-0.16318151
-0.21622334,0.4074801,0.05417411,-0.21966043,0.4040555,0.028419182,-0.22908893,0.38259676,0.048771195
-0.2523376,0.1852738,0.060127586,-0.25148553,0.21538335,0.07234495,-0.25485814,0.21750346,0.056708924
-0.25657728,0.20275226,0.0149073675,-0.26551533,0.2276802,0.011798441,-0.2625406,0.20037994,-7.8710914E-4
-0.26090527,0.31066686,0.03045927,-0.2544432,0.3400844,0.009003796,-0.26044792,0.3261147,0.0024614334
-0.22269309,0.072738945,0.040895693,-0.2335316,0.06810841,0.009492986,-0.23117958,0.050807655,0.00544893
-0.004491158,0.042442843,-0.060550917,-0.008571956,0.04143235,-0.09689401,0.051163636,0.04324016,-0.0540646
-0.1101713,0.31344277,0.1947435,-0.08565791,0.30759946,0.20044012,-0.100955084,0.3384548,0.1899785
0.39891702,0.6522511,-0.15940039,0.41144335,0.67885184,-0.15022291,0.40608013,0.6698766,-0.1473929
-0.26984125,0.2078597,-0.04987976,-0.27014634,0.21533114,-0.039330795,-0.2739001,0.2332586,-0.058564037
-0.2759311,0.24758276,-0.038199462,-0.26967487,0.26811582,-0.034237146,-0.27260175,0.2504275,-0.055957206
-0.24700753,0.124792874,0.012028493,-0.24540254,0.13062623,0.038931526,-0.25698346,0.1432718,8.638054E-4
-0.23465896,0.07124804,-0.011749923,-0.22947139,0.07877919,-0.030849144,-0.23199297,0.063584745,-0.03381274
0.050672308,0.57601094,-0.2604444,0.038875908,0.600683,-0.27227375,0.032688327,0.58414567,-0.27650926
0.19616637,0.07370204,-0.07805643,0.18075554,0.08704515,-0.08218482,0.17524818,0.0884625,-0.057856105
-0.24334075,0.28744966,0.09287885,-0.2505529,0.27219602,0.076569594,-0.249114,0.2493824,0.08193994
-0.21117786,0.35629848,0.113909185,-0.20170853,0.38426456,0.108931646,-0.22913617,0.34597737,0.09074091
-0.26341003,0.29322344,-0.038223848,-0.26675186,0.27105588,-0.059931844,-0.26967487,0.26811582,-0.034237146
-0.11987988,0.092426,0.22757801,-0.13812998,0.107081294,0.2398187,-0.1412502,0.08873844,0.22555935
0.07683158,0.58318055,-0.21635792,0.08859377,0.57133245,-0.22418602,0.09281425,0.58146966,-0.20428123
-0.10621672,0.059320703,0.18889795,-0.13395536,0.06232661,0.19401027,-0.09971582,0.044154152,0.16442959
-0.19910096,0.038203835,-0.1637746,-0.20218548,0.04494214,-0.14259733,-0.19621406,0.06285711,-0.18213065
0.068508595,0.6443969,-0.084326774,0.06122073,0.64816904,-0.11636231,0.06346226,0.64200056,-0.11010331
-0.2591397,0.22044238,0.032213032,-0.26098484,0.22953719,0.044243313,-0.26314095,0.24499741,0.040848807
-0.24700753,0.124792874,0.012028493,-0.25063995,0.11963779,-0.003216058,-0.23655485,0.10737193,0.013865784
-0.22857133,0.042265296,-0.04054096,-0.23465896,0.07124804,-0.011749923,-0.23199297,0.063584745,-0.03381274
-0.27129564,0.2436246,0.0053664,-0.26987824,0.272463,-4.2697042E-4,-0.27410817,0.25125325,-0.015790202
-0.2584453,0.28466424,0.06288673,-0.26208892,0.2948456,0.051842727,-0.26011595,0.26890817,0.054361902
-0.24334075,0.28744966,0.09287885,-0.2322587,0.3247715,0.1005134,-0.2541282,0.3041841,0.06978802
-0.13841937,0.35468885,0.17044042,-0.12485605,0.37773642,0.16533855,-0.14636329,0.3914536,0.14537042
0.0630265,0.61484253,-0.22621357,0.06637904,0.602648,-0.21775103,0.064803615,0.62910414,-0.20132476
0.07739009,0.64890003,-0.19388294,0.074672595,0.6718029,-0.19077545,0.06929131,0.63475287,-0.21863516
0.07255631,0.63637435,-0.20280862,0.07739009,0.64890003,-0.19388294,0.06929131,0.63475287,-0.21863516
-0.24433199,0.15890378,0.14884993,-0.24524811,0.13701308,0.13232175,-0.24791941,0.13654041,0.15986699
-0.054519113,0.24237764,0.20042443,-0.06452426,0.25766578,0.20315841,-0.079564914,0.2290527,0.2020934
-0.24334075,0.28744966,0.09287885,-0.2205527,0.27778018,0.12900686,-0.22560334,0.30230352,0.11660032
-0.26513243,0.18134943,-0.0402209,-0.26984125,0.2078597,-0.04987976,-0.26890618,0.2046049,-0.06874144
-0.25303602,0.16084805,0.041252874,-0.25184494,0.1588692,0.058564782,-0.2523376,0.1852738,0.060127586
-0.24540254,0.13062623,0.038931526,-0.25184494,0.1588692,0.058564782,-0.25303602,0.16084805,0.041252874
-0.24504505,0.35444948,0.023217507,-0.22946504,0.38083127,0.018413454,-0.22534838,0.3866389,-3.5370886E-4
-0.2541282,0.3041841,0.06978802,-0.2322587,0.3247715,0.1005134,-0.22913617,0.34597737,0.09074091
-0.2409375,0.11638349,0.16908443,-0.24460903,0.1137552,0.14438075,-0.23360449,0.094849795,0.15179244
0.06509971,0.62759733,-0.17865217,0.064803615,0.62910414,-0.20132476,0.06637904,0.602648,-0.21775103
-0.22279468,0.07469764,0.10983887,-0.22457229,0.07717885,0.12400254,-0.23819989,0.09401849,0.12549902
-0.13682978,0.14972308,0.2519277,-0.1411153,0.17079219,0.25223044,-0.15947615,0.15252301,0.25302237
0.15287481,0.61279714,-0.3907236,0.1588871,0.6173506,-0.36150852,0.16759408,0.6036066,-0.38139445
0.074672595,0.6718029,-0.19077545,0.07833729,0.6874256,-0.19286166,0.07215973,0.6595684,-0.20837481
-0.26513243,0.18134943,-0.0402209,-0.27014634,0.21533114,-0.039330795,-0.26984125,0.2078597,-0.04987976
-0.09244016,0.07265359,0.19852193,-0.11950746,0.076325,0.21274969,-0.10621672,0.059320703,0.18889795
0.09281425,0.58146966,-0.20428123,0.07304962,0.599807,-0.19641554,0.07683158,0.58318055,-0.21635792
-0.06452426,0.25766578,0.20315841,-0.051990774,0.27754706,0.20591946,-0.089569636,0.27602127,0.20233327
0.06509971,0.62759733,-0.17865217,0.06637904,0.602648,-0.21775103,0.07304962,0.599807,-0.19641554
-0.051990774,0.27754706,0.20591946,-0.08209069,0.2919501,0.20363441,-0.089569636,0.27602127,0.20233327
0.1897345,0.46394536,-0.27915794,0.19836876,0.4734423,-0.2998813,0.18142223,0.4887121,-0.26657134
-0.23036857,0.09063634,0.0055271685,-0.23655485,0.10737193,0.013865784,-0.23275422,0.09219499,-0.023013316
-0.23655485,0.10737193,0.013865784,-0.24376106,0.10660651,-0.0135535225,-0.23275422,0.09219499,-0.023013316
-0.17828664,0.36522654,-0.13204427,-0.18815692,0.37830874,-0.11610659,-0.17841369,0.37583092,-0.13307199
-0.23154362,0.083559036,-0.056599803,-0.24870269,0.11261955,-0.04604157,-0.24099688,0.09237245,-0.06988925
0.06362597,0.6401037,-0.17365986,0.07255631,0.63637435,-0.20280862,0.064803615,0.62910414,-0.20132476
0.075871244,0.64931846,-0.16934022,0.07739009,0.64890003,-0.19388294,0.07255631,0.63637435,-0.20280862
0.06362597,0.6401037,-0.17365986,0.075871244,0.64931846,-0.16934022,0.07255631,0.63637435,-0.20280862
-0.24951206,0.1078707,-0.07990843,-0.24870269,0.11261955,-0.04604157,-0.258369,0.13339171,-0.063804865
-0.20737888,0.047383994,-0.11363863,-0.20457022,0.06329885,-0.12235166,-0.19621406,0.06285711,-0.18213065
-0.20218548,0.04494214,-0.14259733,-0.20737888,0.047383994,-0.11363863,-0.19621406,0.06285711,-0.18213065
-0.2691553,0.28013644,-0.07373656,-0.26675496,0.29796967,-0.06359466,-0.2679636,0.2821361,-0.09157133
0.092810355,0.6813576,-0.027607735,0.08929747,0.6744871,-0.06668891,0.07837165,0.66625,-0.053175177
-0.27519423,0.22903293,-0.036642574,-0.27410817,0.25125325,-0.015790202,-0.2759311,0.24758276,-0.038199462
-0.24700753,0.124792874,0.012028493,-0.25698346,0.1432718,8.638054E-4,-0.25063995,0.11963779,-0.003216058
-0.23655485,0.10737193,0.013865784,-0.25063995,0.11963779,-0.003216058,-0.24376106,0.10660651,-0.0135535225
-0.26551533,0.2276802,0.011798441,-0.27125442,0.22574589,-0.009065397,-0.2625406,0.20037994,-7.8710914E-4
-0.26090527,0.31066686,0.03045927,-0.24504505,0.35444948,0.023217507,-0.2544432,0.3400844,0.009003796
-0.1411153,0.17079219,0.25223044,-0.1600153,0.16549629,0.25289962,-0.15947615,0.15252301,0.25302237
-0.27125442,0.22574589,-0.009065397,-0.27129564,0.2436246,0.0053664,-0.27410817,0.25125325,-0.015790202
-0.25476164,0.14976394,0.023397826,-0.25481647,0.18254891,0.036507748,-0.25733855,0.1684725,0.00900884
-0.22442926,0.15787432,0.1147864,-0.22102726,0.1985879,0.124993935,-0.2310451,0.1718063,0.10739358
-0.26011595,0.26890817,0.054361902,-0.26208892,0.2948456,0.051842727,-0.26090527,0.31066686,0.03045927
0.11827597,0.6582264,-0.07413373,0.1085181,0.6656172,-0.033548005,0.091309965,0.64838576,-0.05754246
0.07304962,0.599807,-0.19641554,0.069933206,0.62237346,-0.15794803,0.06509971,0.62759733,-0.17865217
0.06509971,0.62759733,-0.17865217,0.06362597,0.6401037,-0.17365986,0.064803615,0.62910414,-0.20132476
-0.2310451,0.1718063,0.10739358,-0.22102726,0.1985879,0.124993935,-0.23564792,0.2014741,0.10504601
0.14708832,0.7362925,0.021993093,0.14837727,0.72130513,0.020766687,0.15498963,0.7447914,0.020385332
0.07695967,0.694965,-0.16834252,0.08336237,0.6820066,-0.16318151,0.08144362,0.71183443,-0.15153687
-0.19477168,0.044555843,-0.19615519,-0.18921101,0.035184547,-0.22668093,-0.19371635,0.031447694,-0.19623888
-0.21622334,0.4074801,0.05417411,-0.20249087,0.43281308,0.02977147,-0.21966043,0.4040555,0.028419182
-0.13452895,0.23686934,0.1912588,-0.15024984,0.2217705,0.18663308,-0.113860585,0.22342217,0.19807912
-0.25657728,0.20275226,0.0149073675,-0.2625406,0.20037994,-7.8710914E-4,-0.25929186,0.16925663,-0.01739055
0.091309965,0.64838576,-0.05754246,0.09153375,0.6583713,-0.033667617,0.0797486,0.6515626,-0.050955854
-0.25933823,0.15148714,-0.09385205,-0.26410788,0.17350063,-0.0934761,-0.25863624,0.16350004,-0.11472692
-0.24448419,0.3352699,0.0683283,-0.21669666,0.3883126,0.07620479,-0.22908893,0.38259676,0.048771195
-0.19666293,0.41681114,-0.051659003,-0.18796712,0.43367812,-0.05699894,-0.1939195,0.41202733,-0.07612625
0.07119103,0.5779803,-0.23539722,0.08859377,0.57133245,-0.22418602,0.07683158,0.58318055,-0.21635792
0.08377376,0.6599859,-0.16990012,0.07739009,0.64890003,-0.19388294,0.075871244,0.64931846,-0.16934022
0.08377376,0.6599859,-0.16990012,0.074672595,0.6718029,-0.19077545,0.07739009,0.64890003,-0.19388294
0.08377376,0.6599859,-0.16990012,0.08336237,0.6820066,-0.16318151,0.074672595,0.6718029,-0.19077545
0.40143043,0.69168866,-0.140417,0.3980212,0.71344113,-0.14395148,0.37401634,0.69326603,-0.15904433
-0.0754932,0.10529125,-0.28432462,-0.077094205,0.15538853,-0.28746313,-0.063420705,0.12285361,-0.29289597
-0.24318036,0.17348579,0.18413053,-0.2317771,0.19398358,0.18885177,-0.24365196,0.17163533,0.17054024
0.09542053,0.75521255,-0.100206286,0.09869927,0.7535325,-0.109361656,0.090507545,0.7309979,-0.11782192
-0.18900886,0.07011464,-0.2170307,-0.19166991,0.07641554,-0.18281135,-0.18153624,0.082568094,-0.21678084
-0.25733855,0.1684725,0.00900884,-0.25657728,0.20275226,0.0149073675,-0.25929186,0.16925663,-0.01739055
-0.25733855,0.1684725,0.00900884,-0.25929186,0.16925663,-0.01739055,-0.26042077,0.15437984,-0.0080265775
0.070065156,0.65568995,-0.0649484,0.077776276,0.66252244,-0.08742588,0.06654074,0.65517247,-0.09720725
-0.2625406,0.20037994,-7.8710914E-4,-0.27125442,0.22574589,-0.009065397,-0.26607454,0.19667727,-0.01595267
-0.24721429,0.15695775,0.1777969,-0.2403275,0.16845572,0.19733708,-0.24318036,0.17348579,0.18413053
-0.23171386,0.13498238,0.08736089,-0.24727681,0.15815014,0.073725715,-0.24646723,0.1425763,0.06424378
0.07923161,0.6101719,-0.15660116,0.069933206,0.62237346,-0.15794803,0.07304962,0.599807,-0.19641554
0.25709495,0.58087194,-0.27228326,0.22545512,0.57023096,-0.2834662,0.23312697,0.57553005,-0.29044634
0.13463436,0.122517705,-0.14693137,0.124661684,0.1116578,-0.13325983,0.13623746,0.09767385,-0.14208633
-0.22905847,0.11573705,0.19815695,-0.23555005,0.13485411,0.19889893,-0.2409375,0.11638349,0.16908443
-0.20817953,0.07666984,0.07705874,-0.223178,0.10965404,0.079743564,-0.20829064,0.06676145,0.056737408
0.11128871,0.7196406,-0.072166786,0.10697623,0.73466337,-0.08266107,0.10040748,0.70056605,-0.11821304
0.10651645,0.7015567,-0.086094886,0.11128871,0.7196406,-0.072166786,0.10040748,0.70056605,-0.11821304
-0.0032806918,0.47255728,-0.24473995,-0.02093789,0.45364907,-0.2669356,-0.026441306,0.4633253,-0.24061461
0.25082934,0.6680672,-0.29935938,0.29267588,0.6854017,-0.2834232,0.26619843,0.66302574,-0.29952133
-0.26651296,0.29241145,0.011126287,-0.26140487,0.2900554,0.02795095,-0.26090527,0.31066686,0.03045927
-0.223178,0.10965404,0.079743564,-0.23171386,0.13498238,0.08736089,-0.23509601,0.114319205,0.057149
0.11881619,0.7252469,-0.028902568,0.13001882,0.74395204,-0.006946724,0.12117916,0.7539015,-0.039762698
0.07837165,0.66625,-0.053175177,0.08381547,0.6649678,-0.033321876,0.092810355,0.6813576,-0.027607735
0.14174554,0.09642555,-0.15686938,0.13463436,0.122517705,-0.14693137,0.13623746,0.09767385,-0.14208633
-0.26641878,0.18292058,-0.070821874,-0.26513243,0.18134943,-0.0402209,-0.26890618,0.2046049,-0.06874144
-0.23555005,0.13485411,0.19889893,-0.24560004,0.14171442,0.18144464,-0.2409375,0.11638349,0.16908443
0.11327145,0.706553,-0.0072519258,0.13001882,0.74395204,-0.006946724,0.11881619,0.7252469,-0.028902568
-0.27410817,0.25125325,-0.015790202,-0.26967487,0.26811582,-0.034237146,-0.2759311,0.24758276,-0.038199462
-0.23465896,0.07124804,-0.011749923,-0.23036857,0.09063634,0.0055271685,-0.22947139,0.07877919,-0.030849144
0.14491814,0.7745575,-0.0040363707,0.1454541,0.77988005,-0.013515938,0.13267304,0.7731819,-0.018575184
-0.25733855,0.1684725,0.00900884,-0.25473732,0.1900382,0.018347077,-0.25657728,0.20275226,0.0149073675
-0.07383319,0.08205615,-0.3120995,-0.05515995,0.09247109,-0.32214156,-0.06578928,0.077185005,-0.35121322
-0.23171386,0.13498238,0.08736089,-0.24646723,0.1425763,0.06424378,-0.23509601,0.114319205,0.057149
0.063666835,0.64743495,-0.15153612,0.075871244,0.64931846,-0.16934022,0.06362597,0.6401037,-0.17365986
0.08377376,0.6599859,-0.16990012,0.09085222,0.6746776,-0.15135142,0.08336237,0.6820066,-0.16318151
0.11458627,0.4067742,-0.43524206,0.141528,0.40621468,-0.42386192,0.13994177,0.39532682,-0.41290238
0.06844781,0.51421475,-0.2271915,0.07860002,0.53192616,-0.23277448,0.049305934,0.5377487,-0.24617437
-0.26551533,0.2276802,0.011798441,-0.27129564,0.2436246,0.0053664,-0.27125442,0.22574589,-0.009065397
0.12117916,0.7539015,-0.039762698,0.11010577,0.76187944,-0.0601211,0.10697623,0.73466337,-0.08266107
-0.2523376,0.1852738,0.060127586,-0.2494722,0.18334806,0.07614893,-0.24721451,0.2061035,0.07908501
-0.249114,0.2493824,0.08193994,-0.2505529,0.27219602,0.076569594,-0.26011595,0.26890817,0.054361902
0.12117916,0.7539015,-0.039762698,0.13001882,0.74395204,-0.006946724,0.13267304,0.7731819,-0.018575184
-0.19812633,0.39718327,-0.06974437,-0.20051542,0.40019968,-0.045677494,-0.19666293,0.41681114,-0.051659003
0.069933206,0.62237346,-0.15794803,0.061697856,0.64049435,-0.14444518,0.06362597,0.6401037,-0.17365986
0.06509971,0.62759733,-0.17865217,0.069933206,0.62237346,-0.15794803,0.06362597,0.6401037,-0.17365986
0.061697856,0.64049435,-0.14444518,0.063666835,0.64743495,-0.15153612,0.06362597,0.6401037,-0.17365986
0.21214919,0.2721103,-0.18223761,0.21584454,0.2911037,-0.18642648,0.20726636,0.3036588,-0.17008275
-0.012217104,0.3932893,-0.39416948,-0.01828894,0.38670728,-0.38775313,-0.025084972,0.4018635,-0.36929885
-0.24372736,0.3524343,0.046572477,-0.23439252,0.36800262,0.04322935,-0.24504505,0.35444948,0.023217507
-0.23439252,0.36800262,0.04322935,-0.22946504,0.38083127,0.018413454,-0.24504505,0.35444948,0.023217507
-0.23426366,0.054046437,-0.0084235445,-0.2335316,0.06810841,0.009492986,-0.23465896,0.07124804,-0.011749923
0.090507545,0.7309979,-0.11782192,0.09869927,0.7535325,-0.109361656,0.090606585,0.74055684,-0.12235239
-0.25824657,0.1412189,-0.030021898,-0.25634265,0.12583253,-0.021070808,-0.26090473,0.1500189,-0.021498106
-0.08681775,0.06550975,-0.3229346,-0.092718475,0.04156144,-0.33150956,-0.097646154,0.044195503,-0.30178863
-0.25481647,0.18254891,0.036507748,-0.25473732,0.1900382,0.018347077,-0.25733855,0.1684725,0.00900884
-0.19584833,0.35705557,-0.10347094,-0.17828664,0.36522654,-0.13204427,-0.184106,0.35608253,-0.12725584
0.037157238,0.5675731,-0.47259372,0.06207408,0.5676408,-0.46893582,0.031305805,0.54256964,-0.4826912
0.091819525,0.67240787,-0.123731114,0.08377376,0.6599859,-0.16990012,0.075871244,0.64931846,-0.16934022
0.091819525,0.67240787,-0.123731114,0.09085222,0.6746776,-0.15135142,0.08377376,0.6599859,-0.16990012
-0.22534838,0.3866389,-3.5370886E-4,-0.22946504,0.38083127,0.018413454,-0.21966043,0.4040555,0.028419182
0.3670347,0.6456088,-0.17262599,0.3332938,0.6448735,-0.18569338,0.36915928,0.62962234,-0.18009879
-0.22269309,0.072738945,0.040895693,-0.22894892,0.081633046,0.029667914,-0.2335316,0.06810841,0.009492986
-0.08209069,0.2919501,0.20363441,-0.08565791,0.30759946,0.20044012,-0.1101713,0.31344277,0.1947435
0.08979609,0.25364974,-0.42667025,0.09467083,0.2822235,-0.43907997,0.105393514,0.2632286,-0.4283556
0.121933244,0.34512022,-0.43880525,0.119323306,0.36573163,-0.43345496,0.14012864,0.34773487,-0.4293158
0.121933244,0.34512022,-0.43880525,0.14012864,0.34773487,-0.4293158,0.13687347,0.32816213,-0.43193454
0.26935416,0.6156521,-0.21384013,0.29005218,0.6348903,-0.20171408,0.25396398,0.6340786,-0.21718481
0.26935416,0.6156521,-0.21384013,0.25396398,0.6340786,-0.21718481,0.24041955,0.6109967,-0.22773015
0.29057115,0.6533978,-0.19982848,0.2888857,0.6751629,-0.2093122,0.25398672,0.6500225,-0.21878554
0.0797486,0.6515626,-0.050955854,0.07904889,0.63817203,-0.081142105,0.091309965,0.64838576,-0.05754246
0.06775819,0.43549785,-0.47898954,0.045941338,0.4305767,-0.49162692,0.06162797,0.45365474,-0.48777443
0.13892812,0.52879965,-0.43507823,0.16687366,0.53127897,-0.4127076,0.15756789,0.5098132,-0.43308938
-0.067113146,0.04221496,-0.37098992,-0.049919948,0.045308307,-0.37696958,-0.057409763,0.032175094,-0.37554222
0.08127842,0.4038678,-0.43597966,0.11458627,0.4067742,-0.43524206,0.111478955,0.39192972,-0.42601573
-0.057409763,0.032175094,-0.37554222,-0.066059664,0.027752206,-0.36931604,-0.082782134,0.03841555,-0.35728782
0.13687347,0.32816213,-0.43193454,0.14012864,0.34773487,-0.4293158,0.15637222,0.3460455,-0.41878796
-0.05045038,0.041019455,-0.12523305,-0.07793976,0.042004794,-0.15547502,-0.031519618,0.039325,-0.16008277
0.08692656,0.37758848,-0.43333673,0.07792033,0.3916025,-0.43143675,0.111478955,0.39192972,-0.42601573
0.10578958,0.46037158,-0.47406915,0.09247112,0.4737315,-0.47700948,0.11188705,0.48077092,-0.4709804
0.11188705,0.48077092,-0.4709804,0.09489111,0.5009326,-0.47034734,0.11929189,0.5046153,-0.46028817
0.13623746,0.09767385,-0.14208633,0.16047469,0.088410646,-0.1288347,0.1718727,0.08060889,-0.1427014
0.14946346,0.08131786,-0.16685021,0.13623746,0.09767385,-0.14208633,0.1718727,0.08060889,-0.1427014
-0.09971582,0.044154152,0.16442959,-0.0797884,0.051047534,0.16877374,-0.10621672,0.059320703,0.18889795
0.11929189,0.5046153,-0.46028817,0.09489111,0.5009326,-0.47034734,0.09414759,0.51559484,-0.4633408
0.32119024,0.6685554,-0.1875206,0.2888857,0.6751629,-0.2093122,0.29057115,0.6533978,-0.19982848
0.06353891,0.5126245,-0.47362044,0.0319082,0.50599146,-0.4892494,0.063944235,0.53265023,-0.46746713
-0.12823057,0.16455084,0.24814193,-0.1411153,0.17079219,0.25223044,-0.13682978,0.14972308,0.2519277
0.1306491,0.42375782,-0.45056602,0.12637831,0.4394689,-0.46039796,0.15447949,0.43509725,-0.44089127
0.08844576,0.54199886,-0.45612475,0.10684162,0.55999315,-0.45564875,0.111500934,0.54276156,-0.45192185
0.05408546,0.13228735,0.16274509,0.03910873,0.1567285,0.17072468,0.0051409453,0.13650194,0.17406929
-0.19907695,0.05486968,0.096239075,-0.1865942,0.04580009,0.06838282,-0.17773159,0.041519642,0.098751836
-0.08960267,0.021720499,-0.23314473,-0.054502606,0.022338599,-0.26173168,-0.07652165,0.023607,-0.23317797
0.0076690763,0.2682207,0.19259363,0.02368743,0.28141996,0.18047082,-0.0027396455,0.28719443,0.196384
0.14708832,0.7362925,0.021993093,0.12884086,0.71572316,0.012955468,0.13887009,0.71457934,0.020966321
0.16591714,0.47619435,-0.43324155,0.15830442,0.4513208,-0.44101617,0.14861709,0.48455468,-0.44722164
0.15447949,0.43509725,-0.44089127,0.12637831,0.4394689,-0.46039796,0.1314148,0.45919594,-0.46199125
0.081544034,0.5998353,-0.45332047,0.07821391,0.60774004,-0.44479257,0.1093269,0.6084721,-0.4422728
0.10774561,0.5942862,-0.45496845,0.081544034,0.5998353,-0.45332047,0.1093269,0.6084721,-0.4422728
0.10585316,0.56682813,-0.22810732,0.087789625,0.5556259,-0.23423022,0.10410746,0.5357882,-0.22950418
0.0319082,0.50599146,-0.4892494,0.02433139,0.47442594,-0.503678,0.008808777,0.49524304,-0.49766368
0.13887009,0.71457934,0.020966321,0.12152007,0.69632244,0.01066535,0.1325829,0.69642437,0.011727165
0.007824533,0.0799827,-0.31539795,0.016492583,0.079687536,-0.2963962,0.03197313,0.057097495,-0.3199257
0.09467083,0.2822235,-0.43907997,0.10421929,0.3024166,-0.44455907,0.13538042,0.28882745,-0.42886335
0.32589966,0.6205033,-0.19869302,0.29005218,0.6348903,-0.20171408,0.28578967,0.61228657,-0.21064915
0.20511368,0.6083299,-0.24551162,0.18205224,0.60947394,-0.2601523,0.17391725,0.5872749,-0.26152253
0.035140287,0.041470498,0.121112235,0.015738927,0.064276636,0.13080575,0.011917163,0.041170046,0.115794465
0.016492583,0.079687536,-0.2963962,0.0077491626,0.10542673,-0.28869402,0.019356526,0.09284364,-0.28017676
0.13002354,0.660424,-0.09442747,0.11827597,0.6582264,-0.07413373,0.11238808,0.63790715,-0.10149475
0.15824091,0.39843938,-0.40117973,0.17231233,0.39786312,-0.38519403,0.16682014,0.3739678,-0.39959267
0.11327145,0.706553,-0.0072519258,0.12884086,0.71572316,0.012955468,0.14105363,0.7496041,0.008660782
0.14827056,0.18408716,-0.12359372,0.15606445,0.1818259,-0.106217936,0.14212358,0.15632299,-0.11112672
0.051608697,0.040980443,0.11892387,0.035140287,0.041470498,0.121112235,0.05194529,0.024399996,0.104057506
0.4088447,0.7258724,-0.13914524,0.398579,0.733973,-0.15001816,0.3980212,0.71344113,-0.14395148
0.10689792,0.34617466,0.058499254,0.095211945,0.33865038,0.086776786,0.1211451,0.3347133,0.075282246
-0.02531451,0.24849075,0.19880491,-0.021090567,0.27274567,0.20364742,-0.06452426,0.25766578,0.20315841
-0.009280935,0.2599587,0.19962138,-0.021090567,0.27274567,0.20364742,-0.02531451,0.24849075,0.19880491
0.18032494,0.5517268,-0.27402997,0.18843126,0.54646873,-0.28886685,0.19556351,0.55646,-0.29579452
-0.02383954,0.118537605,0.17038098,-0.039769284,0.13041517,0.17977013,-0.04203796,0.105103225,0.16464493
0.38173303,0.62538373,-0.1858998,0.3545972,0.60609233,-0.21049222,0.38028467,0.6245382,-0.19869474
0.09153375,0.6583713,-0.033667617,0.08381547,0.6649678,-0.033321876,0.0797486,0.6515626,-0.050955854
0.070253365,0.02980949,0.102377094,0.051608697,0.040980443,0.11892387,0.05194529,0.024399996,0.104057506
0.25398672,0.6500225,-0.21878554,0.2190071,0.6333425,-0.23791361,0.22368233,0.62121236,-0.2340648
0.25398672,0.6500225,-0.21878554,0.23279166,0.6570047,-0.24057187,0.2190071,0.6333425,-0.23791361
0.15637222,0.3460455,-0.41878796,0.17840643,0.34958622,-0.39561203,0.17206013,0.33770254,-0.4066635
-0.027261939,0.21546704,0.19538961,-0.0082684085,0.18870395,0.19150418,0.0010808259,0.21404931,0.18793285
0.08859377,0.57133245,-0.22418602,0.10585316,0.56682813,-0.22810732,0.09281425,0.58146966,-0.20428123
0.10827499,0.6869432,8.40798E-6,0.12069001,0.68341434,0.0018612593,0.12152007,0.69632244,0.01066535
0.13887009,0.71457934,0.020966321,0.12884086,0.71572316,0.012955468,0.12152007,0.69632244,0.01066535
0.18528014,0.0733701,-0.05488187,0.19616637,0.07370204,-0.07805643,0.17524818,0.0884625,-0.057856105
0.07588268,0.2758829,-0.4379549,0.09467083,0.2822235,-0.43907997,0.08979609,0.25364974,-0.42667025
0.15824091,0.39843938,-0.40117973,0.15702662,0.41865465,-0.42797682,0.17194566,0.41809312,-0.40804175
0.19946262,0.58473897,-0.25180197,0.22368233,0.62121236,-0.2340648,0.20511368,0.6083299,-0.24551162
0.05408546,0.13228735,0.16274509,0.0051409453,0.13650194,0.17406929,0.039909314,0.12014848,0.1624203
-0.03309796,0.09584509,-0.31300333,-0.039233588,0.10915664,-0.3015404,-0.011938088,0.10217309,-0.30031022
0.09467083,0.2822235,-0.43907997,0.13538042,0.28882745,-0.42886335,0.128019,0.28313217,-0.4280144
-0.051990774,0.27754706,0.20591946,-0.021090567,0.27274567,0.20364742,-0.048267294,0.2936216,0.20552538
0.21980472,0.5695466,-0.27134788,0.20369665,0.567956,-0.26597685,0.19556351,0.55646,-0.29579452
0.3332938,0.6448735,-0.18569338,0.29005218,0.6348903,-0.20171408,0.32589966,0.6205033,-0.19869302
-0.048267294,0.2936216,0.20552538,-0.030489225,0.30076668,0.2008725,-0.059498083,0.31182548,0.20194134
0.120006256,0.36111048,0.023012767,0.12797485,0.3496061,0.016395204,0.13433369,0.36430034,-0.0021904074
0.32119024,0.6685554,-0.1875206,0.32528275,0.68962204,-0.19449836,0.2888857,0.6751629,-0.2093122
-0.1412502,0.08873844,0.22555935,-0.17460021,0.1025787,0.22977611,-0.16490732,0.08269969,0.21266146
0.1762156,0.032678902,-0.245633,0.17899767,0.01950109,-0.2531169,0.17853627,0.018884659,-0.26687136
0.028974146,0.0749625,0.13778922,-0.006670285,0.07065055,0.13405702,0.015738927,0.064276636,0.13080575
0.054406118,0.22047248,0.16973507,0.037211545,0.24392682,0.17607653,0.024132267,0.22863433,0.18371153
0.1251392,0.6140388,-0.42287982,0.13124578,0.6041672,-0.43764457,0.1093269,0.6084721,-0.4422728
0.12884086,0.71572316,0.012955468,0.11327145,0.706553,-0.0072519258,0.10827499,0.6869432,8.40798E-6
0.024132267,0.22863433,0.18371153,0.028671183,0.20753413,0.18028232,0.054406118,0.22047248,0.16973507
-0.052591596,0.33544108,0.19174607,-0.025645632,0.34094423,0.18517482,-0.038162682,0.35497847,0.18604143
0.015738927,0.064276636,0.13080575,-0.006670285,0.07065055,0.13405702,-0.0063100196,0.052136347,0.11818568
0.039734855,0.1173113,-0.2606715,0.025774494,0.11906806,-0.2718482,0.024719633,0.13521534,-0.2835278
-0.1865942,0.04580009,0.06838282,-0.2074762,0.065767035,0.090858944,-0.20817953,0.07666984,0.07705874
0.15447949,0.43509725,-0.44089127,0.15830442,0.4513208,-0.44101617,0.18494023,0.4539155,-0.40830454
0.17194566,0.41809312,-0.40804175,0.15702662,0.41865465,-0.42797682,0.17671081,0.4328753,-0.4159056
-0.015095286,0.23031482,0.19119377,-0.02531451,0.24849075,0.19880491,-0.054519113,0.24237764,0.20042443
0.3332938,0.6448735,-0.18569338,0.29057115,0.6533978,-0.19982848,0.29005218,0.6348903,-0.20171408
0.1631029,0.324406,-0.41395485,0.17206013,0.33770254,-0.4066635,0.17784797,0.32734764,-0.39982644
-0.012373008,0.16630667,0.18812785,-0.0082684085,0.18870395,0.19150418,-0.035578266,0.17405906,0.19531801
0.049361326,0.1794866,0.16450979,0.025814928,0.18925121,0.17634243,0.029330753,0.17195633,0.17244622
0.15830442,0.4513208,-0.44101617,0.16591714,0.47619435,-0.43324155,0.17620778,0.4638448,-0.41963732
0.15702662,0.41865465,-0.42797682,0.15447949,0.43509725,-0.44089127,0.17671081,0.4328753,-0.4159056
0.15447949,0.43509725,-0.44089127,0.1314148,0.45919594,-0.46199125,0.15830442,0.4513208,-0.44101617
0.07792033,0.3916025,-0.43143675,0.08127842,0.4038678,-0.43597966,0.111478955,0.39192972,-0.42601573
0.11216149,0.48437998,-0.17720525,0.08956174,0.49125525,-0.19069107,0.081428446,0.4857547,-0.16642457
0.04088207,0.48203763,-0.0040190564,0.01198357,0.48824415,0.025939774,0.051752724,0.46452668,0.012599577
0.14565434,0.7110317,0.008950338,0.15516539,0.732465,0.016769934,0.14837727,0.72130513,0.020766687
0.0029480085,0.24328342,0.19087699,-0.009280935,0.2599587,0.19962138,-0.02531451,0.24849075,0.19880491
-0.20910211,0.32293817,-0.1853064,-0.22350243,0.3270013,-0.16162403,-0.20439579,0.3367786,-0.16789934
-0.22116005,0.035165846,0.002411209,-0.219111,0.048812702,0.02263178,-0.23117958,0.050807655,0.00544893
-0.027261939,0.21546704,0.19538961,0.0010808259,0.21404931,0.18793285,-0.015095286,0.23031482,0.19119377
0.40010202,0.6694162,-0.14676203,0.40143043,0.69168866,-0.140417,0.39199585,0.67396176,-0.14998561
0.0697445,0.54855525,-0.46620497,0.04821579,0.542096,-0.47718447,0.06207408,0.5676408,-0.46893582
-0.015095286,0.23031482,0.19119377,-0.054519113,0.24237764,0.20042443,-0.027261939,0.21546704,0.19538961
-0.052591596,0.33544108,0.19174607,-0.030771747,0.31974813,0.19166502,-0.025645632,0.34094423,0.18517482
0.32119024,0.6685554,-0.1875206,0.29057115,0.6533978,-0.19982848,0.3332938,0.6448735,-0.18569338
0.11238808,0.63790715,-0.10149475,0.11827597,0.6582264,-0.07413373,0.091309965,0.64838576,-0.05754246
0.09725339,0.6725,-0.013805218,0.092810355,0.6813576,-0.027607735,0.08381547,0.6649678,-0.033321876
-0.089569636,0.27602127,0.20233327,-0.11933462,0.28476524,0.19472696,-0.10368529,0.2708919,0.19764844
-0.021090567,0.27274567,0.20364742,-0.051990774,0.27754706,0.20591946,-0.06452426,0.25766578,0.20315841
0.02433139,0.47442594,-0.503678,0.0319082,0.50599146,-0.4892494,0.042745605,0.4873673,-0.49212372
0.013754457,0.088035494,0.15587229,0.0058967993,0.11269215,0.16928698,-0.004091203,0.101623446,0.16428511
0.08707658,0.5611687,-0.4639568,0.06207408,0.5676408,-0.46893582,0.105393544,0.5771589,-0.45887005
0.027086131,0.026296988,0.10982768,0.05194529,0.024399996,0.104057506,0.035140287,0.041470498,0.121112235
0.2190071,0.6333425,-0.23791361,0.20369326,0.6330308,-0.25198346,0.18205224,0.60947394,-0.2601523
-0.044863924,0.24310914,-0.38009244,-0.010093182,0.23786762,-0.40457752,-0.028234765,0.22215185,-0.38073778
0.14283271,0.77861714,-0.027775705,0.12799224,0.78498006,-0.032442857,0.1454541,0.77988005,-0.013515938
0.06162797,0.45365474,-0.48777443,0.039305806,0.45099595,-0.5014976,0.044888422,0.46535107,-0.49711972
0.16811001,0.32929015,-0.05463218,0.16595511,0.33281067,-0.02335288,0.18465394,0.3188909,-0.05164084
-0.0082684085,0.18870395,0.19150418,-0.027261939,0.21546704,0.19538961,-0.048728053,0.21318567,0.20086701
-0.046635367,0.19085869,0.19983539,-0.0082684085,0.18870395,0.19150418,-0.048728053,0.21318567,0.20086701
-0.09591472,0.06549445,-0.27874964,-0.09090444,0.06898993,-0.2949494,-0.097646154,0.044195503,-0.30178863
-0.23117958,0.050807655,0.00544893,-0.219111,0.048812702,0.02263178,-0.22269309,0.072738945,0.040895693
0.13892812,0.52879965,-0.43507823,0.15048327,0.54495,-0.41898212,0.16687366,0.53127897,-0.4127076
0.22278474,0.34720224,-0.3114014,0.20838541,0.36758313,-0.3418147,0.20776233,0.38930497,-0.3135652
-0.035578266,0.17405906,0.19531801,-0.046635367,0.19085869,0.19983539,-0.066200554,0.17237654,0.19448416
0.16591714,0.47619435,-0.43324155,0.17518254,0.5139041,-0.41560784,0.18032724,0.4925833,-0.41051447
0.15637222,0.3460455,-0.41878796,0.16682014,0.3739678,-0.39959267,0.17840643,0.34958622,-0.39561203
-0.02383954,0.118537605,0.17038098,-0.026972901,0.14958191,0.1873492,-0.039769284,0.13041517,0.17977013
0.013754457,0.088035494,0.15587229,-0.004091203,0.101623446,0.16428511,-0.0063225515,0.09033695,0.15597557
-0.004091203,0.101623446,0.16428511,-0.02383954,0.118537605,0.17038098,-0.027404733,0.08725123,0.1496197
0.20511368,0.6083299,-0.24551162,0.2190071,0.6333425,-0.23791361,0.18205224,0.60947394,-0.2601523
0.3980212,0.71344113,-0.14395148,0.40143043,0.69168866,-0.140417,0.40853602,0.70010567,-0.13621177
0.10672531,0.67287576,-0.009391703,0.09725339,0.6725,-0.013805218,0.09153375,0.6583713,-0.033667617
0.105393514,0.2632286,-0.4283556,0.09467083,0.2822235,-0.43907997,0.13889822,0.27172428,-0.41571227
0.12152007,0.69632244,0.01066535,0.12884086,0.71572316,0.012955468,0.10827499,0.6869432,8.40798E-6
0.24041955,0.6109967,-0.22773015,0.25396398,0.6340786,-0.21718481,0.22368233,0.62121236,-0.2340648
0.15233889,0.3118856,-0.42189443,0.17670582,0.31055015,-0.39949664,0.17568237,0.2887079,-0.4046308
0.3594709,0.71839845,-0.254361,0.36727595,0.7156955,-0.25607646,0.32526726,0.69369876,-0.2744339
0.16462938,0.26286075,-0.39948264,0.16156918,0.28434557,-0.41278243,0.17568237,0.2887079,-0.4046308
0.15067601,0.60307515,-0.4139189,0.16759408,0.6036066,-0.38139445,0.16230391,0.58562565,-0.39745632
-0.035578266,0.17405906,0.19531801,-0.066200554,0.17237654,0.19448416,-0.05827135,0.14919916,0.18796161
-0.23426366,0.054046437,-0.0084235445,-0.22960027,0.034882993,-0.021740042,-0.23117958,0.050807655,0.00544893
-0.0063225515,0.09033695,0.15597557,-0.004091203,0.101623446,0.16428511,-0.027404733,0.08725123,0.1496197
-0.1979024,0.03526655,0.025484614,-0.22116005,0.035165846,0.002411209,-0.20664465,0.02820319,0.0034106746
0.011734977,0.1525904,0.17892721,-0.026972901,0.14958191,0.1873492,0.0051409453,0.13650194,0.17406929
0.015535906,0.12605289,0.17033194,0.0051409453,0.13650194,0.17406929,0.0058967993,0.11269215,0.16928698
0.08125232,0.07196115,-0.3007296,0.038475268,0.06468104,-0.2902965,0.08016232,0.08222251,-0.28338623
0.15637222,0.3460455,-0.41878796,0.15138738,0.37813804,-0.41101584,0.16682014,0.3739678,-0.39959267
0.027643763,0.09961635,-0.26911667,0.025774494,0.11906806,-0.2718482,0.039734855,0.1173113,-0.2606715
-0.0063225515,0.09033695,0.15597557,-0.027404733,0.08725123,0.1496197,-0.006670285,0.07065055,0.13405702
-0.03432101,0.42258653,-0.32034257,-0.045411944,0.41710517,-0.30127075,-0.03134547,0.43856463,-0.28987294
0.07830864,0.6283847,-0.109414965,0.09114596,0.61810994,-0.12969907,0.08945738,0.6343845,-0.0908778
0.035942957,0.09549466,-0.26325312,0.027643763,0.09961635,-0.26911667,0.039734855,0.1173113,-0.2606715
0.25396398,0.6340786,-0.21718481,0.25398672,0.6500225,-0.21878554,0.22368233,0.62121236,-0.2340648
0.09467083,0.2822235,-0.43907997,0.128019,0.28313217,-0.4280144,0.13889822,0.27172428,-0.41571227
0.11300644,0.019145042,0.026724996,0.10083934,0.023909941,0.058418892,0.07869385,0.021464989,0.07570766
0.021495864,0.45420125,-0.5074288,0.02433139,0.47442594,-0.503678,0.044888422,0.46535107,-0.49711972
0.011734977,0.1525904,0.17892721,-0.012373008,0.16630667,0.18812785,-0.026972901,0.14958191,0.1873492
-0.0635075,0.1390413,0.18538892,-0.058537617,0.12467408,0.18578126,-0.039769284,0.13041517,0.17977013
0.16873793,0.23195058,-0.12861578,0.17979008,0.2576819,-0.12916788,0.16669425,0.23624173,-0.11639607
0.12631103,0.078137845,-0.30287287,0.10732089,0.08270025,-0.29436293,0.09677273,0.0935891,-0.27427867
0.12604663,0.5667294,-0.45001268,0.13734156,0.5812807,-0.43927634,0.1341717,0.5572181,-0.4426027
-0.047799245,0.4102507,-0.41035208,-0.06348573,0.42120436,-0.40936178,-0.061271623,0.41626814,-0.4294964
0.09153375,0.6583713,-0.033667617,0.09725339,0.6725,-0.013805218,0.08381547,0.6649678,-0.033321876
0.12901127,0.6893585,-0.013054755,0.1325829,0.69642437,0.011727165,0.12069001,0.68341434,0.0018612593
0.02999498,0.036447495,-0.349461,0.018067136,0.056419194,-0.35121316,0.02877704,0.048070848,-0.33841395
0.15623668,0.56245935,-0.40582275,0.14466947,0.5696291,-0.42800215,0.1543105,0.5802934,-0.41810778
0.0029480085,0.24328342,0.19087699,-0.02531451,0.24849075,0.19880491,-0.015095286,0.23031482,0.19119377
0.1341717,0.5572181,-0.4426027,0.13734156,0.5812807,-0.43927634,0.14466947,0.5696291,-0.42800215
-0.219111,0.048812702,0.02263178,-0.20829064,0.06676145,0.056737408,-0.22269309,0.072738945,0.040895693
0.19897655,0.31458667,-0.010489248,0.2074089,0.2991902,-0.0010362342,0.21320985,0.29734015,-0.023372613
-0.031363845,0.37515,0.17667581,-0.038162682,0.35497847,0.18604143,-0.01695577,0.36366913,0.1765211
-0.058537617,0.12467408,0.18578126,-0.04203796,0.105103225,0.16464493,-0.039769284,0.13041517,0.17977013
-0.052591596,0.33544108,0.19174607,-0.038162682,0.35497847,0.18604143,-0.07434855,0.3374563,0.19270426
0.16840851,0.34661195,-0.07288085,0.1787565,0.32979295,-0.095242,0.17092045,0.36306325,-0.091593795
0.07948836,0.20497578,-0.39652652,0.110193975,0.22805098,-0.4044562,0.10839009,0.20851213,-0.39474958
-0.2205527,0.27778018,0.12900686,-0.20696893,0.30930182,0.13912287,-0.22560334,0.30230352,0.11660032
-0.038625076,0.4335203,-0.4670697,-0.05862087,0.43370184,-0.4576031,-0.04963225,0.44336876,-0.46586823
0.12797485,0.3496061,0.016395204,0.14140439,0.35364786,-0.017395388,0.13433369,0.36430034,-0.0021904074
0.11300644,0.019145042,0.026724996,0.121479586,0.023953095,0.027941827,0.10083934,0.023909941,0.058418892
-0.0082684085,0.18870395,0.19150418,-0.046635367,0.19085869,0.19983539,-0.035578266,0.17405906,0.19531801
-0.20685937,0.031149536,-0.12148427,-0.20737888,0.047383994,-0.11363863,-0.20218548,0.04494214,-0.14259733
0.17671081,0.4328753,-0.4159056,0.15447949,0.43509725,-0.44089127,0.18494023,0.4539155,-0.40830454
0.059884883,0.16396266,0.1600252,0.049361326,0.1794866,0.16450979,0.029330753,0.17195633,0.17244622
0.14721778,0.17081153,-0.13941127,0.16808558,0.19887003,-0.14818421,0.164474,0.21419933,-0.13285327
-0.219111,0.048812702,0.02263178,-0.18753427,0.04052289,0.04576739,-0.20829064,0.06676145,0.056737408
0.14105363,0.7496041,0.008660782,0.15021013,0.7601162,0.013223037,0.14491814,0.7745575,-0.0040363707
0.12797485,0.3496061,0.016395204,0.14981611,0.34028727,-0.020785537,0.14140439,0.35364786,-0.017395388
0.34477097,0.68720436,-0.17777133,0.32528275,0.68962204,-0.19449836,0.32119024,0.6685554,-0.1875206
0.044211797,0.12939075,-0.26564148,0.039734855,0.1173113,-0.2606715,0.024719633,0.13521534,-0.2835278
-0.006670285,0.07065055,0.13405702,-0.027404733,0.08725123,0.1496197,-0.024588779,0.063222885,0.12736128
0.029471219,0.080500305,-0.27552086,0.03831502,0.07724565,-0.27380544,0.038475268,0.06468104,-0.2902965
-0.046635367,0.19085869,0.19983539,-0.048728053,0.21318567,0.20086701,-0.06605238,0.19784012,0.20052196
-0.048728053,0.21318567,0.20086701,-0.054519113,0.24237764,0.20042443,-0.079564914,0.2290527,0.2020934
0.07860002,0.53192616,-0.23277448,0.087789625,0.5556259,-0.23423022,0.07061644,0.5641762,-0.24102068
0.15830442,0.4513208,-0.44101617,0.17620778,0.4638448,-0.41963732,0.18494023,0.4539155,-0.40830454
0.14827056,0.18408716,-0.12359372,0.14721778,0.17081153,-0.13941127,0.164474,0.21419933,-0.13285327
0.011734977,0.1525904,0.17892721,0.03910873,0.1567285,0.17072468,0.029330753,0.17195633,0.17244622
0.049305934,0.5377487,-0.24617437,0.040298328,0.55799496,-0.2622008,0.023678966,0.5333439,-0.26276723
-0.08209069,0.2919501,0.20363441,-0.048267294,0.2936216,0.20552538,-0.059498083,0.31182548,0.20194134
-0.038162682,0.35497847,0.18604143,-0.046621602,0.36864218,0.18186812,-0.07434855,0.3374563,0.19270426
-0.046635367,0.19085869,0.19983539,-0.06605238,0.19784012,0.20052196,-0.066200554,0.17237654,0.19448416
0.14656599,0.34114823,0.017022438,0.12940766,0.3420125,0.047594488,0.15610929,0.3338872,0.032333348
0.03831502,0.07724565,-0.27380544,0.035942957,0.09549466,-0.26325312,0.05123291,0.0878894,-0.2680235
0.05123291,0.0878894,-0.2680235,0.08016232,0.08222251,-0.28338623,0.038475268,0.06468104,-0.2902965
0.039909314,0.12014848,0.1624203,0.0051409453,0.13650194,0.17406929,0.015535906,0.12605289,0.17033194
-0.11933462,0.28476524,0.19472696,-0.08209069,0.2919501,0.20363441,-0.1101713,0.31344277,0.1947435
0.05123291,0.0878894,-0.2680235,0.038475268,0.06468104,-0.2902965,0.03831502,0.07724565,-0.27380544
0.17231233,0.39786312,-0.38519403,0.15824091,0.39843938,-0.40117973,0.17194566,0.41809312,-0.40804175
0.051608697,0.040980443,0.11892387,0.045832485,0.06831199,0.1368242,0.035140287,0.041470498,0.121112235
-0.11624513,0.17615226,0.23763585,-0.10611987,0.14506188,0.24392803,-0.0965318,0.15806034,0.2312657
0.011734977,0.1525904,0.17892721,0.029330753,0.17195633,0.17244622,0.011087157,0.17328522,0.18402144
-0.1289808,0.3181534,0.18778165,-0.119243115,0.3474337,0.18194844,-0.13841937,0.35468885,0.17044042
0.3618679,0.66833186,-0.16776758,0.32119024,0.6685554,-0.1875206,0.3332938,0.6448735,-0.18569338
0.028671183,0.20753413,0.18028232,0.024132267,0.22863433,0.18371153,0.0010808259,0.21404931,0.18793285
0.0010808259,0.21404931,0.18793285,0.0029480085,0.24328342,0.19087699,-0.015095286,0.23031482,0.19119377
0.10684162,0.55999315,-0.45564875,0.08707658,0.5611687,-0.4639568,0.105393544,0.5771589,-0.45887005
0.105393544,0.5771589,-0.45887005,0.076562,0.5865276,-0.46180123,0.10774561,0.5942862,-0.45496845
0.34477097,0.68720436,-0.17777133,0.36425266,0.7148104,-0.1774538,0.32528275,0.68962204,-0.19449836
0.076562,0.5865276,-0.46180123,0.081544034,0.5998353,-0.45332047,0.10774561,0.5942862,-0.45496845
0.07683158,0.58318055,-0.21635792,0.06637904,0.602648,-0.21775103,0.07119103,0.5779803,-0.23539722
-0.10439691,0.36805406,0.17843091,-0.08535027,0.39254108,0.16649988,-0.09957433,0.4058378,0.15551868
-0.22608556,0.13225296,0.103052445,-0.223178,0.10965404,0.079743564,-0.22010306,0.102247834,0.08831641
0.14708832,0.7362925,0.021993093,0.14105363,0.7496041,0.008660782,0.12884086,0.71572316,0.012955468
0.06445737,0.07167804,0.12879863,0.045832485,0.06831199,0.1368242,0.051608697,0.040980443,0.11892387
0.07717112,0.045144737,-0.008897468,0.10669944,0.04381284,-0.054401428,0.09483674,0.04145144,-0.014622431
-0.08960267,0.021720499,-0.23314473,-0.101797774,0.027200893,-0.27106246,-0.08968274,0.02334115,-0.27291626
0.024132267,0.22863433,0.18371153,0.0029480085,0.24328342,0.19087699,0.0010808259,0.21404931,0.18793285
-0.0063100196,0.052136347,0.11818568,-0.024588779,0.063222885,0.12736128,-0.027420668,0.03828618,0.107180566
0.011917163,0.041170046,0.115794465,-0.0063100196,0.052136347,0.11818568,-0.027420666,0.03828618,0.107180566
0.011917163,0.041170046,0.115794465,-0.027420666,0.03828618,0.107180566,-0.0028716587,0.026469693,0.10256876
0.20511368,0.6083299,-0.24551162,0.17391725,0.5872749,-0.26152253,0.19946262,0.58473897,-0.25180197
-0.013995588,0.07591374,-0.3584287,-0.0052871555,0.08649789,-0.32298946,0.012577966,0.06861,-0.343049
-0.08209069,0.2919501,0.20363441,-0.059498083,0.31182548,0.20194134,-0.08565791,0.30759946,0.20044012
0.14900401,0.087454244,-0.18474461,0.14174554,0.09642555,-0.15686938,0.14946346,0.08131786,-0.16685021
-0.026972901,0.14958191,0.1873492,-0.05827135,0.14919916,0.18796161,-0.039769284,0.13041517,0.17977013
0.025814928,0.18925121,0.17634243,0.0010808259,0.21404931,0.18793285,-0.0082684085,0.18870395,0.19150418
0.070253365,0.02980949,0.102377094,0.05194529,0.024399996,0.104057506,0.07869385,0.021464989,0.07570766
-0.02531451,0.24849075,0.19880491,-0.06452426,0.25766578,0.20315841,-0.054519113,0.24237764,0.20042443
-0.11933462,0.28476524,0.19472696,-0.1101713,0.31344277,0.1947435,-0.1289808,0.3181534,0.18778165
0.17194566,0.41809312,-0.40804175,0.17671081,0.4328753,-0.4159056,0.18330094,0.42334202,-0.39038545
0.21699408,0.020945504,-0.12874834,0.21556276,0.035536855,-0.09851403,0.21701744,0.018836945,-0.10891083
0.15138738,0.37813804,-0.41101584,0.15824091,0.39843938,-0.40117973,0.16682014,0.3739678,-0.39959267
0.029330753,0.17195633,0.17244622,0.025814928,0.18925121,0.17634243,0.011087157,0.17328522,0.18402144
0.028671183,0.20753413,0.18028232,0.0010808259,0.21404931,0.18793285,0.025814928,0.18925121,0.17634243
0.13124578,0.6041672,-0.43764457,0.1438274,0.59738874,-0.43242145,0.13184068,0.5924294,-0.44460434
0.39199585,0.67396176,-0.14998561,0.40143043,0.69168866,-0.140417,0.37401634,0.69326603,-0.15904433
0.32368436,0.61156666,-0.24740382,0.3117426,0.59938717,-0.2580973,0.29513723,0.6082021,-0.26917833
0.024132267,0.22863433,0.18371153,0.020732753,0.25984496,0.18226309,0.0029480085,0.24328342,0.19087699
0.37401634,0.69326603,-0.15904433,0.34477097,0.68720436,-0.17777133,0.32119024,0.6685554,-0.1875206
0.3618679,0.66833186,-0.16776758,0.37401634,0.69326603,-0.15904433,0.32119024,0.6685554,-0.1875206
0.1667466,0.23620138,-0.38477507,0.16462938,0.26286075,-0.39948264,0.1776869,0.25394765,-0.3801322
0.019356526,0.09284364,-0.28017676,0.027643763,0.09961635,-0.26911667,0.029471219,0.080500305,-0.27552086
0.13938445,0.5485629,-0.43181083,0.1341717,0.5572181,-0.4426027,0.14466947,0.5696291,-0.42800215
0.14466947,0.5696291,-0.42800215,0.13734156,0.5812807,-0.43927634,0.1543105,0.5802934,-0.41810778
0.16230391,0.58562565,-0.39745632,0.17255883,0.5837139,-0.3786118,0.15623668,0.56245935,-0.40582275
0.013754457,0.088035494,0.15587229,-0.0063225515,0.09033695,0.15597557,-0.006670285,0.07065055,0.13405702
-0.048728053,0.21318567,0.20086701,-0.079564914,0.2290527,0.2020934,-0.06605238,0.19784012,0.20052196
-0.13682978,0.14972308,0.2519277,-0.10611987,0.14506188,0.24392803,-0.12823057,0.16455084,0.24814193
-0.19009328,0.2666919,0.15943478,-0.2093358,0.2592345,0.14368376,-0.2040346,0.22758353,0.14870322
0.16230391,0.58562565,-0.39745632,0.16759408,0.6036066,-0.38139445,0.17255883,0.5837139,-0.3786118
-0.051990774,0.27754706,0.20591946,-0.048267294,0.2936216,0.20552538,-0.08209069,0.2919501,0.20363441
-0.0063100196,0.052136347,0.11818568,-0.006670285,0.07065055,0.13405702,-0.024588779,0.063222885,0.12736128
0.030459024,0.107117236,0.1650176,0.015535906,0.12605289,0.17033194,0.0058967993,0.11269215,0.16928698
0.25396398,0.6340786,-0.21718481,0.29005218,0.6348903,-0.20171408,0.29057115,0.6533978,-0.19982848
0.07837165,0.66625,-0.053175177,0.070065156,0.65568995,-0.0649484,0.0797486,0.6515626,-0.050955854
0.3670347,0.6456088,-0.17262599,0.3618679,0.66833186,-0.16776758,0.3332938,0.6448735,-0.18569338
0.030459024,0.107117236,0.1650176,0.0058967993,0.11269215,0.16928698,0.013754457,0.088035494,0.15587229
0.21825045,0.02387999,-0.09125546,0.21701744,0.018836945,-0.10891083,0.21556276,0.035536855,-0.09851403
0.022482216,0.44084188,-0.5046217,0.039305806,0.45099595,-0.5014976,0.045941338,0.4305767,-0.49162692
0.045832485,0.06831199,0.1368242,0.015738927,0.064276636,0.13080575,0.035140287,0.041470498,0.121112235
0.0058967993,0.11269215,0.16928698,-0.02383954,0.118537605,0.17038098,-0.004091203,0.101623446,0.16428511
0.2560876,0.5802604,-0.2505726,0.29007143,0.5935769,-0.22636095,0.259672,0.5938903,-0.22908586
-0.20108145,0.34748366,0.1303076,-0.21117786,0.35629848,0.113909185,-0.21956298,0.3258511,0.11828183
-0.012373008,0.16630667,0.18812785,-0.035578266,0.17405906,0.19531801,-0.026972901,0.14958191,0.1873492
0.07869385,0.021464989,0.07570766,0.10083934,0.023909941,0.058418896,0.09816544,0.0306461,0.070593044
-0.07434855,0.3374563,0.19270426,-0.046621602,0.36864218,0.18186812,-0.081089474,0.36157987,0.18416175
0.011087157,0.17328522,0.18402144,0.025814928,0.18925121,0.17634243,-0.0082684085,0.18870395,0.19150418
0.011057615,0.57006,-0.2927921,-0.0041015297,0.5831157,-0.3091637,-0.0069236457,0.5633614,-0.30957565
-0.027261939,0.21546704,0.19538961,-0.054519113,0.24237764,0.20042443,-0.048728053,0.21318567,0.20086701
0.061033342,0.032057688,0.043198798,0.03800254,0.028226003,0.06532265,0.04794578,0.03852594,0.048931435
0.17670582,0.31055015,-0.39949664,0.1631029,0.324406,-0.41395485,0.17784797,0.32734764,-0.39982644
-0.20696893,0.30930182,0.13912287,-0.21956298,0.3258511,0.11828183,-0.22560334,0.30230352,0.11660032
-0.20696893,0.30930182,0.13912287,-0.20108145,0.34748366,0.1303076,-0.21956298,0.3258511,0.11828183
-0.20108145,0.34748366,0.1303076,-0.20170853,0.38426456,0.108931646,-0.21117786,0.35629848,0.113909185
-0.09957433,0.4058378,0.15551868,-0.12485605,0.37773642,0.16533855,-0.10439691,0.36805406,0.17843091
0.07869385,0.021464989,0.07570766,0.09816544,0.0306461,0.070593044,0.070253365,0.02980949,0.102377094
0.07438488,0.059428588,-0.31185427,0.038475268,0.06468104,-0.2902965,0.08125232,0.07196115,-0.3007296
0.3980212,0.71344113,-0.14395148,0.37601668,0.7106559,-0.16117252,0.37401634,0.69326603,-0.15904433
-0.0028716587,0.026469693,0.10256876,-0.027420668,0.03828618,0.107180566,-0.02883709,0.027837902,0.09972404
0.12460137,0.63457346,-0.1255795,0.13002354,0.660424,-0.09442747,0.11238808,0.63790715,-0.10149475
0.15725628,0.31122085,0.06910853,0.1699995,0.31438103,0.04934284,0.14513835,0.3258256,0.06813254
0.0058967993,0.11269215,0.16928698,0.0051409453,0.13650194,0.17406929,-0.02383954,0.118537605,0.17038098
-0.066200554,0.17237654,0.19448416,-0.082920104,0.16740313,0.1937917,-0.05827135,0.14919916,0.18796161
0.37601668,0.7106559,-0.16117252,0.34477097,0.68720436,-0.17777133,0.37401634,0.69326603,-0.15904433
0.12611213,0.5447687,-0.4454613,0.1341717,0.5572181,-0.4426027,0.13938445,0.5485629,-0.43181083
0.37601668,0.7106559,-0.16117252,0.36425266,0.7148104,-0.1774538,0.34477097,0.68720436,-0.17777133
0.011057615,0.57006,-0.2927921,0.008555725,0.5990846,-0.2967857,-0.0041015297,0.5831157,-0.3091637
0.14565434,0.7110317,0.008950338,0.14837727,0.72130513,0.020766687,0.1325829,0.69642437,0.011727165
-0.05827135,0.14919916,0.18796161,-0.082920104,0.16740313,0.1937917,-0.0635075,0.1390413,0.18538892
0.15516539,0.732465,0.016769934,0.15498963,0.7447914,0.020385332,0.14837727,0.72130513,0.020766687
-0.026972901,0.14958191,0.1873492,-0.035578266,0.17405906,0.19531801,-0.05827135,0.14919916,0.18796161
0.045832485,0.06831199,0.1368242,0.028974146,0.0749625,0.13778922,0.015738927,0.064276636,0.13080575
0.011087157,0.17328522,0.18402144,-0.0082684085,0.18870395,0.19150418,-0.012373008,0.16630667,0.18812785
0.13892812,0.52879965,-0.43507823,0.12611213,0.5447687,-0.4454613,0.13938445,0.5485629,-0.43181083
-0.19808331,0.3040906,0.14863232,-0.2205527,0.27778018,0.12900686,-0.2093358,0.2592345,0.14368376
-0.19808331,0.3040906,0.14863232,-0.20696893,0.30930182,0.13912287,-0.2205527,0.27778018,0.12900686
-0.19808331,0.3040906,0.14863232,-0.20108145,0.34748366,0.1303076,-0.20696893,0.30930182,0.13912287
-0.17927642,0.38346252,0.12949115,-0.20170853,0.38426456,0.108931646,-0.20108145,0.34748366,0.1303076
-0.19938894,0.088865444,0.20271902,-0.16490732,0.08269969,0.21266146,-0.19620952,0.10062829,0.21779504
0.17979008,0.2576819,-0.12916788,0.18487763,0.27616355,-0.12429204,0.1792627,0.25098035,-0.10853285
0.025078125,0.55899537,-0.27890798,-0.0074359924,0.5377344,-0.3005859,0.00959304,0.53981936,-0.28318346
0.025078125,0.55899537,-0.27890798,0.011057615,0.57006,-0.2927921,-0.0074359924,0.5377344,-0.3005859
-0.17460021,0.1025787,0.22977611,-0.17497122,0.13181391,0.24361686,-0.19820392,0.114106596,0.22603773
0.07923161,0.6101719,-0.15660116,0.07304962,0.599807,-0.19641554,0.08231607,0.59614253,-0.18211046
0.0051409453,0.13650194,0.17406929,-0.026972901,0.14958191,0.1873492,-0.02383954,0.118537605,0.17038098
0.011734977,0.1525904,0.17892721,0.011087157,0.17328522,0.18402144,-0.012373008,0.16630667,0.18812785
0.13892812,0.52879965,-0.43507823,0.10595225,0.52559376,-0.45332664,0.12611213,0.5447687,-0.4454613
0.063215315,0.23975328,-0.42437372,0.066407435,0.25584778,-0.4339429,0.07891503,0.23430666,-0.4176051
0.10595225,0.52559376,-0.45332664,0.111500934,0.54276156,-0.45192185,0.12611213,0.5447687,-0.4454613
-0.17495915,0.336947,0.15586646,-0.20108145,0.34748366,0.1303076,-0.19808331,0.3040906,0.14863232
-0.16689013,0.3642108,0.14797705,-0.17927642,0.38346252,0.12949115,-0.20108145,0.34748366,0.1303076
0.011057615,0.57006,-0.2927921,0.032688327,0.58414567,-0.27650926,0.008555725,0.5990846,-0.2967857
0.032688327,0.58414567,-0.27650926,0.038875908,0.600683,-0.27227375,0.008555725,0.5990846,-0.2967857
-0.06605238,0.19784012,0.20052196,-0.08713223,0.20838061,0.19873568,-0.066200554,0.17237654,0.19448416
0.066407435,0.25584778,-0.4339429,0.08979609,0.25364974,-0.42667025,0.07891503,0.23430666,-0.4176051
0.00959304,0.53981936,-0.28318346,-0.009089597,0.5243306,-0.28968215,0.023678966,0.5333439,-0.26276723
0.33272392,0.5996139,-0.2169227,0.29007143,0.5935769,-0.22636095,0.28275388,0.58616686,-0.2434459
0.066407435,0.25584778,-0.4339429,0.07588268,0.2758829,-0.4379549,0.08979609,0.25364974,-0.42667025
-0.19009328,0.2666919,0.15943478,-0.19808331,0.3040906,0.14863232,-0.2093358,0.2592345,0.14368376
-0.17495915,0.336947,0.15586646,-0.16689013,0.3642108,0.14797705,-0.20108145,0.34748366,0.1303076
-0.13841937,0.35468885,0.17044042,-0.17495915,0.336947,0.15586646,-0.15393469,0.32401332,0.17294826
0.19285107,0.292317,-0.13787124,0.18904081,0.2933168,-0.11082519,0.18280824,0.27658093,-0.112813964
0.18487763,0.27616355,-0.12429204,0.19285107,0.292317,-0.13787124,0.18280824,0.27658093,-0.112813964
-0.22906831,0.1837062,0.21177101,-0.21747535,0.17846724,0.22709578,-0.20645502,0.19256523,0.23146206
0.15717266,0.75625515,0.010699179,0.1526298,0.76985943,0.0025593415,0.15021013,0.7601162,0.013223037
-0.2678453,0.28155714,-0.01721318,-0.25778013,0.30449304,-0.029258862,-0.26967487,0.26811582,-0.034237146
-0.22905847,0.11573705,0.19815695,-0.21514785,0.12751889,0.22117314,-0.2229951,0.1397849,0.21872807
0.10827499,0.6869432,8.40798E-6,0.10672531,0.67287576,-0.009391703,0.12069001,0.68341434,0.0018612593
-0.25933823,0.15148714,-0.09385205,-0.2504481,0.13508993,-0.096452646,-0.25791758,0.145812,-0.07106957
0.14105363,0.7496041,0.008660782,0.13001882,0.74395204,-0.006946724,0.11327145,0.706553,-0.0072519258
0.36915928,0.62962234,-0.18009879,0.38680547,0.64172006,-0.16631411,0.3670347,0.6456088,-0.17262599
-0.17970923,0.31397146,0.15956995,-0.17495915,0.336947,0.15586646,-0.19808331,0.3040906,0.14863232
0.15498963,0.7447914,0.020385332,0.15516539,0.732465,0.016769934,0.15717266,0.75625515,0.010699179
-0.06605238,0.19784012,0.20052196,-0.079564914,0.2290527,0.2020934,-0.08713223,0.20838061,0.19873568
0.040298328,0.55799496,-0.2622008,0.025078125,0.55899537,-0.27890798,0.00959304,0.53981936,-0.28318346
-0.1101713,0.31344277,0.1947435,-0.100955084,0.3384548,0.1899785,-0.119243115,0.3474337,0.18194844
-0.20216066,0.07286815,0.17281467,-0.19938894,0.088865444,0.20271902,-0.21275404,0.08836809,0.1879045
-0.21275404,0.08836809,0.1879045,-0.19938894,0.088865444,0.20271902,-0.21575992,0.10589948,0.20796992
-0.2229951,0.1397849,0.21872807,-0.20544896,0.15838605,0.23592748,-0.22883135,0.16564402,0.2159585
-0.13563316,0.049885347,0.17094243,-0.09971582,0.044154152,0.16442959,-0.13395536,0.06232661,0.19401027
-0.17970923,0.31397146,0.15956995,-0.19808331,0.3040906,0.14863232,-0.19009328,0.2666919,0.15943478
-0.16490732,0.08269969,0.21266146,-0.17460021,0.1025787,0.22977611,-0.19620952,0.10062829,0.21779504
0.105393514,0.2632286,-0.4283556,0.1282594,0.24965551,-0.41704613,0.11654145,0.2419605,-0.41622117
0.1543105,0.5802934,-0.41810778,0.15067601,0.60307515,-0.4139189,0.16230391,0.58562565,-0.39745632
0.17582393,0.017434984,-0.057089735,0.1939078,0.017893791,-0.08872575,0.20715675,0.0180327,-0.08165631
0.17979008,0.2576819,-0.12916788,0.1792627,0.25098035,-0.10853285,0.16669425,0.23624173,-0.11639607
0.06346226,0.64200056,-0.11010331,0.07830864,0.6283847,-0.109414965,0.068508595,0.6443969,-0.084326774
0.040298328,0.55799496,-0.2622008,0.00959304,0.53981936,-0.28318346,0.023678966,0.5333439,-0.26276723
0.050672308,0.57601094,-0.2604444,0.011057615,0.57006,-0.2927921,0.025078125,0.55899537,-0.27890798
0.011057615,0.57006,-0.2927921,0.050672308,0.57601094,-0.2604444,0.032688327,0.58414567,-0.27650926
0.011057615,0.57006,-0.2927921,-0.0069236457,0.5633614,-0.30957565,-0.0074359924,0.5377344,-0.3005859
-0.21575992,0.10589948,0.20796992,-0.19820392,0.114106596,0.22603773,-0.21514785,0.12751889,0.22117314
-0.22883135,0.16564402,0.2159585,-0.20544896,0.15838605,0.23592748,-0.21747535,0.17846724,0.22709578
0.05601623,0.085838735,0.13501146,0.028974146,0.0749625,0.13778922,0.045832485,0.06831199,0.1368242
-0.17625336,0.06907949,0.18893127,-0.16490732,0.08269969,0.21266146,-0.19938894,0.088865444,0.20271902
-0.14052792,0.2851811,0.18638307,-0.16082108,0.2907586,0.17442036,-0.16978085,0.2435101,0.17374793
-0.10621672,0.059320703,0.18889795,-0.11950746,0.076325,0.21274969,-0.13395536,0.06232661,0.19401027
0.2888857,0.6751629,-0.2093122,0.25818774,0.6666057,-0.22597627,0.25398672,0.6500225,-0.21878554
-0.21756259,0.2011761,0.16925816,-0.22308661,0.18236965,0.14594418,-0.2329402,0.1864624,0.16513003
-0.19938894,0.088865444,0.20271902,-0.19620952,0.10062829,0.21779504,-0.21575992,0.10589948,0.20796992
-0.21575992,0.10589948,0.20796992,-0.19620952,0.10062829,0.21779504,-0.19820392,0.114106596,0.22603773
-0.16082108,0.2907586,0.17442036,-0.14052792,0.2851811,0.18638307,-0.15393469,0.32401332,0.17294826
-0.05515995,0.09247109,-0.32214156,-0.03309796,0.09584509,-0.31300333,-0.048563465,0.09191939,-0.33292145
-0.19361162,0.1342009,0.23740405,-0.18294075,0.15823278,0.24823704,-0.20544896,0.15838605,0.23592748
0.25396398,0.6340786,-0.21718481,0.29057115,0.6533978,-0.19982848,0.25398672,0.6500225,-0.21878554
0.040298328,0.55799496,-0.2622008,0.050672308,0.57601094,-0.2604444,0.025078125,0.55899537,-0.27890798
0.18280824,0.27658093,-0.112813964,0.18904081,0.2933168,-0.11082519,0.1863892,0.2701794,-0.10069777
-0.19820392,0.114106596,0.22603773,-0.19361162,0.1342009,0.23740405,-0.21514785,0.12751889,0.22117314
-0.21514785,0.12751889,0.22117314,-0.20544896,0.15838605,0.23592748,-0.2229951,0.1397849,0.21872807
-0.19852251,0.17903298,0.24014872,-0.20645502,0.19256523,0.23146206,-0.21747535,0.17846724,0.22709578
-0.16082108,0.2907586,0.17442036,-0.17970923,0.31397146,0.15956995,-0.19009328,0.2666919,0.15943478
-0.15393469,0.32401332,0.17294826,-0.17495915,0.336947,0.15586646,-0.17970923,0.31397146,0.15956995
-0.16689013,0.3642108,0.14797705,-0.14636329,0.3914536,0.14537042,-0.17927642,0.38346252,0.12949115
-0.14636329,0.3914536,0.14537042,-0.16737546,0.4032202,0.12403419,-0.17927642,0.38346252,0.12949115
-0.17497122,0.13181391,0.24361686,-0.18294075,0.15823278,0.24823704,-0.19361162,0.1342009,0.23740405
0.049305934,0.5377487,-0.24617437,0.023678966,0.5333439,-0.26276723,0.028789386,0.5160384,-0.24590996
-0.21514785,0.12751889,0.22117314,-0.19361162,0.1342009,0.23740405,-0.20544896,0.15838605,0.23592748
0.348922,0.7249923,-0.22827393,0.35556078,0.7219914,-0.20318268,0.37693816,0.7364433,-0.18992782
0.40618575,0.74768126,-0.15505624,0.3949591,0.74426377,-0.16442795,0.398579,0.733973,-0.15001816
0.348922,0.7249923,-0.22827393,0.3358301,0.71778643,-0.24615772,0.30533978,0.70683444,-0.24360728
0.17812896,0.6354723,-0.2861822,0.16326447,0.6326388,-0.30374447,0.1541931,0.61557937,-0.28491417
-0.09980769,0.031431988,-0.2923271,-0.094343424,0.030482695,-0.32457632,-0.09201884,0.026034892,-0.30201748
0.21180405,0.5684067,-0.29998776,0.21980472,0.5695466,-0.27134788,0.19556351,0.55646,-0.29579452
0.3822193,0.73766136,-0.23681912,0.3594709,0.71839845,-0.254361,0.3358301,0.71778643,-0.24615772
0.021399587,0.614885,-0.2938292,-0.0055745393,0.6135303,-0.31950444,0.008555725,0.5990846,-0.2967857
0.16728498,0.6171446,-0.27665544,0.17812896,0.6354723,-0.2861822,0.1541931,0.61557937,-0.28491417
0.37854028,0.7427232,-0.21730748,0.3822193,0.73766136,-0.23681912,0.3358301,0.71778643,-0.24615772
0.18205224,0.60947394,-0.2601523,0.16728498,0.6171446,-0.27665544,0.15823011,0.5880742,-0.26743102
-0.0754932,0.10529125,-0.28432462,-0.084065944,0.13082194,-0.2763582,-0.077094205,0.15538853,-0.28746313
0.3949591,0.74426377,-0.16442795,0.36425266,0.7148104,-0.1774538,0.398579,0.733973,-0.15001816
-0.2317771,0.19398358,0.18885177,-0.23352775,0.18829963,0.19846387,-0.22303006,0.1974136,0.20894018
0.3949591,0.74426377,-0.16442795,0.37693816,0.7364433,-0.18992782,0.36425266,0.7148104,-0.1774538
0.25818774,0.6666057,-0.22597627,0.23279166,0.6570047,-0.24057187,0.25398672,0.6500225,-0.21878554
0.09449475,0.4945747,-0.2061883,0.06844781,0.51421475,-0.2271915,0.05116879,0.5062221,-0.2264663
-0.15636688,0.19033793,0.24810134,-0.18921547,0.20593205,0.23164561,-0.1857998,0.19064626,0.24288845
-0.028743386,0.58473647,-0.37209177,-0.02169536,0.6019856,-0.34157804,-0.02340515,0.5980909,-0.37913585
-0.18921547,0.20593205,0.23164561,-0.20397222,0.21008581,0.21570913,-0.21040162,0.20100403,0.22139275
-0.21735887,0.20733628,0.1950837,-0.22303006,0.1974136,0.20894018,-0.21040162,0.20100403,0.22139275
-0.20397222,0.21008581,0.21570913,-0.21735887,0.20733628,0.1950837,-0.21040162,0.20100403,0.22139275
-0.21735887,0.20733628,0.1950837,-0.2317771,0.19398358,0.18885177,-0.22303006,0.1974136,0.20894018
0.06337547,0.63010526,-0.3766215,0.06284801,0.62606406,-0.39917493,0.030177519,0.6229764,-0.3903884
0.11859792,0.76364136,-0.085523196,0.1120065,0.73872244,-0.13219634,0.10135022,0.7297782,-0.1478968
-0.16964313,0.07517265,-0.23307973,-0.15952708,0.05147165,-0.25430107,-0.1796709,0.06249465,-0.23645869
-0.15636688,0.19033793,0.24810134,-0.16400222,0.20553845,0.23760302,-0.18921547,0.20593205,0.23164561
-0.23819989,0.09401849,0.12549902,-0.2281139,0.09031199,0.10097855,-0.22279468,0.07469764,0.10983887
0.0012829751,0.62033486,-0.34667018,0.016794384,0.6227176,-0.3708826,-0.010883942,0.613135,-0.36305454
0.23279166,0.6570047,-0.24057187,0.21197936,0.6585671,-0.26968846,0.20183285,0.642601,-0.2621473
-0.16400222,0.20553845,0.23760302,-0.17290393,0.21289626,0.22591664,-0.18921547,0.20593205,0.23164561
-0.17290393,0.21289626,0.22591664,-0.19108883,0.21580803,0.21138228,-0.18921547,0.20593205,0.23164561
-0.18921547,0.20593205,0.23164561,-0.19108883,0.21580803,0.21138228,-0.20397222,0.21008581,0.21570913
-0.19108883,0.21580803,0.21138228,-0.2045072,0.21441925,0.19960718,-0.20397222,0.21008581,0.21570913
-0.20397222,0.21008581,0.21570913,-0.2045072,0.21441925,0.19960718,-0.21735887,0.20733628,0.1950837
-0.20645502,0.19256523,0.23146206,-0.18921547,0.20593205,0.23164561,-0.21040162,0.20100403,0.22139275
0.12095577,0.55462754,-0.2360408,0.10585316,0.56682813,-0.22810732,0.10410746,0.5357882,-0.22950418
-0.2045072,0.21441925,0.19960718,-0.2062097,0.21077585,0.18066202,-0.21735887,0.20733628,0.1950837
0.1474999,0.62797403,-0.3125598,0.18605304,0.6448368,-0.31068474,0.15472211,0.62696266,-0.3349157
0.09288426,0.72985387,-0.14373176,0.08463063,0.72493625,-0.1398943,0.090606585,0.74055684,-0.12235239
-0.21735887,0.20733628,0.1950837,-0.2062097,0.21077585,0.18066202,-0.21756259,0.2011761,0.16925816
-0.15078697,0.21013674,0.22495866,-0.17290393,0.21289626,0.22591664,-0.16400222,0.20553845,0.23760302
-0.17222512,0.21748346,0.20192036,-0.19108883,0.21580803,0.21138228,-0.17290393,0.21289626,0.22591664
-0.19108883,0.21580803,0.21138228,-0.18545529,0.21698955,0.18961605,-0.2045072,0.21441925,0.19960718
-0.2045072,0.21441925,0.19960718,-0.18545529,0.21698955,0.18961605,-0.2062097,0.21077585,0.18066202
0.030177519,0.6229764,-0.3903884,0.035265684,0.61732996,-0.4151156,0.014979407,0.6116475,-0.4134629
-0.15644987,0.21448624,0.21099648,-0.17222512,0.21748346,0.20192036,-0.17290393,0.21289626,0.22591664
-0.18545529,0.21698955,0.18961605,-0.19108883,0.21580803,0.21138228,-0.17222512,0.21748346,0.20192036
-0.18545529,0.21698955,0.18961605,-0.18396682,0.2134929,0.17740959,-0.2062097,0.21077585,0.18066202
-0.2062097,0.21077585,0.18066202,-0.20769307,0.19744697,0.15160501,-0.21756259,0.2011761,0.16925816
-0.07832108,0.49761346,-0.08952831,-0.03811774,0.49222568,-0.11011787,-0.062192414,0.48924384,-0.11633398
0.1588871,0.6173506,-0.36150852,0.13611624,0.6254883,-0.36050016,0.15472211,0.62696266,-0.3349157
-0.18396682,0.2134929,0.17740959,-0.20769307,0.19744697,0.15160501,-0.2062097,0.21077585,0.18066202
-0.20189005,0.20515189,0.15139385,-0.22102726,0.1985879,0.124993935,-0.20769307,0.19744697,0.15160501
-0.20189005,0.20515189,0.15139385,-0.20769307,0.19744697,0.15160501,-0.18396682,0.2134929,0.17740959
-0.18396682,0.2134929,0.17740959,-0.18545529,0.21698955,0.18961605,-0.17222512,0.21748346,0.20192036
-0.18588832,0.22039759,0.16607076,-0.20189005,0.20515189,0.15139385,-0.18396682,0.2134929,0.17740959
-0.19377027,0.44450763,-0.0044223294,-0.19834235,0.44248596,0.013303928,-0.1856176,0.4572462,0.0136123
-0.0055745393,0.6135303,-0.31950444,-0.007890269,0.6000353,-0.31754673,0.008555725,0.5990846,-0.2967857
0.100079626,0.6169956,-0.4270778,0.07821391,0.60774004,-0.44479257,0.066298775,0.6190586,-0.42127013
0.0697445,0.54855525,-0.46620497,0.06207408,0.5676408,-0.46893582,0.08707658,0.5611687,-0.4639568
0.14379492,0.6993197,-0.11450624,0.13601786,0.72213984,-0.122829735,0.13868764,0.75029325,-0.06773782
0.13073298,0.41379967,-0.4409543,0.141528,0.40621468,-0.42386192,0.11458627,0.4067742,-0.43524206
-0.1618605,0.21845707,0.18423903,-0.17222512,0.21748346,0.20192036,-0.15644987,0.21448624,0.21099648
-0.13550837,0.2089909,0.2034075,-0.1618605,0.21845707,0.18423903,-0.15644987,0.21448624,0.21099648
-0.1618605,0.21845707,0.18423903,-0.18396682,0.2134929,0.17740959,-0.17222512,0.21748346,0.20192036
-0.18396682,0.2134929,0.17740959,-0.1618605,0.21845707,0.18423903,-0.18588832,0.22039759,0.16607076
0.13687347,0.32816213,-0.43193454,0.121144034,0.3079994,-0.4404717,0.10463334,0.3351872,-0.44398296
0.090507545,0.7309979,-0.11782192,0.08463063,0.72493625,-0.1398943,0.08144362,0.71183443,-0.15153687
0.111478955,0.39192972,-0.42601573,0.11458627,0.4067742,-0.43524206,0.13994177,0.39532682,-0.41290238
0.14861709,0.48455468,-0.44722164,0.15756789,0.5098132,-0.43308938,0.16591714,0.47619435,-0.43324155
0.0012829751,0.62033486,-0.34667018,-0.010883942,0.613135,-0.36305454,-0.012466684,0.6140175,-0.34211564
0.119323306,0.36573163,-0.43345496,0.111478955,0.39192972,-0.42601573,0.13482247,0.3796995,-0.42127106
0.111478955,0.39192972,-0.42601573,0.13994177,0.39532682,-0.41290238,0.13482247,0.3796995,-0.42127106
0.17439765,0.38757262,-0.12505117,0.15796301,0.39483157,-0.103802904,0.1666798,0.378916,-0.102155626
-0.15024984,0.2217705,0.18663308,-0.16978085,0.2435101,0.17374793,-0.1618605,0.21845707,0.18423903
-0.1618605,0.21845707,0.18423903,-0.16978085,0.2435101,0.17374793,-0.18588832,0.22039759,0.16607076
-0.007890269,0.6000353,-0.31754673,-0.0055745393,0.6135303,-0.31950444,-0.02169536,0.6019856,-0.34157804
0.09288426,0.72985387,-0.14373176,0.10135022,0.7297782,-0.1478968,0.08738848,0.71445334,-0.16469091
0.058549486,0.63003933,-0.31806192,0.041923285,0.62531245,-0.29926205,0.0712003,0.6280848,-0.28693584
0.05180911,0.62212384,-0.2837043,0.041923285,0.62531245,-0.29926205,0.021399587,0.614885,-0.2938292
-0.012466684,0.6140175,-0.34211564,-0.02169536,0.6019856,-0.34157804,-0.0055745393,0.6135303,-0.31950444
0.19556351,0.55646,-0.29579452,0.19017673,0.5609175,-0.274808,0.18032494,0.5517268,-0.27402997
0.030381437,0.4778169,-0.14722972,0.026548542,0.48195574,-0.16470811,-0.018816307,0.47594377,-0.15654387
0.398579,0.733973,-0.15001816,0.41114885,0.74054754,-0.14639966,0.40618575,0.74768126,-0.15505624
0.244178,0.678396,-0.28395313,0.18605304,0.6448368,-0.31068474,0.2022644,0.65682626,-0.2949546
0.014979407,0.6116475,-0.4134629,0.019707665,0.6046529,-0.43157655,4.4560432E-4,0.5908613,-0.44125274
0.17853627,0.018884659,-0.26687136,0.17955798,0.03234774,-0.27782875,0.1762156,0.032678902,-0.245633
0.019356526,0.09284364,-0.28017676,0.0077491626,0.10542673,-0.28869402,0.027643763,0.09961635,-0.26911667
0.02877704,0.048070848,-0.33841395,0.03197313,0.057097495,-0.3199257,0.036054946,0.04310909,-0.32266405
0.08421474,0.6531019,-0.24772345,0.08996177,0.6389203,-0.27075633,0.0660418,0.6261481,-0.27250686
0.13379978,0.61611545,-0.40816694,0.13611624,0.6254883,-0.36050016,0.1588871,0.6173506,-0.36150852
0.13379978,0.61611545,-0.40816694,0.10939497,0.6268723,-0.38723055,0.13611624,0.6254883,-0.36050016
0.041923285,0.62531245,-0.29926205,0.058549486,0.63003933,-0.31806192,0.036282793,0.62848306,-0.3236565
0.036282793,0.62848306,-0.3236565,0.030982934,0.62826693,-0.35214445,0.015583344,0.62362003,-0.32538784
0.06337547,0.63010526,-0.3766215,0.030177519,0.6229764,-0.3903884,0.016794384,0.6227176,-0.3708826
0.13379978,0.61611545,-0.40816694,0.1251392,0.6140388,-0.42287982,0.09453576,0.6236552,-0.40841803
0.10939497,0.6268723,-0.38723055,0.13379978,0.61611545,-0.40816694,0.09453576,0.6236552,-0.40841803
0.1251392,0.6140388,-0.42287982,0.100079626,0.6169956,-0.4270778,0.09453576,0.6236552,-0.40841803
0.0021522492,0.48141906,-0.22308913,-0.0032806918,0.47255728,-0.24473995,-0.026441306,0.4633253,-0.24061461
0.35556078,0.7219914,-0.20318268,0.33739942,0.7085557,-0.20308068,0.36425266,0.7148104,-0.1774538
0.015583344,0.62362003,-0.32538784,0.030982934,0.62826693,-0.35214445,0.0012829751,0.62033486,-0.34667018
0.100079626,0.6169956,-0.4270778,0.1093269,0.6084721,-0.4422728,0.07821391,0.60774004,-0.44479257
-0.025088366,0.49951425,-0.07262206,0.0035080388,0.4836003,-0.12971233,-0.03811774,0.49222568,-0.11011787
0.10939497,0.6268723,-0.38723055,0.06284801,0.62606406,-0.39917493,0.06337547,0.63010526,-0.3766215
0.093188316,0.47739074,-0.15073113,0.06798006,0.48089376,-0.15475157,0.063519076,0.47389427,-0.13898952
0.1474999,0.62797403,-0.3125598,0.15472211,0.62696266,-0.3349157,0.12759575,0.62849796,-0.33164033
0.3358301,0.71778643,-0.24615772,0.3159624,0.7047802,-0.26350555,0.28375682,0.69829535,-0.2647122
0.11330312,0.7105787,-0.17941853,0.12240041,0.71929276,-0.15968192,0.13075559,0.69777524,-0.1793943
-0.034458444,0.50383365,-0.04859595,-0.025088366,0.49951425,-0.07262206,-0.057307515,0.50152683,-0.07393578
0.116091445,0.6266265,-0.31148067,0.088038474,0.63072264,-0.33496213,0.08848399,0.6291019,-0.30040485
0.329279,0.71239185,-0.22163254,0.348922,0.7249923,-0.22827393,0.30533978,0.70683444,-0.24360728
0.40618575,0.74768126,-0.15505624,0.40334642,0.7536341,-0.17295656,0.3949591,0.74426377,-0.16442795
0.037124168,0.48887596,-0.18398681,0.054743372,0.49642184,-0.21266761,0.015616119,0.48720637,-0.20212103
0.0012829751,0.62033486,-0.34667018,0.030982934,0.62826693,-0.35214445,0.016794384,0.6227176,-0.3708826
0.25818774,0.6666057,-0.22597627,0.28403112,0.68821716,-0.22569847,0.23279166,0.6570047,-0.24057187
0.28403112,0.68821716,-0.22569847,0.24161813,0.6738688,-0.25141406,0.23279166,0.6570047,-0.24057187
0.24161813,0.6738688,-0.25141406,0.21197936,0.6585671,-0.26968846,0.23279166,0.6570047,-0.24057187
0.24161813,0.6738688,-0.25141406,0.23253499,0.67399657,-0.2718125,0.21197936,0.6585671,-0.26968846
0.23253499,0.67399657,-0.2718125,0.19650152,0.6530888,-0.2895042,0.21197936,0.6585671,-0.26968846
-0.017834328,0.47526094,-0.20584701,0.0021522492,0.48141906,-0.22308913,-0.024428695,0.47113022,-0.22257164
0.08763807,0.44719133,-0.47394645,0.10578958,0.46037158,-0.47406915,0.10432024,0.4410508,-0.4688376
0.06798006,0.48089376,-0.15475157,0.026548542,0.48195574,-0.16470811,0.063519076,0.47389427,-0.13898952
0.15498963,0.7447914,0.020385332,0.15021013,0.7601162,0.013223037,0.14105363,0.7496041,0.008660782
0.37693816,0.7364433,-0.18992782,0.35556078,0.7219914,-0.20318268,0.36425266,0.7148104,-0.1774538
-0.027394399,0.0676201,-0.36909014,-0.043919727,0.079607084,-0.3597168,-0.013995588,0.07591374,-0.3584287
-0.05717636,0.1597226,-0.29551756,-0.038328923,0.17119598,-0.3058075,-0.025564939,0.15260828,-0.29977146
0.15287481,0.61279714,-0.3907236,0.13379978,0.61611545,-0.40816694,0.1588871,0.6173506,-0.36150852
0.4031396,0.7476412,-0.21959606,0.3983113,0.7358937,-0.23429967,0.3822193,0.73766136,-0.23681912
0.13611624,0.6254883,-0.36050016,0.10091968,0.63065076,-0.36159417,0.12759575,0.62849796,-0.33164033
0.037124168,0.48887596,-0.18398681,0.026548542,0.48195574,-0.16470811,0.06798006,0.48089376,-0.15475157
0.021153435,0.4892561,-0.23014611,0.028789386,0.5160384,-0.24590996,0.010234602,0.49677297,-0.24781038
0.36425266,0.7148104,-0.1774538,0.37601668,0.7106559,-0.16117252,0.398579,0.733973,-0.15001816
0.070568144,0.6386874,-0.24562913,0.08421474,0.6531019,-0.24772345,0.0660418,0.6261481,-0.27250686
0.015616119,0.48720637,-0.20212103,0.021153435,0.4892561,-0.23014611,0.0021522492,0.48141906,-0.22308913
0.006263219,0.48033127,-0.24454775,0.010234602,0.49677297,-0.24781038,-0.015352517,0.4800401,-0.2704966
-0.18674976,0.4559228,0.028030261,-0.19834235,0.44248596,0.013303928,-0.20249087,0.43281308,0.02977147
0.06284801,0.62606406,-0.39917493,0.035265684,0.61732996,-0.4151156,0.030177519,0.6229764,-0.3903884
0.1474999,0.62797403,-0.3125598,0.12759575,0.62849796,-0.33164033,0.116091445,0.6266265,-0.31148067
0.4031396,0.7476412,-0.21959606,0.3931945,0.7493638,-0.21768919,0.40805876,0.7552651,-0.19508049
-0.26641878,0.18292058,-0.070821874,-0.26410788,0.17350063,-0.0934761,-0.26380432,0.16367632,-0.07634021
0.010234602,0.49677297,-0.24781038,0.0047661513,0.51509845,-0.26475787,-0.007321693,0.5038762,-0.2702062
-0.007321693,0.5038762,-0.2702062,-0.015352517,0.4800401,-0.2704966,0.010234602,0.49677297,-0.24781038
-0.1857998,0.19064626,0.24288845,-0.17211461,0.18211588,0.24839711,-0.15636688,0.19033793,0.24810134
0.09247112,0.4737315,-0.47700948,0.073753625,0.48810264,-0.47914857,0.11188705,0.48077092,-0.4709804
0.016794384,0.6227176,-0.3708826,0.0044174045,0.6154264,-0.3867171,-0.010883942,0.613135,-0.36305454
0.014979407,0.6116475,-0.4134629,4.4560432E-4,0.5908613,-0.44125274,-0.006504789,0.5969306,-0.42418176
-0.057307515,0.50152683,-0.07393578,-0.03811774,0.49222568,-0.11011787,-0.07832108,0.49761346,-0.08952831
0.010234602,0.49677297,-0.24781038,0.006263219,0.48033127,-0.24454775,0.021153435,0.4892561,-0.23014611
0.08996177,0.6389203,-0.27075633,0.09807989,0.63116693,-0.28407845,0.0712003,0.6280848,-0.28693584
0.030982934,0.62826693,-0.35214445,0.06337547,0.63010526,-0.3766215,0.016794384,0.6227176,-0.3708826
0.1282594,0.24965551,-0.41704613,0.1263541,0.26332507,-0.4214304,0.14603692,0.25465372,-0.40893644
0.41285002,0.74995744,-0.15687941,0.40334642,0.7536341,-0.17295656,0.40618575,0.74768126,-0.15505624
0.030177519,0.6229764,-0.3903884,0.014979407,0.6116475,-0.4134629,0.0044174045,0.6154264,-0.3867171
0.059675686,0.6315023,-0.35337588,0.06337547,0.63010526,-0.3766215,0.030982934,0.62826693,-0.35214445
0.10091968,0.63065076,-0.36159417,0.088038474,0.63072264,-0.33496213,0.12759575,0.62849796,-0.33164033
0.054743372,0.49642184,-0.21266761,0.021153435,0.4892561,-0.23014611,0.015616119,0.48720637,-0.20212103
0.11188705,0.48077092,-0.4709804,0.073753625,0.48810264,-0.47914857,0.09489111,0.5009326,-0.47034734
0.037124168,0.48887596,-0.18398681,0.015616119,0.48720637,-0.20212103,-0.0052393153,0.47820374,-0.17472555
0.1541931,0.61557937,-0.28491417,0.1474999,0.62797403,-0.3125598,0.14225668,0.61951613,-0.29402825
0.08848399,0.6291019,-0.30040485,0.058549486,0.63003933,-0.31806192,0.0712003,0.6280848,-0.28693584
0.037124168,0.48887596,-0.18398681,-0.0052393153,0.47820374,-0.17472555,0.026548542,0.48195574,-0.16470811
0.0660418,0.6261481,-0.27250686,0.05965535,0.6155051,-0.26327935,0.070568144,0.6386874,-0.24562913
0.015583344,0.62362003,-0.32538784,0.0012829751,0.62033486,-0.34667018,-0.012466684,0.6140175,-0.34211564
-0.184106,0.35608253,-0.12725584,-0.19935061,0.35467348,-0.111389786,-0.19584833,0.35705557,-0.10347094
0.088038474,0.63072264,-0.33496213,0.059675686,0.6315023,-0.35337588,0.058549486,0.63003933,-0.31806192
0.23253499,0.67399657,-0.2718125,0.2022644,0.65682626,-0.2949546,0.19650152,0.6530888,-0.2895042
0.11929189,0.5046153,-0.46028817,0.09414759,0.51559484,-0.4633408,0.10595225,0.52559376,-0.45332664
-0.0052393153,0.47820374,-0.17472555,0.015616119,0.48720637,-0.20212103,-0.015136793,0.4759197,-0.18628782
0.063519076,0.47389427,-0.13898952,0.026548542,0.48195574,-0.16470811,0.030381437,0.4778169,-0.14722972
-0.042021282,0.45999345,-0.22493258,-0.024428695,0.47113022,-0.22257164,-0.026441306,0.4633253,-0.24061461
-0.042021282,0.45999345,-0.22493258,-0.026441306,0.4633253,-0.24061461,-0.055766083,0.44384715,-0.23102319
0.06284801,0.62606406,-0.39917493,0.09453576,0.6236552,-0.40841803,0.066298775,0.6190586,-0.42127013
0.0660418,0.6261481,-0.27250686,0.04698757,0.6136761,-0.27467814,0.05965535,0.6155051,-0.26327935
0.041923285,0.62531245,-0.29926205,0.015583344,0.62362003,-0.32538784,0.012084521,0.61908317,-0.3072038
0.025898382,0.4883946,-0.06626884,0.0035495944,0.49412188,-0.07369029,0.02619677,0.49106047,-0.03058565
0.2358838,0.6678425,-0.29729095,0.215891,0.64885306,-0.31426215,0.18605304,0.6448368,-0.31068474
0.12811664,0.62127185,-0.28879413,0.116091445,0.6266265,-0.31148067,0.08848399,0.6291019,-0.30040485
0.14379492,0.6993197,-0.11450624,0.143049,0.6989912,-0.08264988,0.14200473,0.6817328,-0.10209471
0.0660418,0.6261481,-0.27250686,0.05180911,0.62212384,-0.2837043,0.04698757,0.6136761,-0.27467814
0.05116879,0.5062221,-0.2264663,0.028789386,0.5160384,-0.24590996,0.021153435,0.4892561,-0.23014611
0.054743372,0.49642184,-0.21266761,0.05116879,0.5062221,-0.2264663,0.021153435,0.4892561,-0.23014611
0.10595225,0.52559376,-0.45332664,0.0837124,0.53252494,-0.45662698,0.08844576,0.54199886,-0.45612475
0.05051878,0.6125072,-0.43172383,0.035799176,0.59803855,-0.44793707,0.019707665,0.6046529,-0.43157655
-0.19573767,0.37233654,-0.097954266,-0.18488494,0.40716437,-0.10466266,-0.18815692,0.37830874,-0.11610659
-0.015136793,0.4759197,-0.18628782,0.015616119,0.48720637,-0.20212103,-0.017834328,0.47526094,-0.20584701
0.015616119,0.48720637,-0.20212103,0.0021522492,0.48141906,-0.22308913,-0.017834328,0.47526094,-0.20584701
0.08844576,0.54199886,-0.45612475,0.08707658,0.5611687,-0.4639568,0.10684162,0.55999315,-0.45564875
-0.006809205,0.60717607,-0.3961562,-0.006504789,0.5969306,-0.42418176,-0.023884356,0.5876615,-0.41782847
0.12811664,0.62127185,-0.28879413,0.08848399,0.6291019,-0.30040485,0.11613087,0.6283988,-0.2800712
-0.03153357,0.048199505,-0.37687272,-0.0111413,0.0546889,-0.37185195,8.3202124E-4,0.036888704,-0.3732094
0.24041955,0.6109967,-0.22773015,0.259672,0.5938903,-0.22908586,0.26935416,0.6156521,-0.21384013
0.021153435,0.4892561,-0.23014611,0.006263219,0.48033127,-0.24454775,-0.0032806918,0.47255728,-0.24473995
0.10091968,0.63065076,-0.36159417,0.10939497,0.6268723,-0.38723055,0.06337547,0.63010526,-0.3766215
0.063519076,0.47389427,-0.13898952,0.030381437,0.4778169,-0.14722972,0.056355633,0.47362664,-0.113878705
0.08956174,0.49125525,-0.19069107,0.054743372,0.49642184,-0.21266761,0.06529438,0.4914097,-0.18645619
0.10091968,0.63065076,-0.36159417,0.06337547,0.63010526,-0.3766215,0.059675686,0.6315023,-0.35337588
-0.013995588,0.07591374,-0.3584287,0.012577966,0.06861,-0.343049,0.0038322806,0.058622643,-0.3604554
0.12532645,0.4808872,-0.46457696,0.11188705,0.48077092,-0.4709804,0.11929189,0.5046153,-0.46028817
0.0021522492,0.48141906,-0.22308913,0.021153435,0.4892561,-0.23014611,-0.0032806918,0.47255728,-0.24473995
-0.079449445,0.46272126,-0.4359705,-0.08046526,0.44757625,-0.41402894,-0.081223875,0.46446434,-0.4230899
-0.19898233,0.4113945,0.08692518,-0.19610554,0.42768225,0.07117726,-0.21622334,0.4074801,0.05417411
0.21464078,0.29444796,-0.036772713,0.2229459,0.27256402,-0.039065443,0.21582921,0.2769672,-0.05493898
0.18605304,0.6448368,-0.31068474,0.244178,0.678396,-0.28395313,0.2358838,0.6678425,-0.29729095
0.0044174045,0.6154264,-0.3867171,0.014979407,0.6116475,-0.4134629,-0.006809205,0.60717607,-0.3961562
-0.006809205,0.60717607,-0.3961562,0.014979407,0.6116475,-0.4134629,-0.006504789,0.5969306,-0.42418176
-0.03811774,0.49222568,-0.11011787,-0.021705378,0.48076925,-0.1420845,-0.062192414,0.48924384,-0.11633398
0.05116879,0.5062221,-0.2264663,0.06844781,0.51421475,-0.2271915,0.028789386,0.5160384,-0.24590996
0.2190071,0.6333425,-0.23791361,0.23279166,0.6570047,-0.24057187,0.20369326,0.6330308,-0.25198346
-0.2093358,0.2592345,0.14368376,-0.2205527,0.27778018,0.12900686,-0.22503209,0.2443074,0.12328764
-0.021705378,0.48076925,-0.1420845,0.030381437,0.4778169,-0.14722972,-0.018816307,0.47594377,-0.15654387
0.15472211,0.62696266,-0.3349157,0.13611624,0.6254883,-0.36050016,0.12759575,0.62849796,-0.33164033
0.0044174045,0.6154264,-0.3867171,-0.006809205,0.60717607,-0.3961562,-0.010883942,0.613135,-0.36305454
-0.12485605,0.37773642,0.16533855,-0.12777984,0.41330513,0.13786988,-0.14636329,0.3914536,0.14537042
0.09853102,0.7548418,-0.08688393,0.10345957,0.76742935,-0.071456015,0.10561333,0.7690443,-0.08189315
0.0660418,0.6261481,-0.27250686,0.0712003,0.6280848,-0.28693584,0.05180911,0.62212384,-0.2837043
0.14491814,0.7745575,-0.0040363707,0.13267304,0.7731819,-0.018575184,0.14105363,0.7496041,0.008660782
0.09807989,0.63116693,-0.28407845,0.08848399,0.6291019,-0.30040485,0.0712003,0.6280848,-0.28693584
0.079638734,0.3553423,-0.44248444,0.08692656,0.37758848,-0.43333673,0.09738987,0.36026046,-0.4400349
-0.09957433,0.4058378,0.15551868,-0.12777984,0.41330513,0.13786988,-0.12485605,0.37773642,0.16533855
-0.03432101,0.42258653,-0.32034257,-0.035360083,0.42810032,-0.33669156,-0.029347703,0.41603985,-0.34578392
-0.14636329,0.3914536,0.14537042,-0.12777984,0.41330513,0.13786988,-0.16737546,0.4032202,0.12403419
-0.16737546,0.4032202,0.12403419,-0.17264387,0.42618582,0.10121327,-0.18616658,0.41769394,0.09698385
0.0021522492,0.48141906,-0.22308913,-0.026441306,0.4633253,-0.24061461,-0.024428695,0.47113022,-0.22257164
0.1541931,0.61557937,-0.28491417,0.16326447,0.6326388,-0.30374447,0.1474999,0.62797403,-0.3125598
0.33599243,0.6868284,-0.27416244,0.32526726,0.69369876,-0.2744339,0.36727595,0.7156955,-0.25607646
0.058549486,0.63003933,-0.31806192,0.059675686,0.6315023,-0.35337588,0.036282793,0.62848306,-0.3236565
0.40334642,0.7536341,-0.17295656,0.37693816,0.7364433,-0.18992782,0.3949591,0.74426377,-0.16442795
0.088038474,0.63072264,-0.33496213,0.10091968,0.63065076,-0.36159417,0.059675686,0.6315023,-0.35337588
-0.017834328,0.47526094,-0.20584701,-0.024428695,0.47113022,-0.22257164,-0.042021282,0.45999345,-0.22493258
0.08848399,0.6291019,-0.30040485,0.088038474,0.63072264,-0.33496213,0.058549486,0.63003933,-0.31806192
0.15287481,0.61279714,-0.3907236,0.15067601,0.60307515,-0.4139189,0.13379978,0.61611545,-0.40816694
-0.12777984,0.41330513,0.13786988,-0.15221882,0.42871055,0.11198306,-0.16737546,0.4032202,0.12403419
-0.16737546,0.4032202,0.12403419,-0.15221882,0.42871055,0.11198306,-0.17264387,0.42618582,0.10121327
0.06844781,0.51421475,-0.2271915,0.049305934,0.5377487,-0.24617437,0.028789386,0.5160384,-0.24590996
0.036282793,0.62848306,-0.3236565,0.059675686,0.6315023,-0.35337588,0.030982934,0.62826693,-0.35214445
0.13124578,0.6041672,-0.43764457,0.13379978,0.61611545,-0.40816694,0.15067601,0.60307515,-0.4139189
0.13379978,0.61611545,-0.40816694,0.13124578,0.6041672,-0.43764457,0.1251392,0.6140388,-0.42287982
-0.20439579,0.3367786,-0.16789934,-0.22350243,0.3270013,-0.16162403,-0.22262959,0.33675104,-0.14436944
0.039734855,0.1173113,-0.2606715,0.044211797,0.12939075,-0.26564148,0.049389176,0.1136395,-0.2598517
0.081428446,0.4857547,-0.16642457,0.06529438,0.4914097,-0.18645619,0.06798006,0.48089376,-0.15475157
0.06529438,0.4914097,-0.18645619,0.037124168,0.48887596,-0.18398681,0.06798006,0.48089376,-0.15475157
0.06284801,0.62606406,-0.39917493,0.066298775,0.6190586,-0.42127013,0.035265684,0.61732996,-0.4151156
0.348922,0.7249923,-0.22827393,0.329279,0.71239185,-0.22163254,0.35556078,0.7219914,-0.20318268
0.39536113,0.753559,-0.19547808,0.3931945,0.7493638,-0.21768919,0.37854028,0.7427232,-0.21730748
0.016794384,0.6227176,-0.3708826,0.030177519,0.6229764,-0.3903884,0.0044174045,0.6154264,-0.3867171
0.08859377,0.57133245,-0.22418602,0.087789625,0.5556259,-0.23423022,0.10585316,0.56682813,-0.22810732
-0.19610554,0.42768225,0.07117726,-0.19898233,0.4113945,0.08692518,-0.18616658,0.41769394,0.09698385
0.13796154,0.14151645,-0.14686963,0.14799705,0.12828419,-0.16804898,0.14994423,0.15818664,-0.15618144
0.06798006,0.48089376,-0.15475157,0.093188316,0.47739074,-0.15073113,0.081428446,0.4857547,-0.16642457
0.006263219,0.48033127,-0.24454775,-0.015352517,0.4800401,-0.2704966,-0.0032806918,0.47255728,-0.24473995
-0.015352517,0.4800401,-0.2704966,-0.02093789,0.45364907,-0.2669356,-0.0032806918,0.47255728,-0.24473995
0.066298775,0.6190586,-0.42127013,0.05051878,0.6125072,-0.43172383,0.035265684,0.61732996,-0.4151156
0.10561333,0.7690443,-0.08189315,0.09869927,0.7535325,-0.109361656,0.09542053,0.75521255,-0.100206286
0.11613087,0.6283988,-0.2800712,0.08848399,0.6291019,-0.30040485,0.09807989,0.63116693,-0.28407845
0.11026277,0.64388,-0.2664409,0.11613087,0.6283988,-0.2800712,0.09807989,0.63116693,-0.28407845
-0.06688694,0.4096656,0.158456,-0.09957433,0.4058378,0.15551868,-0.08535027,0.39254108,0.16649988
-0.1975264,0.43512186,0.049653076,-0.21622334,0.4074801,0.05417411,-0.19610554,0.42768225,0.07117726
-0.18064775,0.45073625,0.055701617,-0.1975264,0.43512186,0.049653076,-0.19610554,0.42768225,0.07117726
0.10467847,0.059864298,-0.32313192,0.07438488,0.059428588,-0.31185427,0.11683802,0.07088415,-0.31787622
0.1909299,0.5029466,-0.391116,0.17518254,0.5139041,-0.41560784,0.18517904,0.51874375,-0.39622235
0.06894651,0.3452045,0.11733932,0.06613916,0.3627694,0.10884007,0.05710186,0.35153916,0.13298613
0.10135022,0.7297782,-0.1478968,0.090606585,0.74055684,-0.12235239,0.09869927,0.7535325,-0.109361656
0.035265684,0.61732996,-0.4151156,0.05051878,0.6125072,-0.43172383,0.019707665,0.6046529,-0.43157655
0.12759575,0.62849796,-0.33164033,0.088038474,0.63072264,-0.33496213,0.116091445,0.6266265,-0.31148067
-0.12777984,0.41330513,0.13786988,-0.11520915,0.43457314,0.12613517,-0.15221882,0.42871055,0.11198306
-0.15221882,0.42871055,0.11198306,-0.16127989,0.44432202,0.08943829,-0.17264387,0.42618582,0.10121327
-0.17264387,0.42618582,0.10121327,-0.16127989,0.44432202,0.08943829,-0.18616658,0.41769394,0.09698385
-0.16127989,0.44432202,0.08943829,-0.17396393,0.44797996,0.07318802,-0.18616658,0.41769394,0.09698385
-0.17396393,0.44797996,0.07318802,-0.19610554,0.42768225,0.07117726,-0.18616658,0.41769394,0.09698385
-0.17396393,0.44797996,0.07318802,-0.18064775,0.45073625,0.055701617,-0.19610554,0.42768225,0.07117726
0.018067136,0.056419194,-0.35121316,0.03197313,0.057097495,-0.3199257,0.02877704,0.048070848,-0.33841395
0.10561333,0.7690443,-0.08189315,0.11859792,0.76364136,-0.085523196,0.09869927,0.7535325,-0.109361656
0.06529438,0.4914097,-0.18645619,0.054743372,0.49642184,-0.21266761,0.037124168,0.48887596,-0.18398681
0.35556078,0.7219914,-0.20318268,0.329279,0.71239185,-0.22163254,0.33739942,0.7085557,-0.20308068
0.2888857,0.6751629,-0.2093122,0.28403112,0.68821716,-0.22569847,0.25818774,0.6666057,-0.22597627
-0.09957433,0.4058378,0.15551868,-0.09340164,0.43278125,0.13674417,-0.12777984,0.41330513,0.13786988
0.1474999,0.62797403,-0.3125598,0.116091445,0.6266265,-0.31148067,0.14225668,0.61951613,-0.29402825
-0.09340164,0.43278125,0.13674417,-0.11520915,0.43457314,0.12613517,-0.12777984,0.41330513,0.13786988
-0.11520915,0.43457314,0.12613517,-0.12051562,0.452885,0.10320606,-0.15221882,0.42871055,0.11198306
-0.15221882,0.42871055,0.11198306,-0.12051562,0.452885,0.10320606,-0.16127989,0.44432202,0.08943829
0.26057357,0.6866009,-0.25253448,0.23253499,0.67399657,-0.2718125,0.24161813,0.6738688,-0.25141406
-0.15052222,0.46151432,0.07270191,-0.17396393,0.44797996,0.07318802,-0.16127989,0.44432202,0.08943829
0.28375682,0.69829535,-0.2647122,0.3159624,0.7047802,-0.26350555,0.28870103,0.69195366,-0.27703673
0.018067136,0.056419194,-0.35121316,0.012577966,0.06861,-0.343049,0.03197313,0.057097495,-0.3199257
-0.0548753,0.4277117,0.14495628,-0.07810999,0.43625858,0.13703668,-0.09340164,0.43278125,0.13674417
-0.09957433,0.4058378,0.15551868,-0.0548753,0.4277117,0.14495628,-0.09340164,0.43278125,0.13674417
-0.09340164,0.43278125,0.13674417,-0.12051562,0.452885,0.10320606,-0.11520915,0.43457314,0.12613517
-0.12051562,0.452885,0.10320606,-0.15052222,0.46151432,0.07270191,-0.16127989,0.44432202,0.08943829
-0.06688694,0.4096656,0.158456,-0.0548753,0.4277117,0.14495628,-0.09957433,0.4058378,0.15551868
0.3358301,0.71778643,-0.24615772,0.28375682,0.69829535,-0.2647122,0.30533978,0.70683444,-0.24360728
-0.015136793,0.4759197,-0.18628782,-0.017834328,0.47526094,-0.20584701,-0.045834973,0.4570488,-0.19835834
-0.07794176,0.42986563,-0.211158,-0.042021282,0.45999345,-0.22493258,-0.055766083,0.44384715,-0.23102319
0.16682014,0.3739678,-0.39959267,0.1848066,0.36338964,-0.38427678,0.17840643,0.34958622,-0.39561203
-0.15052222,0.46151432,0.07270191,-0.18064775,0.45073625,0.055701617,-0.17396393,0.44797996,0.07318802
0.08956174,0.49125525,-0.19069107,0.06529438,0.4914097,-0.18645619,0.081428446,0.4857547,-0.16642457
0.023678966,0.5333439,-0.26276723,-0.009089597,0.5243306,-0.28968215,0.0047661513,0.51509845,-0.26475787
0.037135076,0.4781334,-0.12490666,0.025898382,0.4883946,-0.06626884,0.056355633,0.47362664,-0.113878705
0.012577966,0.06861,-0.343049,0.007824533,0.0799827,-0.31539795,0.03197313,0.057097495,-0.3199257
-0.1939195,0.41202733,-0.07612625,-0.19812633,0.39718327,-0.06974437,-0.19666293,0.41681114,-0.051659003
0.40805876,0.7552651,-0.19508049,0.41198242,0.75444436,-0.17264053,0.41555688,0.75030565,-0.17279796
-0.20910211,0.32293817,-0.1853064,-0.20439579,0.3367786,-0.16789934,-0.1885836,0.33510807,-0.18323708
-0.07810999,0.43625858,0.13703668,-0.09258258,0.45137224,0.11652051,-0.09340164,0.43278125,0.13674417
-0.09340164,0.43278125,0.13674417,-0.09258258,0.45137224,0.11652051,-0.12051562,0.452885,0.10320606
-0.18674976,0.4559228,0.028030261,-0.1975264,0.43512186,0.049653076,-0.18064775,0.45073625,0.055701617
-0.17342997,0.046429694,-0.24884221,-0.17812479,0.030920237,-0.23995227,-0.18464085,0.044303656,-0.23598492
0.041923285,0.62531245,-0.29926205,0.036282793,0.62848306,-0.3236565,0.015583344,0.62362003,-0.32538784
-0.16347075,0.46767244,0.04858935,-0.18064775,0.45073625,0.055701617,-0.15052222,0.46151432,0.07270191
-0.16347075,0.46767244,0.04858935,-0.18674976,0.4559228,0.028030261,-0.18064775,0.45073625,0.055701617
0.09449475,0.4945747,-0.2061883,0.098388806,0.5027677,-0.21517403,0.06844781,0.51421475,-0.2271915
-0.023884356,0.5876615,-0.41782847,-0.035263643,0.5703447,-0.43173543,-0.02340515,0.5980909,-0.37913585
0.024616674,0.42530182,-0.49705285,0.022482216,0.44084188,-0.5046217,0.045941338,0.4305767,-0.49162692
0.18487763,0.27616355,-0.12429204,0.18280824,0.27658093,-0.112813964,0.1792627,0.25098035,-0.10853285
-0.16141221,0.47243735,0.03296398,-0.18674976,0.4559228,0.028030261,-0.16347075,0.46767244,0.04858935
0.030381437,0.4778169,-0.14722972,0.037135076,0.4781334,-0.12490666,0.056355633,0.47362664,-0.113878705
0.11026277,0.64388,-0.2664409,0.09807989,0.63116693,-0.28407845,0.08996177,0.6389203,-0.27075633
-0.011938088,0.10217309,-0.30031022,0.0077491626,0.10542673,-0.28869402,0.016492583,0.079687536,-0.2963962
-0.21521045,0.35083923,-0.094388306,-0.21800764,0.3471869,-0.12129847,-0.23279427,0.34153682,-0.09945
-0.09258258,0.45137224,0.11652051,-0.101397604,0.46873745,0.09092194,-0.12051562,0.452885,0.10320606
-0.12051562,0.452885,0.10320606,-0.1231343,0.47343805,0.07251488,-0.15052222,0.46151432,0.07270191
-0.14317463,0.47819945,0.04850664,-0.16347075,0.46767244,0.04858935,-0.15052222,0.46151432,0.07270191
-0.16141221,0.47243735,0.03296398,-0.16476975,0.47435734,0.011551015,-0.18674976,0.4559228,0.028030261
-0.18674976,0.4559228,0.028030261,-0.16476975,0.47435734,0.011551015,-0.1856176,0.4572462,0.0136123
-0.19935061,0.35467348,-0.111389786,-0.21521045,0.35083923,-0.094388306,-0.19584833,0.35705557,-0.10347094
-0.006809205,0.60717607,-0.3961562,-0.023884356,0.5876615,-0.41782847,-0.02340515,0.5980909,-0.37913585
-0.0548753,0.4277117,0.14495628,-0.057473987,0.45613524,0.115075506,-0.07810999,0.43625858,0.13703668
-0.07810999,0.43625858,0.13703668,-0.057473987,0.45613524,0.115075506,-0.09258258,0.45137224,0.11652051
-0.057473987,0.45613524,0.115075506,-0.07611903,0.4688879,0.09745699,-0.09258258,0.45137224,0.11652051
-0.12051562,0.452885,0.10320606,-0.101397604,0.46873745,0.09092194,-0.1231343,0.47343805,0.07251488
-0.1231343,0.47343805,0.07251488,-0.14317463,0.47819945,0.04850664,-0.15052222,0.46151432,0.07270191
-0.22262959,0.33675104,-0.14436944,-0.2378255,0.33100873,-0.12601577,-0.21800764,0.3471869,-0.12129847
0.09449475,0.4945747,-0.2061883,0.054743372,0.49642184,-0.21266761,0.08956174,0.49125525,-0.19069107
-0.2504481,0.13508993,-0.096452646,-0.2533018,0.12525338,-0.08324585,-0.25791758,0.145812,-0.07106957
-0.018816307,0.47594377,-0.15654387,0.026548542,0.48195574,-0.16470811,-0.0052393153,0.47820374,-0.17472555
-0.21521045,0.35083923,-0.094388306,-0.19935061,0.35467348,-0.111389786,-0.21800764,0.3471869,-0.12129847
-0.010883942,0.613135,-0.36305454,-0.006809205,0.60717607,-0.3961562,-0.02340515,0.5980909,-0.37913585
0.26057357,0.6866009,-0.25253448,0.24161813,0.6738688,-0.25141406,0.28403112,0.68821716,-0.22569847
-0.09258258,0.45137224,0.11652051,-0.07611903,0.4688879,0.09745699,-0.101397604,0.46873745,0.09092194
-0.14317463,0.47819945,0.04850664,-0.16141221,0.47243735,0.03296398,-0.16347075,0.46767244,0.04858935
-0.16476975,0.47435734,0.011551015,-0.17683095,0.46259472,0.0026989654,-0.1856176,0.4572462,0.0136123
0.045941338,0.4305767,-0.49162692,0.039305806,0.45099595,-0.5014976,0.06162797,0.45365474,-0.48777443
-0.19935061,0.35467348,-0.111389786,-0.19539322,0.35106513,-0.1400721,-0.21800764,0.3471869,-0.12129847
0.3931945,0.7493638,-0.21768919,0.4031396,0.7476412,-0.21959606,0.3822193,0.73766136,-0.23681912
0.12631103,0.078137845,-0.30287287,0.11683802,0.07088415,-0.31787622,0.10732089,0.08270025,-0.29436293
0.23253499,0.67399657,-0.2718125,0.244178,0.678396,-0.28395313,0.2022644,0.65682626,-0.2949546
0.24041955,0.6109967,-0.22773015,0.23268563,0.5900686,-0.23917696,0.259672,0.5938903,-0.22908586
0.36892635,0.61794114,-0.18821335,0.38173303,0.62538373,-0.1858998,0.36915928,0.62962234,-0.18009879
-0.1231343,0.47343805,0.07251488,-0.1221001,0.48680982,0.045135863,-0.14317463,0.47819945,0.04850664
0.14012864,0.34773487,-0.4293158,0.15138738,0.37813804,-0.41101584,0.15637222,0.3460455,-0.41878796
0.09542053,0.75521255,-0.100206286,0.090507545,0.7309979,-0.11782192,0.09853102,0.7548418,-0.08688393
0.3931945,0.7493638,-0.21768919,0.3822193,0.73766136,-0.23681912,0.37854028,0.7427232,-0.21730748
-0.0052871555,0.08649789,-0.32298946,-0.03309796,0.09584509,-0.31300333,-0.011938088,0.10217309,-0.30031022
0.16591714,0.47619435,-0.43324155,0.18032724,0.4925833,-0.41051447,0.17620778,0.4638448,-0.41963732
-0.07611903,0.4688879,0.09745699,-0.067987345,0.48446944,0.073658444,-0.101397604,0.46873745,0.09092194
-0.14054841,0.48575017,0.02453249,-0.16476975,0.47435734,0.011551015,-0.16141221,0.47243735,0.03296398
-0.16476975,0.47435734,0.011551015,-0.17623399,0.46610942,-0.011070404,-0.17683095,0.46259472,0.0026989654
0.054743372,0.49642184,-0.21266761,0.09449475,0.4945747,-0.2061883,0.05116879,0.5062221,-0.2264663
0.11859792,0.76364136,-0.085523196,0.10135022,0.7297782,-0.1478968,0.09869927,0.7535325,-0.109361656
-0.055766083,0.44384715,-0.23102319,-0.040838756,0.44179955,-0.26048282,-0.054715402,0.43347755,-0.2530513
-0.067987345,0.48446944,0.073658444,-0.09377922,0.4869174,0.061054148,-0.101397604,0.46873745,0.09092194
-0.101397604,0.46873745,0.09092194,-0.09377922,0.4869174,0.061054148,-0.1231343,0.47343805,0.07251488
-0.1231343,0.47343805,0.07251488,-0.09377922,0.4869174,0.061054148,-0.1221001,0.48680982,0.045135863
-0.14317463,0.47819945,0.04850664,-0.14054841,0.48575017,0.02453249,-0.16141221,0.47243735,0.03296398
-0.19539322,0.35106513,-0.1400721,-0.20439579,0.3367786,-0.16789934,-0.22262959,0.33675104,-0.14436944
-0.21800764,0.3471869,-0.12129847,-0.19539322,0.35106513,-0.1400721,-0.22262959,0.33675104,-0.14436944
-0.02169536,0.6019856,-0.34157804,-0.019831792,0.58186185,-0.33769998,-0.007890269,0.6000353,-0.31754673
-0.057473987,0.45613524,0.115075506,-0.052120194,0.47488782,0.091717586,-0.07611903,0.4688879,0.09745699
-0.1221001,0.48680982,0.045135863,-0.14054841,0.48575017,0.02453249,-0.14317463,0.47819945,0.04850664
-0.14339782,0.48954186,0.0059052445,-0.16476975,0.47435734,0.011551015,-0.14054841,0.48575017,0.02453249
-0.16476975,0.47435734,0.011551015,-0.15791513,0.48168144,-0.018098615,-0.17623399,0.46610942,-0.011070404
-0.17623399,0.46610942,-0.011070404,-0.15791513,0.48168144,-0.018098615,-0.17792219,0.46108392,-0.032434173
0.11654145,0.2419605,-0.41622117,0.1282594,0.24965551,-0.41704613,0.14603692,0.25465372,-0.40893644
0.20369326,0.6330308,-0.25198346,0.16728498,0.6171446,-0.27665544,0.18205224,0.60947394,-0.2601523
0.12637831,0.4394689,-0.46039796,0.10578958,0.46037158,-0.47406915,0.1314148,0.45919594,-0.46199125
0.16873793,0.23195058,-0.12861578,0.16669425,0.23624173,-0.11639607,0.1595149,0.20533827,-0.11727199
0.18670717,0.3698353,-0.14004591,0.17439765,0.38757262,-0.12505117,0.17933798,0.36669937,-0.12748025
-0.09377922,0.4869174,0.061054148,-0.09456582,0.4950708,0.04096911,-0.1221001,0.48680982,0.045135863
-0.16476975,0.47435734,0.011551015,-0.14339782,0.48954186,0.0059052445,-0.15791513,0.48168144,-0.018098615
-0.1885836,0.33510807,-0.18323708,-0.17154834,0.35539064,-0.15085614,-0.16504203,0.34965008,-0.16728124
0.10135022,0.7297782,-0.1478968,0.09288426,0.72985387,-0.14373176,0.090606585,0.74055684,-0.12235239
-0.052120194,0.47488782,0.091717586,-0.067987345,0.48446944,0.073658444,-0.07611903,0.4688879,0.09745699
-0.1221001,0.48680982,0.045135863,-0.1176439,0.49790356,0.015009142,-0.14054841,0.48575017,0.02453249
-0.1176439,0.49790356,0.015009142,-0.14339782,0.48954186,0.0059052445,-0.14054841,0.48575017,0.02453249
-0.026441306,0.4633253,-0.24061461,-0.02093789,0.45364907,-0.2669356,-0.040838756,0.44179955,-0.26048282
-0.19539322,0.35106513,-0.1400721,-0.1885836,0.33510807,-0.18323708,-0.20439579,0.3367786,-0.16789934
0.41198242,0.75444436,-0.17264053,0.40805876,0.7552651,-0.19508049,0.40334642,0.7536341,-0.17295656
0.030381437,0.4778169,-0.14722972,0.0035080388,0.4836003,-0.12971233,0.037135076,0.4781334,-0.12490666
-0.14339782,0.48954186,0.0059052445,-0.13636371,0.49472865,-0.019808553,-0.15791513,0.48168144,-0.018098615
0.19946262,0.58473897,-0.25180197,0.1747537,0.5670825,-0.26508006,0.19377428,0.5714438,-0.25945494
-0.20170853,0.38426456,0.108931646,-0.17927642,0.38346252,0.12949115,-0.18616658,0.41769394,0.09698385
0.3822193,0.73766136,-0.23681912,0.36727595,0.7156955,-0.25607646,0.3594709,0.71839845,-0.254361
0.15623668,0.56245935,-0.40582275,0.1797507,0.5598428,-0.37261972,0.17967555,0.54827607,-0.3861722
-0.09456582,0.4950708,0.04096911,-0.1176439,0.49790356,0.015009142,-0.1221001,0.48680982,0.045135863
0.028789386,0.5160384,-0.24590996,0.023678966,0.5333439,-0.26276723,0.0047661513,0.51509845,-0.26475787
0.329279,0.71239185,-0.22163254,0.30533978,0.70683444,-0.24360728,0.29368308,0.69873905,-0.23302919
0.08747787,0.69113684,-0.20067555,0.07833729,0.6874256,-0.19286166,0.07845078,0.70050514,-0.17241079
0.12690178,0.13598174,-0.11811924,0.13476229,0.15733281,-0.12321944,0.14212358,0.15632299,-0.11112672
0.128019,0.28313217,-0.4280144,0.13538042,0.28882745,-0.42886335,0.13889822,0.27172428,-0.41571227
0.07585785,0.12678725,-0.2665876,0.106211536,0.13500234,-0.266788,0.092659965,0.11735314,-0.26713642
0.17407979,0.54253435,-0.39818168,0.15623668,0.56245935,-0.40582275,0.17967555,0.54827607,-0.3861722
-0.038446415,0.48449257,0.07421641,-0.067987345,0.48446944,0.073658444,-0.052120194,0.47488782,0.091717586
-0.22906831,0.1837062,0.21177101,-0.22303006,0.1974136,0.20894018,-0.23352775,0.18829963,0.19846387
-0.14400159,0.32933223,-0.20852758,-0.15988944,0.32257947,-0.2094605,-0.15000397,0.34103802,-0.20024982
0.124661684,0.1116578,-0.13325983,0.13463436,0.122517705,-0.14693137,0.12613736,0.12642449,-0.13399822
-0.049919948,0.045308307,-0.37696958,-0.03153357,0.048199505,-0.37687272,-0.031841457,0.029728249,-0.38031524
-0.054328606,0.06714749,-0.36784816,-0.043919727,0.079607084,-0.3597168,-0.03153357,0.048199505,-0.37687272
0.3844229,0.7220787,-0.24691227,0.36727595,0.7156955,-0.25607646,0.3822193,0.73766136,-0.23681912
0.024719633,0.13521534,-0.2835278,0.021304086,0.14710125,-0.29937184,0.0292681,0.14992595,-0.31065404
-0.043919727,0.079607084,-0.3597168,-0.027394399,0.0676201,-0.36909014,-0.03153357,0.048199505,-0.37687272
-0.049919948,0.045308307,-0.37696958,-0.054328606,0.06714749,-0.36784816,-0.03153357,0.048199505,-0.37687272
-0.08435848,0.2277517,-0.30739254,-0.07539104,0.21718171,-0.31461015,-0.064177476,0.20466575,-0.31251696
-0.16858126,0.33747286,-0.18641716,-0.1885836,0.33510807,-0.18323708,-0.16504203,0.34965008,-0.16728124
-0.11764569,0.093364194,-0.23979309,-0.101118974,0.082525685,-0.25287023,-0.12585069,0.0728198,-0.25577235
-0.10406657,0.10230914,-0.23137367,-0.1316292,0.10251045,-0.22100729,-0.10287586,0.11132264,-0.21473241
-0.101584785,0.12275514,-0.20781808,-0.09543433,0.12206325,-0.21905655,-0.10287586,0.11132264,-0.21473241
-0.023849532,0.30778226,-0.4154507,-0.036499202,0.3118842,-0.40018755,-0.032904908,0.32621396,-0.40446055
0.008808777,0.49524304,-0.49766368,0.031305805,0.54256964,-0.4826912,0.0319082,0.50599146,-0.4892494
-0.16556981,0.37285498,-0.15468347,-0.15709351,0.37180653,-0.16549967,-0.17154834,0.35539064,-0.15085614
0.15042034,0.091353446,-0.21161708,0.14893907,0.11235377,-0.21453491,0.14805251,0.106521696,-0.18570286
0.14446157,0.6724528,-0.13616714,0.14087503,0.693601,-0.14800784,0.14379492,0.6993197,-0.11450624
-0.19729045,0.31061944,-0.20694423,-0.20910211,0.32293817,-0.1853064,-0.18507227,0.31999785,-0.20641409
-0.063243955,0.056010246,-0.36808515,-0.06578928,0.077185005,-0.35121322,-0.054328606,0.06714749,-0.36784816
-0.2071395,0.17791954,-0.1862914,-0.21996954,0.17371228,-0.17394008,-0.2241062,0.19463179,-0.16983344
-0.15728977,0.23815581,-0.22577623,-0.18565515,0.2440007,-0.22696848,-0.1515094,0.2498239,-0.22995585
-0.15315256,0.2899574,-0.22904892,-0.14153197,0.31644753,-0.21949065,-0.13222428,0.30226678,-0.22981715
0.17507502,0.18232974,-0.23722616,0.19398537,0.19769004,-0.226168,0.16994534,0.1842533,-0.20382546
-0.1515094,0.2498239,-0.22995585,-0.12836902,0.2770115,-0.23202416,-0.11783188,0.25034207,-0.23132145
-0.11674011,0.18507224,-0.20977676,-0.12919182,0.21634725,-0.21806647,-0.11855937,0.22584605,-0.22304472
0.29267588,0.6854017,-0.2834232,0.28870103,0.69195366,-0.27703673,0.32526726,0.69369876,-0.2744339
-0.14800102,0.1895335,-0.20884833,-0.15894459,0.21134573,-0.21494128,-0.12919182,0.21634725,-0.21806647
-0.038811475,0.131206,-0.29777232,-0.05717636,0.1597226,-0.29551756,-0.025564939,0.15260828,-0.29977146
0.28870103,0.69195366,-0.27703673,0.3159624,0.7047802,-0.26350555,0.32526726,0.69369876,-0.2744339
0.29229897,0.59235847,-0.26239425,0.29513723,0.6082021,-0.26917833,0.3117426,0.59938717,-0.2580973
-0.17342997,0.046429694,-0.24884221,-0.1796709,0.06249465,-0.23645869,-0.15952708,0.05147165,-0.25430107
0.215891,0.64885306,-0.31426215,0.2358838,0.6678425,-0.29729095,0.25082934,0.6680672,-0.29935938
-0.15315256,0.2899574,-0.22904892,-0.16137587,0.30338934,-0.22316009,-0.14153197,0.31644753,-0.21949065
0.17788662,0.46485326,-0.25702763,0.18142223,0.4887121,-0.26657134,0.15887508,0.47401378,-0.23677121
0.13796154,0.14151645,-0.14686963,0.14721778,0.17081153,-0.13941127,0.13476229,0.15733281,-0.12321944
-0.19573767,0.37233654,-0.097954266,-0.17828664,0.36522654,-0.13204427,-0.19584833,0.35705557,-0.10347094
0.02843963,0.04133004,-0.1070702,0.026780866,0.040314496,-0.14200804,0.07374028,0.04161699,-0.14242776
0.18460448,0.29096296,-0.08788954,0.17737526,0.3158331,-0.07568756,0.19161174,0.2931296,-0.074869156
0.19017673,0.5609175,-0.274808,0.1747537,0.5670825,-0.26508006,0.18032494,0.5517268,-0.27402997
-0.063420705,0.12285361,-0.29289597,-0.077094205,0.15538853,-0.28746313,-0.05717636,0.1597226,-0.29551756
-0.18249671,0.30317518,-0.21927392,-0.20362645,0.29016057,-0.21403939,-0.19729045,0.31061944,-0.20694423
-0.006103605,0.37683424,-0.4065391,-0.0053272992,0.34721258,-0.4171769,-0.020029321,0.35493883,-0.40409464
-0.19886324,0.15411484,-0.18756768,-0.2027508,0.19829741,-0.19905017,-0.17009872,0.16133407,-0.19861221
0.18191992,0.5226052,-0.27269146,0.19065168,0.52490723,-0.28736815,0.18843126,0.54646873,-0.28886685
0.008555725,0.5990846,-0.2967857,0.038875908,0.600683,-0.27227375,0.021399587,0.614885,-0.2938292
-0.12585069,0.0728198,-0.25577235,-0.101118974,0.082525685,-0.25287023,-0.10814038,0.06368345,-0.26394072
0.22716957,0.33881357,-0.29217586,0.22278474,0.34720224,-0.3114014,0.22287187,0.35139462,-0.2789889
-0.038811475,0.131206,-0.29777232,-0.063420705,0.12285361,-0.29289597,-0.05717636,0.1597226,-0.29551756
0.28870103,0.69195366,-0.27703673,0.29267588,0.6854017,-0.2834232,0.25082934,0.6680672,-0.29935938
-0.18636882,0.27997795,-0.22757205,-0.16137587,0.30338934,-0.22316009,-0.15315256,0.2899574,-0.22904892
-0.12919182,0.21634725,-0.21806647,-0.15894459,0.21134573,-0.21494128,-0.15728977,0.23815581,-0.22577623
0.12012654,0.6844605,-0.21149352,0.09993151,0.6909859,-0.2076124,0.11330312,0.7105787,-0.17941853
-0.1881474,0.2209723,-0.21444076,-0.18565515,0.2440007,-0.22696848,-0.15728977,0.23815581,-0.22577623
-0.18507227,0.31999785,-0.20641409,-0.15988944,0.32257947,-0.2094605,-0.18249671,0.30317518,-0.21927392
0.12069001,0.68341434,0.0018612593,0.10672531,0.67287576,-0.009391703,0.1085181,0.6656172,-0.033548005
0.215891,0.64885306,-0.31426215,0.26619843,0.66302574,-0.29952133,0.23653296,0.6382133,-0.31421494
0.21160603,0.63681424,-0.32137078,0.215891,0.64885306,-0.31426215,0.23653296,0.6382133,-0.31421494
-0.050474823,0.5006106,-0.48086733,-0.04919143,0.5224447,-0.4708478,-0.031608984,0.5165733,-0.48498586
-0.113988504,0.051109493,-0.26687,-0.10814038,0.06368345,-0.26394072,-0.097620435,0.062033698,-0.2680542
-0.1881474,0.2209723,-0.21444076,-0.2108406,0.23743093,-0.20520157,-0.20427296,0.24786249,-0.21748665
-0.1515094,0.2498239,-0.22995585,-0.18282236,0.2588882,-0.231352,-0.15651539,0.2705415,-0.23166767
0.22781806,0.3008609,-0.24413618,0.22461277,0.3275494,-0.24600872,0.2215724,0.32086518,-0.22988775
0.14200473,0.6817328,-0.10209471,0.14446157,0.6724528,-0.13616714,0.14379492,0.6993197,-0.11450624
-0.12919182,0.21634725,-0.21806647,-0.15728977,0.23815581,-0.22577623,-0.1515094,0.2498239,-0.22995585
0.23253974,0.27828228,-0.2720483,0.22872925,0.315196,-0.27239403,0.22815344,0.30572304,-0.2607577
0.14893907,0.11235377,-0.21453491,0.14096504,0.11383781,-0.2372191,0.15793867,0.15021878,-0.21517265
-0.11719218,0.13344604,-0.20340806,-0.15486993,0.1341846,-0.19836476,-0.12486942,0.16283599,-0.20438159
-0.12919182,0.21634725,-0.21806647,-0.11674011,0.18507224,-0.20977676,-0.14800102,0.1895335,-0.20884833
-0.20894584,0.13746604,-0.17176917,-0.21500213,0.15817514,-0.17833951,-0.19886324,0.15411484,-0.18756768
-0.15988944,0.32257947,-0.2094605,-0.15658945,0.344866,-0.18402323,-0.15000397,0.34103802,-0.20024982
-0.049919948,0.045308307,-0.37696958,-0.063243955,0.056010246,-0.36808515,-0.054328606,0.06714749,-0.36784816
0.024719633,0.13521534,-0.2835278,-0.0024336204,0.13151485,-0.2927792,0.0015245005,0.14776883,-0.29553738
0.024719633,0.13521534,-0.2835278,0.0015245005,0.14776883,-0.29553738,0.021304086,0.14710125,-0.29937184
6.11946E-4,0.15915334,-0.31290132,0.0292681,0.14992595,-0.31065404,0.021304086,0.14710125,-0.29937184
0.0015245005,0.14776883,-0.29553738,6.11946E-4,0.15915334,-0.31290132,0.021304086,0.14710125,-0.29937184
-0.13462442,0.04292959,-0.26404065,-0.15952708,0.05147165,-0.25430107,-0.13954182,0.054618135,-0.2619639
-0.067113146,0.04221496,-0.37098992,-0.063243955,0.056010246,-0.36808515,-0.049919948,0.045308307,-0.37696958
-0.18636882,0.27997795,-0.22757205,-0.20362645,0.29016057,-0.21403939,-0.18249671,0.30317518,-0.21927392
-0.038811475,0.131206,-0.29777232,-0.012066461,0.11662334,-0.29624692,-0.011938088,0.10217309,-0.30031022
-0.19886324,0.15411484,-0.18756768,-0.21500213,0.15817514,-0.17833951,-0.2071395,0.17791954,-0.1862914
0.10135022,0.7297782,-0.1478968,0.09993151,0.6909859,-0.2076124,0.08738848,0.71445334,-0.16469091
-0.19886324,0.15411484,-0.18756768,-0.2071395,0.17791954,-0.1862914,-0.2027508,0.19829741,-0.19905017
-0.09980769,0.031431988,-0.2923271,-0.09591472,0.06549445,-0.27874964,-0.097646154,0.044195503,-0.30178863
0.259672,0.5938903,-0.22908586,0.28578967,0.61228657,-0.21064915,0.26935416,0.6156521,-0.21384013
-0.16858126,0.33747286,-0.18641716,-0.16504203,0.34965008,-0.16728124,-0.15658945,0.344866,-0.18402323
-0.12585069,0.0728198,-0.25577235,-0.1317369,0.08465104,-0.24213365,-0.11764569,0.093364194,-0.23979309
0.4088447,0.7258724,-0.13914524,0.41114885,0.74054754,-0.14639966,0.398579,0.733973,-0.15001816
-0.16858126,0.33747286,-0.18641716,-0.15658945,0.344866,-0.18402323,-0.15988944,0.32257947,-0.2094605
-0.039233588,0.10915664,-0.3015404,-0.038811475,0.131206,-0.29777232,-0.011938088,0.10217309,-0.30031022
-0.18249671,0.30317518,-0.21927392,-0.15988944,0.32257947,-0.2094605,-0.16137587,0.30338934,-0.22316009
-0.20427296,0.24786249,-0.21748665,-0.19827455,0.2664176,-0.2247325,-0.18565515,0.2440007,-0.22696848
-0.1979024,0.03526655,0.025484614,-0.18753427,0.04052289,0.04576739,-0.219111,0.048812702,0.02263178
-0.15658945,0.344866,-0.18402323,-0.15004721,0.36071953,-0.18828174,-0.15000397,0.34103802,-0.20024982
0.19377428,0.5714438,-0.25945494,0.23200198,0.5780815,-0.25115392,0.19946262,0.58473897,-0.25180197
-0.15988944,0.32257947,-0.2094605,-0.14153197,0.31644753,-0.21949065,-0.16137587,0.30338934,-0.22316009
-0.082782134,0.03841555,-0.35728782,-0.07886073,0.054594144,-0.35932815,-0.067113146,0.04221496,-0.37098992
0.11238808,0.63790715,-0.10149475,0.091309965,0.64838576,-0.05754246,0.08945738,0.6343845,-0.0908778
-0.038328923,0.17119598,-0.3058075,-0.019002609,0.16730785,-0.3154943,0.0015245005,0.14776883,-0.29553738
-0.0111413,0.0546889,-0.37185195,0.0038322806,0.058622643,-0.3604554,8.3202124E-4,0.036888704,-0.3732094
-0.067113146,0.04221496,-0.37098992,-0.07886073,0.054594144,-0.35932815,-0.063243955,0.056010246,-0.36808515
-0.18565515,0.2440007,-0.22696848,-0.19827455,0.2664176,-0.2247325,-0.18282236,0.2588882,-0.231352
-0.19827455,0.2664176,-0.2247325,-0.20362645,0.29016057,-0.21403939,-0.18636882,0.27997795,-0.22757205
-0.2027508,0.19829741,-0.19905017,-0.1881474,0.2209723,-0.21444076,-0.18564834,0.18784651,-0.20500587
-0.101118974,0.082525685,-0.25287023,-0.09320394,0.08182135,-0.26446518,-0.097620435,0.062033698,-0.2680542
-0.19371635,0.031447694,-0.19623888,-0.19910096,0.038203835,-0.1637746,-0.19477168,0.044555843,-0.19615519
-0.0024336204,0.13151485,-0.2927792,-0.025564939,0.15260828,-0.29977146,0.0015245005,0.14776883,-0.29553738
0.17848358,0.63247216,-0.32714808,0.21160603,0.63681424,-0.32137078,0.18274789,0.61846876,-0.33898583
-0.042437702,0.28908613,-0.40104073,-0.036499202,0.3118842,-0.40018755,-0.031839445,0.2803843,-0.4071074
-0.0128478855,0.5463933,-0.47533098,-0.030347764,0.54517853,-0.46792445,0.002738595,0.5756886,-0.45851547
0.002738595,0.5756886,-0.45851547,-0.0196767,0.5782927,-0.44194463,4.4560432E-4,0.5908613,-0.44125274
-0.051609576,0.27275452,-0.38935903,-0.031839445,0.2803843,-0.4071074,-0.023599312,0.2590908,-0.40607554
0.2827757,0.58700776,-0.25631016,0.28275388,0.58616686,-0.2434459,0.25709495,0.58087194,-0.27228326
0.17848358,0.63247216,-0.32714808,0.18605304,0.6448368,-0.31068474,0.215891,0.64885306,-0.31426215
-0.0548753,0.4277117,0.14495628,-0.03490121,0.44403592,0.12579843,-0.057473987,0.45613524,0.115075506
0.26619843,0.66302574,-0.29952133,0.215891,0.64885306,-0.31426215,0.25082934,0.6680672,-0.29935938
-0.10406657,0.10230914,-0.23137367,-0.0942861,0.10260075,-0.23910946,-0.101118974,0.082525685,-0.25287023
-0.03604579,0.45932814,-0.47893983,-0.037717268,0.47805503,-0.48760587,-0.022859305,0.45842376,-0.49461973
-0.19827455,0.2664176,-0.2247325,-0.21289064,0.267374,-0.21372248,-0.20362645,0.29016057,-0.21403939
-0.1270197,0.11303109,-0.20229626,-0.15486993,0.1341846,-0.19836476,-0.11719218,0.13344604,-0.20340806
-0.015207946,0.327063,-0.41836292,-0.020029321,0.35493883,-0.40409464,-0.0053272992,0.34721258,-0.4171769
-0.019640118,0.086389944,-0.34213996,-0.043919727,0.079607084,-0.3597168,-0.036916897,0.09177768,-0.3348371
0.039305806,0.45099595,-0.5014976,0.021495864,0.45420125,-0.5074288,0.044888422,0.46535107,-0.49711972
-0.12585069,0.0728198,-0.25577235,-0.10814038,0.06368345,-0.26394072,-0.113988504,0.051109493,-0.26687
0.22815344,0.30572304,-0.2607577,0.22872925,0.315196,-0.27239403,0.22461277,0.3275494,-0.24600872
0.0038322806,0.058622643,-0.3604554,0.01633297,0.038561746,-0.36313534,8.3202124E-4,0.036888704,-0.3732094
-0.17872493,0.10921773,-0.18415973,-0.18135151,0.13744983,-0.19346699,-0.15486993,0.1341846,-0.19836476
-0.07288312,0.18826064,-0.2968746,-0.077094205,0.15538853,-0.28746313,-0.09290762,0.19814989,-0.28135008
-0.032577664,0.4526312,-0.48376685,-0.03604579,0.45932814,-0.47893983,-0.022859305,0.45842376,-0.49461973
-0.1515094,0.2498239,-0.22995585,-0.18565515,0.2440007,-0.22696848,-0.18282236,0.2588882,-0.231352
-0.037132442,0.4977506,-0.48925483,-0.050474823,0.5006106,-0.48086733,-0.031608984,0.5165733,-0.48498586
-0.037132442,0.4977506,-0.48925483,-0.024064258,0.4867806,-0.4939064,-0.037717268,0.47805503,-0.48760587
-0.036916897,0.09177768,-0.3348371,-0.03309796,0.09584509,-0.31300333,-0.019640118,0.086389944,-0.34213996
-0.2027508,0.19829741,-0.19905017,-0.18564834,0.18784651,-0.20500587,-0.17009872,0.16133407,-0.19861221
-0.11756273,0.029623196,-0.26529157,-0.13462442,0.04292959,-0.26404065,-0.103149444,0.037757844,-0.27258748
0.1792627,0.25098035,-0.10853285,0.17730615,0.2306501,-0.104102,0.16669425,0.23624173,-0.11639607
-0.010093182,0.23786762,-0.40457752,0.013938338,0.2610747,-0.42727157,0.020400897,0.2375553,-0.41729712
-0.19886324,0.15411484,-0.18756768,-0.17009872,0.16133407,-0.19861221,-0.18135151,0.13744983,-0.19346699
-0.13462442,0.04292959,-0.26404065,-0.113988504,0.051109493,-0.26687,-0.103149444,0.037757844,-0.27258748
0.14355662,0.037863493,-0.33082473,0.15607725,0.04304284,-0.32002205,0.15542541,0.03127964,-0.3274375
0.143049,0.6989912,-0.08264988,0.14379492,0.6993197,-0.11450624,0.14361267,0.7166078,-0.07966278
-0.06375999,0.0367911,0.13027976,-0.04934565,0.0632464,0.15061663,-0.0666472,0.056285247,0.16430318
-0.023599312,0.2590908,-0.40607554,-0.031839445,0.2803843,-0.4071074,0.0057220757,0.2779744,-0.42899054
-0.032577664,0.4526312,-0.48376685,-0.022859305,0.45842376,-0.49461973,-0.024356902,0.43534043,-0.48858514
-0.2027508,0.19829741,-0.19905017,-0.2108406,0.23743093,-0.20520157,-0.1881474,0.2209723,-0.21444076
-0.031608984,0.5165733,-0.48498586,-0.015092,0.5113404,-0.49193454,-0.024064258,0.4867806,-0.4939064
-0.037132442,0.4977506,-0.48925483,-0.031608984,0.5165733,-0.48498586,-0.024064258,0.4867806,-0.4939064
-0.023849532,0.30778226,-0.4154507,-0.015207946,0.327063,-0.41836292,-0.008680686,0.3003678,-0.42435995
-0.2317771,0.19398358,0.18885177,-0.21735887,0.20733628,0.1950837,-0.2329402,0.1864624,0.16513003
-0.15894459,0.21134573,-0.21494128,-0.18564834,0.18784651,-0.20500587,-0.1881474,0.2209723,-0.21444076
-0.15258034,0.06923753,-0.25107098,-0.14656883,0.083911404,-0.240368,-0.12585069,0.0728198,-0.25577235
0.22099477,0.3625572,-0.24582255,0.211256,0.38549086,-0.26172885,0.2117452,0.38742247,-0.23230116
-0.023599312,0.2590908,-0.40607554,0.0057220757,0.2779744,-0.42899054,0.013938338,0.2610747,-0.42727157
-0.008680686,0.3003678,-0.42435995,0.024755403,0.30293065,-0.43541193,0.0057220757,0.2779744,-0.42899054
-0.024356902,0.43534043,-0.48858514,-0.022859305,0.45842376,-0.49461973,-0.009259418,0.44724688,-0.50108415
-0.03604579,0.45932814,-0.47893983,-0.032577664,0.4526312,-0.48376685,-0.03157404,0.43244877,-0.47841597
-0.058120236,0.46759698,-0.46582896,-0.037717268,0.47805503,-0.48760587,-0.03604579,0.45932814,-0.47893983
-0.07288312,0.18826064,-0.2968746,-0.038328923,0.17119598,-0.3058075,-0.05717636,0.1597226,-0.29551756
0.40339035,0.6520437,-0.1705439,0.4101596,0.67789114,-0.16394825,0.41144335,0.67885184,-0.15022291
-0.094343424,0.030482695,-0.32457632,-0.08200054,0.029586539,-0.35389787,-0.07870425,0.025036544,-0.34371942
0.1597123,0.3593078,-0.05267047,0.15733552,0.34205478,-0.04267863,0.16840851,0.34661195,-0.07288085
0.14139636,0.022264853,-0.32901093,0.14355662,0.037863493,-0.33082473,0.15542541,0.03127964,-0.3274375
0.1337354,0.047305003,-0.33394402,0.14178698,0.05940634,-0.31840748,0.14355662,0.037863493,-0.33082473
-0.15894459,0.21134573,-0.21494128,-0.1881474,0.2209723,-0.21444076,-0.15728977,0.23815581,-0.22577623
0.20576286,0.4882743,-0.35831857,0.19449766,0.519665,-0.3692332,0.20053391,0.50599265,-0.3505624
-0.031608984,0.5165733,-0.48498586,-0.0128478855,0.5463933,-0.47533098,0.005736798,0.5406163,-0.48365137
0.01633297,0.038561746,-0.36313534,0.018067136,0.056419194,-0.35121316,0.02999498,0.036447495,-0.349461
0.057406932,0.33259442,0.13972656,0.039438255,0.34010836,0.15349883,0.047555774,0.31999362,0.15296303
0.016116768,0.025125384,-0.3604116,0.01633297,0.038561746,-0.36313534,0.02999498,0.036447495,-0.349461
0.40339035,0.6520437,-0.1705439,0.41144335,0.67885184,-0.15022291,0.39891702,0.6522511,-0.15940039
0.21171033,0.31946406,-0.17956844,0.1988333,0.31441996,-0.14705227,0.20726636,0.3036588,-0.17008275
0.06695106,0.1096288,-0.26447836,0.049389176,0.1136395,-0.2598517,0.07585785,0.12678725,-0.2665876
0.19718792,0.5303427,-0.34714,0.19449766,0.519665,-0.3692332,0.1797507,0.5598428,-0.37261972
0.12187743,0.033946753,-0.340215,0.1337354,0.047305003,-0.33394402,0.14355662,0.037863493,-0.33082473
0.08381547,0.6649678,-0.033321876,0.07837165,0.66625,-0.053175177,0.0797486,0.6515626,-0.050955854
-0.023599312,0.2590908,-0.40607554,0.013938338,0.2610747,-0.42727157,-0.010093182,0.23786762,-0.40457752
-0.037717268,0.47805503,-0.48760587,-0.024064258,0.4867806,-0.4939064,-0.022859305,0.45842376,-0.49461973
-0.031839445,0.2803843,-0.4071074,-0.023849532,0.30778226,-0.4154507,-0.008680686,0.3003678,-0.42435995
-0.048563465,0.09191939,-0.33292145,-0.036916897,0.09177768,-0.3348371,-0.043919727,0.079607084,-0.3597168
-0.18507227,0.31999785,-0.20641409,-0.20910211,0.32293817,-0.1853064,-0.1885836,0.33510807,-0.18323708
0.123167545,0.046831533,-0.33628944,0.1337354,0.047305003,-0.33394402,0.12187743,0.033946753,-0.340215
0.123167545,0.046831533,-0.33628944,0.12691656,0.06036538,-0.3278744,0.1337354,0.047305003,-0.33394402
0.12691656,0.06036538,-0.3278744,0.14178698,0.05940634,-0.31840748,0.1337354,0.047305003,-0.33394402
-0.103149444,0.037757844,-0.27258748,-0.097620435,0.062033698,-0.2680542,-0.09591472,0.06549445,-0.27874964
-0.009259418,0.44724688,-0.50108415,-0.022859305,0.45842376,-0.49461973,-0.008533612,0.48463652,-0.49785897
0.12691656,0.06036538,-0.3278744,0.11683802,0.07088415,-0.31787622,0.12631103,0.078137845,-0.30287287
0.13796154,0.14151645,-0.14686963,0.14994423,0.15818664,-0.15618144,0.14721778,0.17081153,-0.13941127
0.11757093,0.61026156,-0.16070151,0.11238808,0.63790715,-0.10149475,0.10478927,0.62302315,-0.123372816
-0.17828664,0.36522654,-0.13204427,-0.19573767,0.37233654,-0.097954266,-0.18815692,0.37830874,-0.11610659
-0.058120236,0.46759698,-0.46582896,-0.03604579,0.45932814,-0.47893983,-0.038625076,0.4335203,-0.4670697
0.12532416,0.13512662,-0.1267683,0.12690178,0.13598174,-0.11811924,0.122325346,0.108388156,-0.122558445
-0.024064258,0.4867806,-0.4939064,-0.015092,0.5113404,-0.49193454,-0.008533612,0.48463652,-0.49785897
-0.031608984,0.5165733,-0.48498586,0.005736798,0.5406163,-0.48365137,-0.015092,0.5113404,-0.49193454
0.11327145,0.706553,-0.0072519258,0.0963468,0.68105996,-0.013158478,0.10827499,0.6869432,8.40798E-6
0.079638734,0.3553423,-0.44248444,0.09738987,0.36026046,-0.4400349,0.10463334,0.3351872,-0.44398296
0.22461277,0.3275494,-0.24600872,0.22872925,0.315196,-0.27239403,0.2215986,0.34647286,-0.25443953
-0.20427296,0.24786249,-0.21748665,-0.18565515,0.2440007,-0.22696848,-0.1881474,0.2209723,-0.21444076
-0.15651539,0.2705415,-0.23166767,-0.15315256,0.2899574,-0.22904892,-0.12836902,0.2770115,-0.23202416
-0.0018133074,0.029478833,-0.37410384,8.3202124E-4,0.036888704,-0.3732094,0.01633297,0.038561746,-0.36313534
0.01838766,0.3241545,-0.43210757,-0.015207946,0.327063,-0.41836292,-0.0053272992,0.34721258,-0.4171769
-0.004547134,0.023894846,-0.36747658,-0.031841457,0.029728249,-0.38031524,-0.0018133074,0.029478833,-0.37410384
-0.11764569,0.093364194,-0.23979309,-0.1316292,0.10251045,-0.22100729,-0.10406657,0.10230914,-0.23137367
0.123167545,0.046831533,-0.33628944,0.10467847,0.059864298,-0.32313192,0.12691656,0.06036538,-0.3278744
0.10467847,0.059864298,-0.32313192,0.11683802,0.07088415,-0.31787622,0.12691656,0.06036538,-0.3278744
-0.050474823,0.5006106,-0.48086733,-0.037132442,0.4977506,-0.48925483,-0.037717268,0.47805503,-0.48760587
0.08363306,0.29456046,-0.4444961,0.07360429,0.30861047,-0.44603696,0.10421929,0.3024166,-0.44455907
0.10421929,0.3024166,-0.44455907,0.07360429,0.30861047,-0.44603696,0.09147911,0.3224285,-0.4474757
0.0698054,0.33512694,-0.44519603,0.10463334,0.3351872,-0.44398296,0.09147911,0.3224285,-0.4474757
0.0698054,0.33512694,-0.44519603,0.079638734,0.3553423,-0.44248444,0.10463334,0.3351872,-0.44398296
-0.11764569,0.093364194,-0.23979309,-0.1317369,0.08465104,-0.24213365,-0.1316292,0.10251045,-0.22100729
-0.11855937,0.22584605,-0.22304472,-0.12919182,0.21634725,-0.21806647,-0.11783188,0.25034207,-0.23132145
-0.031608984,0.5165733,-0.48498586,-0.030347764,0.54517853,-0.46792445,-0.0128478855,0.5463933,-0.47533098
0.091983765,0.6031966,-0.16079283,0.08231607,0.59614253,-0.18211046,0.09281425,0.58146966,-0.20428123
-0.022859305,0.45842376,-0.49461973,-0.024064258,0.4867806,-0.4939064,-0.008533612,0.48463652,-0.49785897
0.06207408,0.5676408,-0.46893582,0.076562,0.5865276,-0.46180123,0.105393544,0.5771589,-0.45887005
-0.1316292,0.10251045,-0.22100729,-0.1270197,0.11303109,-0.20229626,-0.10287586,0.11132264,-0.21473241
0.12187743,0.033946753,-0.340215,0.10644926,0.042338535,-0.33255646,0.123167545,0.046831533,-0.33628944
0.10644926,0.042338535,-0.33255646,0.10467847,0.059864298,-0.32313192,0.123167545,0.046831533,-0.33628944
-0.097620435,0.062033698,-0.2680542,-0.10814038,0.06368345,-0.26394072,-0.101118974,0.082525685,-0.25287023
-0.15258034,0.06923753,-0.25107098,-0.16117099,0.08908214,-0.22881648,-0.14656883,0.083911404,-0.240368
0.11613087,0.6283988,-0.2800712,0.11026277,0.64388,-0.2664409,0.12500003,0.6370857,-0.25612265
-0.036499202,0.3118842,-0.40018755,-0.023849532,0.30778226,-0.4154507,-0.031839445,0.2803843,-0.4071074
0.21160603,0.63681424,-0.32137078,0.17848358,0.63247216,-0.32714808,0.215891,0.64885306,-0.31426215
0.0038322806,0.058622643,-0.3604554,0.018067136,0.056419194,-0.35121316,0.01633297,0.038561746,-0.36313534
0.10122557,0.027274042,-0.3363421,0.10644926,0.042338535,-0.33255646,0.12187743,0.033946753,-0.340215
-0.13954182,0.054618135,-0.2619639,-0.12585069,0.0728198,-0.25577235,-0.13462442,0.04292959,-0.26404065
-0.030347764,0.54517853,-0.46792445,-0.0196767,0.5782927,-0.44194463,0.002738595,0.5756886,-0.45851547
-0.14656883,0.083911404,-0.240368,-0.1317369,0.08465104,-0.24213365,-0.12585069,0.0728198,-0.25577235
0.14837727,0.72130513,0.020766687,0.13887009,0.71457934,0.020966321,0.1325829,0.69642437,0.011727165
0.07360429,0.30861047,-0.44603696,0.0698054,0.33512694,-0.44519603,0.09147911,0.3224285,-0.4474757
0.164474,0.21419933,-0.13285327,0.17979008,0.2576819,-0.12916788,0.16873793,0.23195058,-0.12861578
-0.03153357,0.048199505,-0.37687272,-0.027394399,0.0676201,-0.36909014,-0.0111413,0.0546889,-0.37185195
-0.012066461,0.11662334,-0.29624692,-0.038811475,0.131206,-0.29777232,-0.025564939,0.15260828,-0.29977146
-0.019002609,0.16730785,-0.3154943,6.11946E-4,0.15915334,-0.31290132,0.0015245005,0.14776883,-0.29553738
-0.015207946,0.327063,-0.41836292,0.01838766,0.3241545,-0.43210757,-0.008680686,0.3003678,-0.42435995
-0.12919182,0.21634725,-0.21806647,-0.1515094,0.2498239,-0.22995585,-0.11783188,0.25034207,-0.23132145
-0.13222428,0.30226678,-0.22981715,-0.12836902,0.2770115,-0.23202416,-0.15315256,0.2899574,-0.22904892
0.124661684,0.1116578,-0.13325983,0.12532416,0.13512662,-0.1267683,0.122325346,0.108388156,-0.122558445
0.07588268,0.2758829,-0.4379549,0.057142764,0.28168848,-0.44011024,0.08363306,0.29456046,-0.4444961
0.057142764,0.28168848,-0.44011024,0.07360429,0.30861047,-0.44603696,0.08363306,0.29456046,-0.4444961
0.0624094,0.3645346,-0.43739563,0.079638734,0.3553423,-0.44248444,0.0698054,0.33512694,-0.44519603
0.15793875,0.16646433,-0.29559824,0.15939084,0.16422677,-0.26757565,0.14381872,0.15861613,-0.28946367
-0.11719218,0.13344604,-0.20340806,-0.12486942,0.16283599,-0.20438159,-0.10476231,0.15537709,-0.20911492
-0.0053272992,0.34721258,-0.4171769,-0.006103605,0.37683424,-0.4065391,0.008425191,0.36770126,-0.41932157
0.09017583,0.040710792,-0.33094272,0.10467847,0.059864298,-0.32313192,0.10644926,0.042338535,-0.33255646
-0.13954182,0.054618135,-0.2619639,-0.15952708,0.05147165,-0.25430107,-0.15258034,0.06923753,-0.25107098
0.07360429,0.30861047,-0.44603696,0.048771784,0.3206372,-0.4421016,0.0698054,0.33512694,-0.44519603
0.0624094,0.3645346,-0.43739563,0.08692656,0.37758848,-0.43333673,0.079638734,0.3553423,-0.44248444
-0.18636882,0.27997795,-0.22757205,-0.15315256,0.2899574,-0.22904892,-0.15651539,0.2705415,-0.23166767
-0.103149444,0.037757844,-0.27258748,-0.09980769,0.031431988,-0.2923271,-0.101797774,0.027200893,-0.27106246
0.2358838,0.6678425,-0.29729095,0.28870103,0.69195366,-0.27703673,0.25082934,0.6680672,-0.29935938
-0.04963225,0.44336876,-0.46586823,-0.058120236,0.46759698,-0.46582896,-0.038625076,0.4335203,-0.4670697
-0.15258034,0.06923753,-0.25107098,-0.12585069,0.0728198,-0.25577235,-0.13954182,0.054618135,-0.2619639
0.14446157,0.6724528,-0.13616714,0.14213876,0.6610091,-0.16824028,0.14087503,0.693601,-0.14800784
0.07510008,0.3248895,0.12285143,0.06894651,0.3452045,0.11733932,0.057406932,0.33259442,0.13972656
0.024755403,0.30293065,-0.43541193,-0.008680686,0.3003678,-0.42435995,0.01838766,0.3241545,-0.43210757
-0.15258034,0.06923753,-0.25107098,-0.16964313,0.07517265,-0.23307973,-0.16117099,0.08908214,-0.22881648
-0.15486993,0.1341846,-0.19836476,-0.18135151,0.13744983,-0.19346699,-0.17009872,0.16133407,-0.19861221
0.09114596,0.61810994,-0.12969907,0.10760953,0.5886704,-0.19078553,0.10478927,0.62302315,-0.123372816
0.22352672,0.2812917,-0.21054697,0.21214919,0.2721103,-0.18223761,0.21984217,0.25963798,-0.20034477
0.01838766,0.3241545,-0.43210757,-0.0053272992,0.34721258,-0.4171769,0.029683366,0.3390033,-0.43467313
0.029683366,0.3390033,-0.43467313,-0.0053272992,0.34721258,-0.4171769,0.008425191,0.36770126,-0.41932157
0.07438488,0.059428588,-0.31185427,0.10467847,0.059864298,-0.32313192,0.09017583,0.040710792,-0.33094272
-0.18282236,0.2588882,-0.231352,-0.18636882,0.27997795,-0.22757205,-0.15651539,0.2705415,-0.23166767
0.03800254,0.028226003,0.06532265,0.061033342,0.032057688,0.043198798,0.0703557,0.022298306,0.044951495
0.1988333,0.31441996,-0.14705227,0.1868048,0.3181534,-0.1100929,0.18904081,0.2933168,-0.11082519
0.14446157,0.6724528,-0.13616714,0.14200473,0.6817328,-0.10209471,0.13795778,0.65744877,-0.121406384
0.057142764,0.28168848,-0.44011024,0.07588268,0.2758829,-0.4379549,0.066407435,0.25584778,-0.4339429
0.057142764,0.28168848,-0.44011024,0.024755403,0.30293065,-0.43541193,0.07360429,0.30861047,-0.44603696
0.07360429,0.30861047,-0.44603696,0.024755403,0.30293065,-0.43541193,0.048771784,0.3206372,-0.4421016
-0.15486993,0.1341846,-0.19836476,-0.17009872,0.16133407,-0.19861221,-0.12486942,0.16283599,-0.20438159
-0.0074359924,0.5377344,-0.3005859,-0.009089597,0.5243306,-0.28968215,0.00959304,0.53981936,-0.28318346
0.19556914,0.32491285,-0.13842827,0.18583448,0.34592316,-0.12625559,0.1868048,0.3181534,-0.1100929
-0.052120194,0.47488782,0.091717586,-0.057473987,0.45613524,0.115075506,-0.034936994,0.46369126,0.10242046
-0.18507227,0.31999785,-0.20641409,-0.16858126,0.33747286,-0.18641716,-0.15988944,0.32257947,-0.2094605
0.03696415,0.5835451,-0.46238157,0.081544034,0.5998353,-0.45332047,0.076562,0.5865276,-0.46180123
0.064680696,0.029503852,-0.32642442,0.09017583,0.040710792,-0.33094272,0.10122557,0.027274042,-0.3363421
0.32526726,0.69369876,-0.2744339,0.26619843,0.66302574,-0.29952133,0.29267588,0.6854017,-0.2834232
0.10732089,0.08270025,-0.29436293,0.08016232,0.08222251,-0.28338623,0.09677273,0.0935891,-0.27427867
0.066407435,0.25584778,-0.4339429,0.042252824,0.25501624,-0.43308306,0.057142764,0.28168848,-0.44011024
0.048771784,0.3206372,-0.4421016,0.029683366,0.3390033,-0.43467313,0.0698054,0.33512694,-0.44519603
0.029683366,0.3390033,-0.43467313,0.0624094,0.3645346,-0.43739563,0.0698054,0.33512694,-0.44519603
0.029683366,0.3390033,-0.43467313,0.044747263,0.35836133,-0.43453175,0.0624094,0.3645346,-0.43739563
-0.19827455,0.2664176,-0.2247325,-0.18636882,0.27997795,-0.22757205,-0.18282236,0.2588882,-0.231352
-0.14800102,0.1895335,-0.20884833,-0.18564834,0.18784651,-0.20500587,-0.15894459,0.21134573,-0.21494128
-0.11764569,0.093364194,-0.23979309,-0.10406657,0.10230914,-0.23137367,-0.101118974,0.082525685,-0.25287023
0.17737526,0.3158331,-0.07568756,0.16840851,0.34661195,-0.07288085,0.16811001,0.32929015,-0.05463218
0.13237415,0.7844813,-0.03816014,0.11402057,0.7797669,-0.05969378,0.12799224,0.78498006,-0.032442857
-0.051886693,0.47793564,-0.47847116,-0.050474823,0.5006106,-0.48086733,-0.037717268,0.47805503,-0.48760587
0.049389176,0.1136395,-0.2598517,0.06695106,0.1096288,-0.26447836,0.06564069,0.09679085,-0.2671253
0.014361694,0.5631707,-0.47333372,-0.0128478855,0.5463933,-0.47533098,0.002738595,0.5756886,-0.45851547
0.005736798,0.5406163,-0.48365137,-0.0128478855,0.5463933,-0.47533098,0.014361694,0.5631707,-0.47333372
0.037157238,0.5675731,-0.47259372,0.076562,0.5865276,-0.46180123,0.06207408,0.5676408,-0.46893582
0.037157238,0.5675731,-0.47259372,0.03696415,0.5835451,-0.46238157,0.076562,0.5865276,-0.46180123
0.035799176,0.59803855,-0.44793707,0.081544034,0.5998353,-0.45332047,0.03696415,0.5835451,-0.46238157
0.29005218,0.6348903,-0.20171408,0.26935416,0.6156521,-0.21384013,0.28578967,0.61228657,-0.21064915
0.064680696,0.029503852,-0.32642442,0.068661205,0.041250587,-0.3221577,0.09017583,0.040710792,-0.33094272
0.09017583,0.040710792,-0.33094272,0.068661205,0.041250587,-0.3221577,0.07438488,0.059428588,-0.31185427
0.08125232,0.07196115,-0.3007296,0.08016232,0.08222251,-0.28338623,0.10732089,0.08270025,-0.29436293
-0.18636882,0.27997795,-0.22757205,-0.18249671,0.30317518,-0.21927392,-0.16137587,0.30338934,-0.22316009
0.17955798,0.03234774,-0.27782875,0.17171735,0.052151546,-0.28661448,0.17283733,0.050730437,-0.26222453
0.042252824,0.25501624,-0.43308306,0.033560574,0.27349088,-0.43639043,0.057142764,0.28168848,-0.44011024
0.033560574,0.27349088,-0.43639043,0.024755403,0.30293065,-0.43541193,0.057142764,0.28168848,-0.44011024
0.044747263,0.35836133,-0.43453175,0.03400691,0.38099417,-0.42550048,0.0624094,0.3645346,-0.43739563
0.05123291,0.0878894,-0.2680235,0.049389176,0.1136395,-0.2598517,0.06564069,0.09679085,-0.2671253
0.008425191,0.36770126,-0.41932157,0.017696723,0.38579437,-0.42294896,0.03400691,0.38099417,-0.42550048
0.05051878,0.6125072,-0.43172383,0.07821391,0.60774004,-0.44479257,0.035799176,0.59803855,-0.44793707
0.106636025,0.37887654,0.0378574,0.10339799,0.398105,0.033882353,0.08632353,0.38737908,0.05770748
0.19630685,0.5380869,-0.3172431,0.19662146,0.55250645,-0.34093377,0.19585173,0.5622302,-0.3259415
-0.03153357,0.048199505,-0.37687272,8.3202124E-4,0.036888704,-0.3732094,-0.0018133074,0.029478833,-0.37410384
-0.17009872,0.16133407,-0.19861221,-0.18564834,0.18784651,-0.20500587,-0.14800102,0.1895335,-0.20884833
-0.031839445,0.2803843,-0.4071074,-0.008680686,0.3003678,-0.42435995,0.0057220757,0.2779744,-0.42899054
-0.18249671,0.30317518,-0.21927392,-0.19729045,0.31061944,-0.20694423,-0.18507227,0.31999785,-0.20641409
0.066407435,0.25584778,-0.4339429,0.046256468,0.23169658,-0.41866687,0.042252824,0.25501624,-0.43308306
0.20809643,0.025557652,-0.07307407,0.1896621,0.023479149,-0.053537026,0.20715675,0.0180327,-0.08165631
0.18460448,0.29096296,-0.08788954,0.1787565,0.32979295,-0.095242,0.17737526,0.3158331,-0.07568756
0.120006256,0.36111048,0.023012767,0.13433369,0.36430034,-0.0021904074,0.11642664,0.3762236,0.02259556
-0.103149444,0.037757844,-0.27258748,-0.113988504,0.051109493,-0.26687,-0.097620435,0.062033698,-0.2680542
0.006975457,0.46410498,-0.5061932,0.02433139,0.47442594,-0.503678,0.021495864,0.45420125,-0.5074288
0.18583448,0.34592316,-0.12625559,0.19913577,0.34255424,-0.15483874,0.18670717,0.3698353,-0.14004591
-0.12486942,0.16283599,-0.20438159,-0.17009872,0.16133407,-0.19861221,-0.14800102,0.1895335,-0.20884833
-0.18464085,0.044303656,-0.23598492,-0.1796709,0.06249465,-0.23645869,-0.17342997,0.046429694,-0.24884221
0.08996177,0.6389203,-0.27075633,0.10826779,0.6696291,-0.23553148,0.11026277,0.64388,-0.2664409
-0.14656883,0.083911404,-0.240368,-0.1316292,0.10251045,-0.22100729,-0.1317369,0.08465104,-0.24213365
0.06564069,0.09679085,-0.2671253,0.09677273,0.0935891,-0.27427867,0.08016232,0.08222251,-0.28338623
0.06695106,0.1096288,-0.26447836,0.092659965,0.11735314,-0.26713642,0.09677273,0.0935891,-0.27427867
0.06564069,0.09679085,-0.2671253,0.06695106,0.1096288,-0.26447836,0.09677273,0.0935891,-0.27427867
0.07585785,0.12678725,-0.2665876,0.092659965,0.11735314,-0.26713642,0.06695106,0.1096288,-0.26447836
0.22148828,0.24623811,-0.050796986,0.22284016,0.23095647,-0.034184873,0.21698639,0.2058874,-0.03733193
0.024755403,0.30293065,-0.43541193,0.01838766,0.3241545,-0.43210757,0.048771784,0.3206372,-0.4421016
0.048771784,0.3206372,-0.4421016,0.01838766,0.3241545,-0.43210757,0.029683366,0.3390033,-0.43467313
0.2041974,0.46131906,-0.36579055,0.20576286,0.4882743,-0.35831857,0.20508465,0.47803256,-0.34091955
0.40853602,0.70010567,-0.13621177,0.40143043,0.69168866,-0.140417,0.40010202,0.6694162,-0.14676203
0.006975457,0.46410498,-0.5061932,0.008808777,0.49524304,-0.49766368,0.02433139,0.47442594,-0.503678
0.047462963,0.021036103,0.077417016,0.06980325,0.020828992,0.07011631,0.07869385,0.021464989,0.07570766
0.005736798,0.5406163,-0.48365137,0.037157238,0.5675731,-0.47259372,0.031305805,0.54256964,-0.4826912
0.014361694,0.5631707,-0.47333372,0.03696415,0.5835451,-0.46238157,0.037157238,0.5675731,-0.47259372
0.12631103,0.078137845,-0.30287287,0.14178698,0.05940634,-0.31840748,0.12691656,0.06036538,-0.3278744
0.047766756,0.20120323,0.1711551,0.025814928,0.18925121,0.17634243,0.049361326,0.1794866,0.16450979
0.064680696,0.029503852,-0.32642442,0.04883662,0.038950235,-0.3173904,0.068661205,0.041250587,-0.3221577
0.04883662,0.038950235,-0.3173904,0.07438488,0.059428588,-0.31185427,0.068661205,0.041250587,-0.3221577
0.2117452,0.38742247,-0.23230116,0.211256,0.38549086,-0.26172885,0.20148137,0.4137095,-0.25017425
0.020400897,0.2375553,-0.41729712,0.013938338,0.2610747,-0.42727157,0.042252824,0.25501624,-0.43308306
0.042252824,0.25501624,-0.43308306,0.013938338,0.2610747,-0.42727157,0.033560574,0.27349088,-0.43639043
0.022482216,0.44084188,-0.5046217,-0.009259418,0.44724688,-0.50108415,0.021495864,0.45420125,-0.5074288
0.021495864,0.45420125,-0.5074288,-0.009259418,0.44724688,-0.50108415,0.006975457,0.46410498,-0.5061932
0.005736798,0.5406163,-0.48365137,0.031305805,0.54256964,-0.4826912,0.008808777,0.49524304,-0.49766368
0.014361694,0.5631707,-0.47333372,0.037157238,0.5675731,-0.47259372,0.005736798,0.5406163,-0.48365137
0.03696415,0.5835451,-0.46238157,0.002738595,0.5756886,-0.45851547,0.035799176,0.59803855,-0.44793707
-0.18507227,0.31999785,-0.20641409,-0.1885836,0.33510807,-0.18323708,-0.16858126,0.33747286,-0.18641716
-0.10287586,0.11132264,-0.21473241,-0.1270197,0.11303109,-0.20229626,-0.101584785,0.12275514,-0.20781808
-0.0942861,0.10260075,-0.23910946,-0.10287586,0.11132264,-0.21473241,-0.09543433,0.12206325,-0.21905655
0.08996177,0.6389203,-0.27075633,0.09993151,0.6909859,-0.2076124,0.10826779,0.6696291,-0.23553148
-0.14153197,0.31644753,-0.21949065,-0.15988944,0.32257947,-0.2094605,-0.14400159,0.32933223,-0.20852758
-0.04113178,0.41779438,-0.4553008,-0.05862087,0.43370184,-0.4576031,-0.038625076,0.4335203,-0.4670697
-0.101584785,0.12275514,-0.20781808,-0.1270197,0.11303109,-0.20229626,-0.11719218,0.13344604,-0.20340806
0.35177416,0.6118388,-0.19673768,0.36915928,0.62962234,-0.18009879,0.32589966,0.6205033,-0.19869302
0.05123291,0.0878894,-0.2680235,0.06564069,0.09679085,-0.2671253,0.08016232,0.08222251,-0.28338623
-0.031608984,0.5165733,-0.48498586,-0.04919143,0.5224447,-0.4708478,-0.030347764,0.54517853,-0.46792445
0.08432923,0.41516778,0.052628167,0.08094406,0.42969552,0.030092005,0.075596265,0.4335012,0.042632814
0.029683366,0.3390033,-0.43467313,0.008425191,0.36770126,-0.41932157,0.044747263,0.35836133,-0.43453175
0.044747263,0.35836133,-0.43453175,0.008425191,0.36770126,-0.41932157,0.03400691,0.38099417,-0.42550048
-0.004490316,0.43122676,-0.4975742,-0.009259418,0.44724688,-0.50108415,0.022482216,0.44084188,-0.5046217
-0.008533612,0.48463652,-0.49785897,0.008808777,0.49524304,-0.49766368,0.006975457,0.46410498,-0.5061932
0.002738595,0.5756886,-0.45851547,0.03696415,0.5835451,-0.46238157,0.014361694,0.5631707,-0.47333372
0.33272392,0.5996139,-0.2169227,0.35177416,0.6118388,-0.19673768,0.32589966,0.6205033,-0.19869302
-0.051886693,0.47793564,-0.47847116,-0.037717268,0.47805503,-0.48760587,-0.058120236,0.46759698,-0.46582896
0.08996177,0.6389203,-0.27075633,0.08421474,0.6531019,-0.24772345,0.09993151,0.6909859,-0.2076124
-0.20249087,0.43281308,0.02977147,-0.21622334,0.4074801,0.05417411,-0.1975264,0.43512186,0.049653076
0.17092045,0.36306325,-0.091593795,0.18583448,0.34592316,-0.12625559,0.1666798,0.378916,-0.102155626
0.12532416,0.13512662,-0.1267683,0.13476229,0.15733281,-0.12321944,0.12690178,0.13598174,-0.11811924
0.18460448,0.29096296,-0.08788954,0.1863892,0.2701794,-0.10069777,0.18904081,0.2933168,-0.11082519
0.22470616,0.25285473,-0.039688118,0.22148828,0.24623811,-0.050796986,0.2229459,0.27256402,-0.039065443
0.013938338,0.2610747,-0.42727157,0.0057220757,0.2779744,-0.42899054,0.033560574,0.27349088,-0.43639043
0.033560574,0.27349088,-0.43639043,0.0057220757,0.2779744,-0.42899054,0.024755403,0.30293065,-0.43541193
-0.027404733,0.08725123,0.1496197,-0.037296355,0.07348925,0.14344588,-0.024588779,0.063222885,0.12736128
-0.14400159,0.32933223,-0.20852758,-0.15000397,0.34103802,-0.20024982,-0.14021792,0.3435671,-0.21358116
-0.13462442,0.04292959,-0.26404065,-0.12585069,0.0728198,-0.25577235,-0.113988504,0.051109493,-0.26687
0.036054946,0.04310909,-0.32266405,0.03197313,0.057097495,-0.3199257,0.04883662,0.038950235,-0.3173904
0.10135022,0.7297782,-0.1478968,0.11330312,0.7105787,-0.17941853,0.09993151,0.6909859,-0.2076124
0.035799176,0.59803855,-0.44793707,0.002738595,0.5756886,-0.45851547,4.4560432E-4,0.5908613,-0.44125274
-0.009259418,0.44724688,-0.50108415,-0.008533612,0.48463652,-0.49785897,0.006975457,0.46410498,-0.5061932
-0.008533612,0.48463652,-0.49785897,-0.015092,0.5113404,-0.49193454,0.008808777,0.49524304,-0.49766368
-0.015092,0.5113404,-0.49193454,0.005736798,0.5406163,-0.48365137,0.008808777,0.49524304,-0.49766368
0.41144335,0.67885184,-0.15022291,0.41661543,0.7092694,-0.14594023,0.413643,0.7042438,-0.1370302
0.03255793,0.4201173,0.107968464,0.01876717,0.3978171,0.13084382,0.038592067,0.3995615,0.112925686
0.10025272,0.41868004,0.003511589,0.10137473,0.42783865,-0.01828722,0.08363888,0.43736044,0.004516039
0.41114885,0.74054754,-0.14639966,0.41454902,0.72724116,-0.14099349,0.41740894,0.73328555,-0.15764944
0.09968131,0.41447,0.01997817,0.11669821,0.39620557,0.014730919,0.11223481,0.40708342,0.005308531
0.011604188,0.4959726,-0.011226071,0.016274137,0.49114594,0.0037850384,0.04088207,0.48203763,-0.0040190564
-0.018739183,0.50012577,0.027023943,0.0071171727,0.48609784,0.04390824,0.01198357,0.48824415,0.025939774
0.036741756,0.45609507,0.07106398,0.058410507,0.43950906,0.06515646,0.052269496,0.45220193,0.0511707
-0.05862087,0.43370184,-0.4576031,-0.05917044,0.42294315,-0.44855177,-0.0735143,0.4413356,-0.4451309
-0.14846914,0.19975743,0.24133328,-0.13800104,0.18884954,0.24574077,-0.13285308,0.19854414,0.23015079
0.092324115,0.33090222,0.104798384,0.116228715,0.32254785,0.09933194,0.095211945,0.33865038,0.086776786
0.02753422,0.36330757,0.14942557,0.013862491,0.33971608,0.16759236,0.039438255,0.34010836,0.15349883
-0.21996954,0.17371228,-0.17394008,-0.2071395,0.17791954,-0.1862914,-0.21500213,0.15817514,-0.17833951
0.0077491626,0.10542673,-0.28869402,-0.012066461,0.11662334,-0.29624692,-0.0024336204,0.13151485,-0.2927792
0.39957204,0.6766813,-0.17828333,0.38584372,0.6941316,-0.19879486,0.4091925,0.7256504,-0.17826806
0.16375554,0.06421131,-0.25255302,0.15848465,0.06554811,-0.20441139,0.17283733,0.050730437,-0.26222453
0.40805876,0.7552651,-0.19508049,0.41555688,0.75030565,-0.17279796,0.40680227,0.74092615,-0.21000624
0.4091925,0.7256504,-0.17826806,0.4016294,0.73053384,-0.20393571,0.40680227,0.74092615,-0.21000624
0.17736684,0.10736355,-0.05387944,0.19497225,0.15104276,-0.0445932,0.18409052,0.11806008,-0.03101784
-0.039040633,0.047419444,0.12280994,-0.040369418,0.033876598,0.10388867,-0.027420668,0.03828618,0.107180566
0.4091925,0.7256504,-0.17826806,0.38584372,0.6941316,-0.19879486,0.4016294,0.73053384,-0.20393571
0.3983113,0.7358937,-0.23429967,0.4031396,0.7476412,-0.21959606,0.40680227,0.74092615,-0.21000624
0.3772328,0.6469284,-0.20120272,0.39551473,0.64901245,-0.1842216,0.38028467,0.6245382,-0.19869474
0.4016294,0.73053384,-0.20393571,0.37957382,0.7109369,-0.22670975,0.40680227,0.74092615,-0.21000624
0.3772328,0.6469284,-0.20120272,0.36217758,0.6667563,-0.2164441,0.39957204,0.6766813,-0.17828333
0.39551473,0.64901245,-0.1842216,0.3772328,0.6469284,-0.20120272,0.39957204,0.6766813,-0.17828333
0.39957204,0.6766813,-0.17828333,0.36217758,0.6667563,-0.2164441,0.38584372,0.6941316,-0.19879486
0.3868187,0.7189338,-0.23763177,0.3983113,0.7358937,-0.23429967,0.40680227,0.74092615,-0.21000624
0.37957382,0.7109369,-0.22670975,0.3868187,0.7189338,-0.23763177,0.40680227,0.74092615,-0.21000624
0.38584372,0.6941316,-0.19879486,0.36489147,0.6935967,-0.2282053,0.4016294,0.73053384,-0.20393571
0.4016294,0.73053384,-0.20393571,0.36489147,0.6935967,-0.2282053,0.37957382,0.7109369,-0.22670975
0.044888422,0.46535107,-0.49711972,0.02433139,0.47442594,-0.503678,0.042745605,0.4873673,-0.49212372
0.34841126,0.63635457,-0.2244342,0.3772328,0.6469284,-0.20120272,0.36382374,0.62384427,-0.21506411
0.3868187,0.7189338,-0.23763177,0.3844229,0.7220787,-0.24691227,0.3983113,0.7358937,-0.23429967
0.3822193,0.73766136,-0.23681912,0.3983113,0.7358937,-0.23429967,0.3844229,0.7220787,-0.24691227
0.3772328,0.6469284,-0.20120272,0.34841126,0.63635457,-0.2244342,0.36217758,0.6667563,-0.2164441
0.36217758,0.6667563,-0.2164441,0.33722848,0.67185056,-0.24611902,0.38584372,0.6941316,-0.19879486
0.38584372,0.6941316,-0.19879486,0.33722848,0.67185056,-0.24611902,0.36489147,0.6935967,-0.2282053
0.13717999,0.09699944,-0.13014212,0.15649894,0.09803629,-0.09568699,0.16047469,0.088410646,-0.1288347
0.37957382,0.7109369,-0.22670975,0.36680558,0.70139444,-0.25070304,0.3868187,0.7189338,-0.23763177
0.3868187,0.7189338,-0.23763177,0.36680558,0.70139444,-0.25070304,0.3844229,0.7220787,-0.24691227
0.36680558,0.70139444,-0.25070304,0.362123,0.7022244,-0.2608297,0.3844229,0.7220787,-0.24691227
0.34841126,0.63635457,-0.2244342,0.31578276,0.6417481,-0.24942696,0.36217758,0.6667563,-0.2164441
0.36489147,0.6935967,-0.2282053,0.36680558,0.70139444,-0.25070304,0.37957382,0.7109369,-0.22670975
0.0319082,0.50599146,-0.4892494,0.04821579,0.542096,-0.47718447,0.063944235,0.53265023,-0.46746713
0.34841126,0.63635457,-0.2244342,0.36382374,0.62384427,-0.21506411,0.34768778,0.60933495,-0.23011872
0.3384196,0.6805496,-0.26482117,0.362123,0.7022244,-0.2608297,0.36680558,0.70139444,-0.25070304
0.36489147,0.6935967,-0.2282053,0.3384196,0.6805496,-0.26482117,0.36680558,0.70139444,-0.25070304
0.08363306,0.29456046,-0.4444961,0.10421929,0.3024166,-0.44455907,0.09467083,0.2822235,-0.43907997
0.32368436,0.61156666,-0.24740382,0.34841126,0.63635457,-0.2244342,0.34768778,0.60933495,-0.23011872
0.31578276,0.6417481,-0.24942696,0.32251424,0.65604115,-0.24970128,0.36217758,0.6667563,-0.2164441
0.36217758,0.6667563,-0.2164441,0.32251424,0.65604115,-0.24970128,0.33722848,0.67185056,-0.24611902
0.14212358,0.15632299,-0.11112672,0.13476229,0.15733281,-0.12321944,0.14827056,0.18408716,-0.12359372
0.33722848,0.67185056,-0.24611902,0.3384196,0.6805496,-0.26482117,0.36489147,0.6935967,-0.2282053
0.032149248,0.4713647,0.04107446,0.036741756,0.45609507,0.07106398,0.052269496,0.45220193,0.0511707
-0.0111413,0.0546889,-0.37185195,-0.027394399,0.0676201,-0.36909014,-0.013995588,0.07591374,-0.3584287
0.33701152,0.59827757,-0.2342425,0.3117426,0.59938717,-0.2580973,0.34768778,0.60933495,-0.23011872
0.33599243,0.6868284,-0.27416244,0.36727595,0.7156955,-0.25607646,0.362123,0.7022244,-0.2608297
0.3384196,0.6805496,-0.26482117,0.33599243,0.6868284,-0.27416244,0.362123,0.7022244,-0.2608297
0.108514175,0.1021277,-0.26795936,0.09677273,0.0935891,-0.27427867,0.092659965,0.11735314,-0.26713642
0.03351076,0.4443625,0.08913343,0.047208756,0.4274486,0.08865492,0.036741756,0.45609507,0.07106398
0.15346223,0.0737481,-0.26008365,0.16375554,0.06421131,-0.25255302,0.16044824,0.06170629,-0.28939617
0.12611213,0.5447687,-0.4454613,0.12604663,0.5667294,-0.45001268,0.1341717,0.5572181,-0.4426027
0.3157223,0.593066,-0.2433913,0.3117426,0.59938717,-0.2580973,0.33701152,0.59827757,-0.2342425
0.29826152,0.62317085,-0.26095185,0.34841126,0.63635457,-0.2244342,0.32368436,0.61156666,-0.24740382
0.29826152,0.62317085,-0.26095185,0.31578276,0.6417481,-0.24942696,0.34841126,0.63635457,-0.2244342
0.13653784,0.42381147,-0.095611885,0.15634525,0.40757832,-0.11020496,0.12737846,0.4356936,-0.101541966
-0.105528295,0.022734553,0.087662034,-0.086087346,0.029685497,0.07373186,-0.07300565,0.023120195,0.082675695
0.3117426,0.59938717,-0.2580973,0.32368436,0.61156666,-0.24740382,0.34768778,0.60933495,-0.23011872
0.026880035,0.023712993,0.07204997,-1.804214E-4,0.021677002,0.066834874,-0.0031495206,0.023295939,0.0398909
0.08363888,0.43736044,0.004516039,0.10137473,0.42783865,-0.01828722,0.0986377,0.4399037,-0.035382964
0.12795836,0.38172045,-0.0057878643,0.11642664,0.3762236,0.02259556,0.13433369,0.36430034,-0.0021904074
0.20100155,0.17542002,-0.047693864,0.21426052,0.21462312,-0.05529417,0.21698639,0.2058874,-0.03733193
0.21426052,0.21462312,-0.05529417,0.216093,0.2351043,-0.06495359,0.22148828,0.24623811,-0.050796986
0.216093,0.2351043,-0.06495359,0.21381152,0.2520655,-0.06747814,0.22148828,0.24623811,-0.050796986
0.21381152,0.2520655,-0.06747814,0.21582921,0.2769672,-0.05493898,0.22148828,0.24623811,-0.050796986
0.29513723,0.6082021,-0.26917833,0.29826152,0.62317085,-0.26095185,0.32368436,0.61156666,-0.24740382
0.3384196,0.6805496,-0.26482117,0.31830418,0.67103195,-0.27993968,0.33599243,0.6868284,-0.27416244
-0.030771747,0.31974813,0.19166502,-0.0078610405,0.31137067,0.19037205,0.010677047,0.31242362,0.18183653
0.20100155,0.17542002,-0.047693864,0.2010822,0.19141749,-0.05962412,0.21426052,0.21462312,-0.05529417
0.21426052,0.21462312,-0.05529417,0.2054824,0.21994767,-0.071419574,0.216093,0.2351043,-0.06495359
0.19553947,0.3169638,-0.032701194,0.21464078,0.29444796,-0.036772713,0.20472065,0.30040643,-0.05236253
0.2052199,0.2771378,-0.06903452,0.21582921,0.2769672,-0.05493898,0.21381152,0.2520655,-0.06747814
0.28974336,0.64652,-0.27782777,0.3384196,0.6805496,-0.26482117,0.33722848,0.67185056,-0.24611902
0.32251424,0.65604115,-0.24970128,0.28974336,0.64652,-0.27782777,0.33722848,0.67185056,-0.24611902
0.31830418,0.67103195,-0.27993968,0.32526726,0.69369876,-0.2744339,0.33599243,0.6868284,-0.27416244
0.047208756,0.4274486,0.08865492,0.06602046,0.42341146,0.07299276,0.058410507,0.43950906,0.06515646
0.07529047,0.354385,0.09649782,0.08561444,0.34955186,0.07799037,0.07898878,0.35955808,0.07931562
0.14708832,0.7362925,0.021993093,0.15498963,0.7447914,0.020385332,0.14105363,0.7496041,0.008660782
0.19155604,0.18847361,-0.07359439,0.2054824,0.21994767,-0.071419574,0.21426052,0.21462312,-0.05529417
0.2010822,0.19141749,-0.05962412,0.19155604,0.18847361,-0.07359439,0.21426052,0.21462312,-0.05529417
0.2054824,0.21994767,-0.071419574,0.19826075,0.23436594,-0.08637546,0.216093,0.2351043,-0.06495359
0.19826075,0.23436594,-0.08637546,0.2030923,0.25971332,-0.080484085,0.21381152,0.2520655,-0.06747814
0.216093,0.2351043,-0.06495359,0.19826075,0.23436594,-0.08637546,0.21381152,0.2520655,-0.06747814
0.19161174,0.2931296,-0.074869156,0.20472065,0.30040643,-0.05236253,0.21582921,0.2769672,-0.05493898
0.2052199,0.2771378,-0.06903452,0.19161174,0.2931296,-0.074869156,0.21582921,0.2769672,-0.05493898
0.31830418,0.67103195,-0.27993968,0.30307713,0.6693618,-0.28792363,0.32526726,0.69369876,-0.2744339
0.07529047,0.354385,0.09649782,0.077494286,0.34121874,0.10230821,0.08561444,0.34955186,0.07799037
0.032149248,0.4713647,0.04107446,0.061882697,0.44918308,0.028410459,0.051752724,0.46452668,0.012599576
0.19497225,0.15104276,-0.0445932,0.18856868,0.16099805,-0.064469926,0.20100155,0.17542002,-0.047693864
0.19826075,0.23436594,-0.08637546,0.19585411,0.24810836,-0.087848574,0.2030923,0.25971332,-0.080484085
0.2030923,0.25971332,-0.080484085,0.2052199,0.2771378,-0.06903452,0.21381152,0.2520655,-0.06747814
0.10561333,0.7690443,-0.08189315,0.10345957,0.76742935,-0.071456015,0.11402057,0.7797669,-0.05969378
0.28974336,0.64652,-0.27782777,0.31830418,0.67103195,-0.27993968,0.3384196,0.6805496,-0.26482117
-0.013995588,0.07591374,-0.3584287,-0.019640118,0.086389944,-0.34213996,-0.0052871555,0.08649789,-0.32298946
0.06775819,0.43549785,-0.47898954,0.08763807,0.44719133,-0.47394645,0.093863085,0.42944464,-0.46296182
0.08561444,0.34955186,0.07799037,0.077494286,0.34121874,0.10230821,0.095211945,0.33865038,0.086776786
0.036741756,0.45609507,0.07106398,0.047208756,0.4274486,0.08865492,0.058410507,0.43950906,0.06515646
0.18856868,0.16099805,-0.064469926,0.19155604,0.18847361,-0.07359439,0.20100155,0.17542002,-0.047693864
0.20100155,0.17542002,-0.047693864,0.19155604,0.18847361,-0.07359439,0.2010822,0.19141749,-0.05962412
0.19161174,0.2931296,-0.074869156,0.2052199,0.2771378,-0.06903452,0.2030923,0.25971332,-0.080484085
0.10421929,0.3024166,-0.44455907,0.10463334,0.3351872,-0.44398296,0.121144034,0.3079994,-0.4404717
0.2787994,0.63263404,-0.27542415,0.28974336,0.64652,-0.27782777,0.32251424,0.65604115,-0.24970128
0.31578276,0.6417481,-0.24942696,0.2787994,0.63263404,-0.27542415,0.32251424,0.65604115,-0.24970128
0.032149248,0.4713647,0.04107446,0.052269496,0.45220193,0.0511707,0.061882697,0.44918308,0.028410459
0.17736684,0.10736355,-0.05387944,0.17647757,0.1554206,-0.07404855,0.18856868,0.16099805,-0.064469926
0.19497225,0.15104276,-0.0445932,0.17736684,0.10736355,-0.05387944,0.18856868,0.16099805,-0.064469926
0.19155604,0.18847361,-0.07359439,0.18420403,0.2097781,-0.09004075,0.2054824,0.21994767,-0.071419574
0.19161174,0.2931296,-0.074869156,0.18465394,0.3188909,-0.05164084,0.20472065,0.30040643,-0.05236253
0.28974336,0.64652,-0.27782777,0.2824757,0.65366066,-0.295786,0.31830418,0.67103195,-0.27993968
0.31830418,0.67103195,-0.27993968,0.2824757,0.65366066,-0.295786,0.30307713,0.6693618,-0.28792363
0.027643763,0.09961635,-0.26911667,0.0077491626,0.10542673,-0.28869402,0.025774494,0.11906806,-0.2718482
0.0038322806,0.058622643,-0.3604554,0.012577966,0.06861,-0.343049,0.018067136,0.056419194,-0.35121316
0.063944235,0.53265023,-0.46746713,0.0697445,0.54855525,-0.46620497,0.08844576,0.54199886,-0.45612475
-0.2378255,0.33100873,-0.12601577,-0.23279427,0.34153682,-0.09945,-0.21800764,0.3471869,-0.12129847
-0.012217104,0.3932893,-0.39416948,-0.0099708885,0.39478144,-0.4177267,-0.006103605,0.37683424,-0.4065391
0.08561444,0.34955186,0.07799037,0.10689792,0.34617466,0.058499254,0.10368177,0.35599372,0.048201207
0.1741214,0.12010786,-0.06679035,0.17647757,0.1554206,-0.07404855,0.17736684,0.10736355,-0.05387944
0.18856868,0.16099805,-0.064469926,0.1712983,0.17529428,-0.08789782,0.19155604,0.18847361,-0.07359439
0.2054824,0.21994767,-0.071419574,0.18420403,0.2097781,-0.09004075,0.19826075,0.23436594,-0.08637546
0.29826152,0.62317085,-0.26095185,0.2787994,0.63263404,-0.27542415,0.31578276,0.6417481,-0.24942696
0.08363306,0.29456046,-0.4444961,0.09467083,0.2822235,-0.43907997,0.07588268,0.2758829,-0.4379549
-0.15087152,0.37519595,-0.17661273,-0.15658945,0.344866,-0.18402323,-0.16504203,0.34965008,-0.16728124
0.20746675,0.030657291,-0.14331023,0.21699408,0.020945504,-0.12874834,0.19750357,0.0236824,-0.15566978
0.20746675,0.030657291,-0.14331023,0.2131496,0.044430047,-0.119913965,0.21658376,0.0314596,-0.12800834
0.20746675,0.030657291,-0.14331023,0.19952272,0.057643086,-0.12959397,0.2131496,0.044430047,-0.119913965
0.19952272,0.057643086,-0.12959397,0.2056863,0.062333047,-0.11027856,0.2131496,0.044430047,-0.119913965
0.0624094,0.3645346,-0.43739563,0.03400691,0.38099417,-0.42550048,0.07792033,0.3916025,-0.43143675
0.1741214,0.12010786,-0.06679035,0.16168171,0.14052132,-0.08477692,0.17647757,0.1554206,-0.07404855
0.18856868,0.16099805,-0.064469926,0.17647757,0.1554206,-0.07404855,0.1712983,0.17529428,-0.08789782
0.19585411,0.24810836,-0.087848574,0.1863892,0.2701794,-0.10069777,0.2030923,0.25971332,-0.080484085
0.18460448,0.29096296,-0.08788954,0.19161174,0.2931296,-0.074869156,0.2030923,0.25971332,-0.080484085
0.1863892,0.2701794,-0.10069777,0.18460448,0.29096296,-0.08788954,0.2030923,0.25971332,-0.080484085
0.08692656,0.37758848,-0.43333673,0.0624094,0.3645346,-0.43739563,0.07792033,0.3916025,-0.43143675
0.03400691,0.38099417,-0.42550048,0.050472587,0.3939719,-0.4292277,0.07792033,0.3916025,-0.43143675
0.30307713,0.6693618,-0.28792363,0.26619843,0.66302574,-0.29952133,0.32526726,0.69369876,-0.2744339
0.050472587,0.3939719,-0.4292277,0.08127842,0.4038678,-0.43597966,0.07792033,0.3916025,-0.43143675
0.1712983,0.17529428,-0.08789782,0.18420403,0.2097781,-0.09004075,0.19155604,0.18847361,-0.07359439
0.18420403,0.2097781,-0.09004075,0.17730615,0.2306501,-0.104102,0.19826075,0.23436594,-0.08637546
0.19826075,0.23436594,-0.08637546,0.1792627,0.25098035,-0.10853285,0.19585411,0.24810836,-0.087848574
0.1792627,0.25098035,-0.10853285,0.1863892,0.2701794,-0.10069777,0.19585411,0.24810836,-0.087848574
0.13905725,0.6670377,-0.18618919,0.13158578,0.6736238,-0.20608553,0.13075559,0.69777524,-0.1793943
0.28974336,0.64652,-0.27782777,0.26611,0.63315344,-0.29191417,0.2824757,0.65366066,-0.295786
0.2824757,0.65366066,-0.295786,0.26619843,0.66302574,-0.29952133,0.30307713,0.6693618,-0.28792363
0.20321706,0.04019229,-0.06931043,0.21556276,0.035536855,-0.09851403,0.20865768,0.055125296,-0.085338734
0.17736684,0.10736355,-0.05387944,0.1641175,0.10632643,-0.079990424,0.1741214,0.12010786,-0.06679035
0.19826075,0.23436594,-0.08637546,0.17730615,0.2306501,-0.104102,0.1792627,0.25098035,-0.10853285
0.18205224,0.60947394,-0.2601523,0.15823011,0.5880742,-0.26743102,0.17391725,0.5872749,-0.26152253
0.11300644,0.019145042,0.026724996,0.12788293,0.032222703,0.025796374,0.121479586,0.023953095,0.027941827
-0.12298597,0.043542206,-0.043619424,-0.16048294,0.04753548,-0.051073708,-0.10641235,0.043635353,-0.06812276
0.29229897,0.59235847,-0.26239425,0.24536747,0.5998845,-0.3016188,0.2917529,0.5996556,-0.27241376
0.2917529,0.5996556,-0.27241376,0.24536747,0.5998845,-0.3016188,0.29513723,0.6082021,-0.26917833
0.0071171727,0.48609784,0.04390824,3.7274882E-4,0.47149464,0.07553996,0.022850532,0.46751425,0.06409036
0.10339799,0.398105,0.033882353,0.11669821,0.39620557,0.014730919,0.09968131,0.41447,0.01997817
0.1951079,0.045085043,-0.1538512,0.19952272,0.057643086,-0.12959397,0.20746675,0.030657291,-0.14331023
0.1951079,0.045085043,-0.1538512,0.19057617,0.06671983,-0.14022452,0.19952272,0.057643086,-0.12959397
0.15649894,0.09803629,-0.09568699,0.1641175,0.10632643,-0.079990424,0.17628662,0.08757004,-0.10286736
0.1741214,0.12010786,-0.06679035,0.1641175,0.10632643,-0.079990424,0.16168171,0.14052132,-0.08477692
0.16168171,0.14052132,-0.08477692,0.1712983,0.17529428,-0.08789782,0.17647757,0.1554206,-0.07404855
0.18420403,0.2097781,-0.09004075,0.16928789,0.21050635,-0.105400234,0.17730615,0.2306501,-0.104102
0.1987302,0.07372481,-0.09384535,0.18075554,0.08704515,-0.08218482,0.19616637,0.07370204,-0.07805643
0.07645759,0.456575,-0.47901466,0.10578958,0.46037158,-0.47406915,0.08763807,0.44719133,-0.47394645
0.07645759,0.456575,-0.47901466,0.09247112,0.4737315,-0.47700948,0.10578958,0.46037158,-0.47406915
0.25709495,0.58087194,-0.27228326,0.2555246,0.5892993,-0.28400844,0.29229897,0.59235847,-0.26239425
0.29229897,0.59235847,-0.26239425,0.2555246,0.5892993,-0.28400844,0.24536747,0.5998845,-0.3016188
0.24536747,0.5998845,-0.3016188,0.25869906,0.6067238,-0.29430455,0.29513723,0.6082021,-0.26917833
0.25869906,0.6067238,-0.29430455,0.29826152,0.62317085,-0.26095185,0.29513723,0.6082021,-0.26917833
0.29826152,0.62317085,-0.26095185,0.2528035,0.6203897,-0.29265982,0.2787994,0.63263404,-0.27542415
0.19750357,0.0236824,-0.15566978,0.1951079,0.045085043,-0.1538512,0.20746675,0.030657291,-0.14331023
0.1712983,0.17529428,-0.08789782,0.16928789,0.21050635,-0.105400234,0.18420403,0.2097781,-0.09004075
0.2545639,0.6136507,-0.29145223,0.29826152,0.62317085,-0.26095185,0.25869906,0.6067238,-0.29430455
0.2545639,0.6136507,-0.29145223,0.2528035,0.6203897,-0.29265982,0.29826152,0.62317085,-0.26095185
0.2787994,0.63263404,-0.27542415,0.26611,0.63315344,-0.29191417,0.28974336,0.64652,-0.27782777
0.15252686,0.7649424,-0.013775758,0.14949661,0.7421528,-0.028012298,0.1451244,0.7488831,-0.04704166
0.11683802,0.07088415,-0.31787622,0.08125232,0.07196115,-0.3007296,0.10732089,0.08270025,-0.29436293
0.19750357,0.0236824,-0.15566978,0.18356389,0.034001336,-0.16785625,0.1951079,0.045085043,-0.1538512
0.11300644,0.019145042,0.026724996,0.14752865,0.018058196,-0.019557072,0.14980191,0.025354639,-0.007951608
0.16047469,0.088410646,-0.1288347,0.15649894,0.09803629,-0.09568699,0.17628662,0.08757004,-0.10286736
0.1712983,0.17529428,-0.08789782,0.15606445,0.1818259,-0.106217936,0.16928789,0.21050635,-0.105400234
0.17730615,0.2306501,-0.104102,0.16928789,0.21050635,-0.105400234,0.16669425,0.23624173,-0.11639607
0.06775819,0.43549785,-0.47898954,0.07645759,0.456575,-0.47901466,0.08763807,0.44719133,-0.47394645
0.2528035,0.6203897,-0.29265982,0.26611,0.63315344,-0.29191417,0.2787994,0.63263404,-0.27542415
0.26611,0.63315344,-0.29191417,0.25777844,0.63199747,-0.30260733,0.2824757,0.65366066,-0.295786
0.13231346,0.7662153,-0.06399126,0.14283271,0.77861714,-0.027775705,0.1451244,0.7488831,-0.04704166
0.13868764,0.75029325,-0.06773782,0.13231346,0.7662153,-0.06399126,0.1451244,0.7488831,-0.04704166
0.17907903,0.05974534,-0.15650608,0.19057617,0.06671983,-0.14022452,0.1951079,0.045085043,-0.1538512
0.14683121,0.11053038,-0.09571178,0.1641175,0.10632643,-0.079990424,0.15649894,0.09803629,-0.09568699
0.1641175,0.10632643,-0.079990424,0.14874661,0.13499019,-0.09776045,0.16168171,0.14052132,-0.08477692
0.16889991,0.029679358,-0.1988334,0.17719,0.019369707,-0.22892605,0.1762156,0.032678902,-0.245633
0.12901127,0.6893585,-0.013054755,0.12069001,0.68341434,0.0018612593,0.1085181,0.6656172,-0.033548005
0.007824533,0.0799827,-0.31539795,-0.011938088,0.10217309,-0.30031022,0.016492583,0.079687536,-0.2963962
0.0077491626,0.10542673,-0.28869402,-0.011938088,0.10217309,-0.30031022,-0.012066461,0.11662334,-0.29624692
0.2481634,0.6329006,-0.30990776,0.23653296,0.6382133,-0.31421494,0.2824757,0.65366066,-0.295786
0.25777844,0.63199747,-0.30260733,0.2481634,0.6329006,-0.30990776,0.2824757,0.65366066,-0.295786
0.2824757,0.65366066,-0.295786,0.23653296,0.6382133,-0.31421494,0.26619843,0.66302574,-0.29952133
0.17907903,0.05974534,-0.15650608,0.1951079,0.045085043,-0.1538512,0.18356389,0.034001336,-0.16785625
0.17907903,0.05974534,-0.15650608,0.1718727,0.08060889,-0.1427014,0.19057617,0.06671983,-0.14022452
0.1641175,0.10632643,-0.079990424,0.14683121,0.11053038,-0.09571178,0.14874661,0.13499019,-0.09776045
0.15606445,0.1818259,-0.106217936,0.1595149,0.20533827,-0.11727199,0.16928789,0.21050635,-0.105400234
0.2528035,0.6203897,-0.29265982,0.25777844,0.63199747,-0.30260733,0.26611,0.63315344,-0.29191417
0.073753625,0.48810264,-0.47914857,0.042745605,0.4873673,-0.49212372,0.06353891,0.5126245,-0.47362044
0.14874661,0.13499019,-0.09776045,0.14212358,0.15632299,-0.11112672,0.16168171,0.14052132,-0.08477692
0.16168171,0.14052132,-0.08477692,0.14212358,0.15632299,-0.11112672,0.1712983,0.17529428,-0.08789782
0.1712983,0.17529428,-0.08789782,0.14212358,0.15632299,-0.11112672,0.15606445,0.1818259,-0.106217936
0.0052835494,0.3623753,0.16541573,-0.006141104,0.3493503,0.17540652,0.013862491,0.33971608,0.16759236
0.16840851,0.34661195,-0.07288085,0.17092045,0.36306325,-0.091593795,0.16453815,0.37203512,-0.07351906
0.06353891,0.5126245,-0.47362044,0.063944235,0.53265023,-0.46746713,0.0837124,0.53252494,-0.45662698
0.0837124,0.53252494,-0.45662698,0.063944235,0.53265023,-0.46746713,0.08844576,0.54199886,-0.45612475
0.09489111,0.5009326,-0.47034734,0.073753625,0.48810264,-0.47914857,0.09414759,0.51559484,-0.4633408
0.2555246,0.5892993,-0.28400844,0.23050413,0.58639073,-0.30175406,0.24536747,0.5998845,-0.3016188
-0.025564939,0.15260828,-0.29977146,-0.0024336204,0.13151485,-0.2927792,-0.012066461,0.11662334,-0.29624692
-0.0052871555,0.08649789,-0.32298946,-0.011938088,0.10217309,-0.30031022,0.007824533,0.0799827,-0.31539795
0.16467965,0.062267095,-0.170184,0.17907903,0.05974534,-0.15650608,0.18356389,0.034001336,-0.16785625
0.14683121,0.11053038,-0.09571178,0.13441347,0.12604284,-0.10762961,0.14874661,0.13499019,-0.09776045
-0.021378059,0.4288176,0.13437271,-0.012764569,0.41343042,0.14274257,0.012732338,0.42576858,0.12081995
-0.08968274,0.02334115,-0.27291626,-0.09201884,0.026034892,-0.30201748,-0.072535075,0.0231359,-0.29872864
-0.0111413,0.0546889,-0.37185195,-0.013995588,0.07591374,-0.3584287,0.0038322806,0.058622643,-0.3604554
0.19770345,0.21999565,-0.33502188,0.20825128,0.22404179,-0.31112522,0.19486412,0.20769075,-0.30542007
0.050472587,0.3939719,-0.4292277,0.060278624,0.40545473,-0.43856934,0.08127842,0.4038678,-0.43597966
0.23332545,0.6100606,-0.30491355,0.25869906,0.6067238,-0.29430455,0.24536747,0.5998845,-0.3016188
0.25869906,0.6067238,-0.29430455,0.23332545,0.6100606,-0.30491355,0.2545639,0.6136507,-0.29145223
0.14355662,0.037863493,-0.33082473,0.14178698,0.05940634,-0.31840748,0.15607725,0.04304284,-0.32002205
0.06162797,0.45365474,-0.48777443,0.042745605,0.4873673,-0.49212372,0.073753625,0.48810264,-0.47914857
0.093863085,0.42944464,-0.46296182,0.08763807,0.44719133,-0.47394645,0.10432024,0.4410508,-0.4688376
0.16626072,0.030583233,-0.18329683,0.16793159,0.044461906,-0.17864405,0.18356389,0.034001336,-0.16785625
0.16793159,0.044461906,-0.17864405,0.16467965,0.062267095,-0.170184,0.18356389,0.034001336,-0.16785625
0.16467965,0.062267095,-0.170184,0.1718727,0.08060889,-0.1427014,0.17907903,0.05974534,-0.15650608
0.13124578,0.6041672,-0.43764457,0.10774561,0.5942862,-0.45496845,0.1093269,0.6084721,-0.4422728
0.13238353,0.108956546,-0.10917052,0.14683121,0.11053038,-0.09571178,0.15649894,0.09803629,-0.09568699
0.13238353,0.108956546,-0.10917052,0.13441347,0.12604284,-0.10762961,0.14683121,0.11053038,-0.09571178
0.086378485,0.36959502,0.06774205,0.07898878,0.35955808,0.07931562,0.08561444,0.34955186,0.07799037
0.17434257,0.3229617,0.029152751,0.19321288,0.30388018,0.023577996,0.18717822,0.3193172,0.009484738
0.016492583,0.079687536,-0.2963962,0.019356526,0.09284364,-0.28017676,0.029471219,0.080500305,-0.27552086
0.029471219,0.080500305,-0.27552086,0.027643763,0.09961635,-0.26911667,0.035942957,0.09549466,-0.26325312
0.029471219,0.080500305,-0.27552086,0.035942957,0.09549466,-0.26325312,0.03831502,0.07724565,-0.27380544
0.016492583,0.079687536,-0.2963962,0.029471219,0.080500305,-0.27552086,0.038475268,0.06468104,-0.2902965
0.016492583,0.079687536,-0.2963962,0.038475268,0.06468104,-0.2902965,0.03197313,0.057097495,-0.3199257
0.23332545,0.6100606,-0.30491355,0.25777844,0.63199747,-0.30260733,0.2528035,0.6203897,-0.29265982
0.2545639,0.6136507,-0.29145223,0.23332545,0.6100606,-0.30491355,0.2528035,0.6203897,-0.29265982
0.03400691,0.38099417,-0.42550048,0.017696723,0.38579437,-0.42294896,0.050472587,0.3939719,-0.4292277
-0.06953401,0.44505778,-0.19478422,-0.045834973,0.4570488,-0.19835834,-0.07794176,0.42986563,-0.211158
0.105393544,0.5771589,-0.45887005,0.10774561,0.5942862,-0.45496845,0.13184068,0.5924294,-0.44460434
0.13868764,0.75029325,-0.06773782,0.13601786,0.72213984,-0.122829735,0.13231346,0.7662153,-0.06399126
0.13441347,0.12604284,-0.10762961,0.14212358,0.15632299,-0.11112672,0.14874661,0.13499019,-0.09776045
-0.012764569,0.41343042,0.14274257,-0.007025808,0.39239785,0.1548808,0.003976591,0.39658627,0.1435997
-0.17290393,0.21289626,0.22591664,-0.15078697,0.21013674,0.22495866,-0.15644987,0.21448624,0.21099648
0.012732338,0.42576858,0.12081995,-0.012764569,0.41343042,0.14274257,0.01876717,0.3978171,0.13084382
-0.0024336204,0.13151485,-0.2927792,0.024719633,0.13521534,-0.2835278,0.025774494,0.11906806,-0.2718482
0.13124578,0.6041672,-0.43764457,0.15067601,0.60307515,-0.4139189,0.1438274,0.59738874,-0.43242145
0.1762156,0.032678902,-0.245633,0.17283733,0.050730437,-0.26222453,0.16831185,0.048906043,-0.21814904
0.23332545,0.6100606,-0.30491355,0.22913007,0.61724377,-0.3132248,0.25777844,0.63199747,-0.30260733
0.25777844,0.63199747,-0.30260733,0.22913007,0.61724377,-0.3132248,0.2481634,0.6329006,-0.30990776
0.07645759,0.456575,-0.47901466,0.073753625,0.48810264,-0.47914857,0.09247112,0.4737315,-0.47700948
0.12604663,0.5667294,-0.45001268,0.10684162,0.55999315,-0.45564875,0.105393544,0.5771589,-0.45887005
0.13717999,0.09699944,-0.13014212,0.13238353,0.108956546,-0.10917052,0.15649894,0.09803629,-0.09568699
0.122325346,0.108388156,-0.122558445,0.12690178,0.13598174,-0.11811924,0.13238353,0.108956546,-0.10917052
0.13441347,0.12604284,-0.10762961,0.12690178,0.13598174,-0.11811924,0.14212358,0.15632299,-0.11112672
0.003976591,0.39658627,0.1435997,0.02753422,0.36330757,0.14942557,0.01876717,0.3978171,0.13084382
0.22559828,0.24991915,-0.29667982,0.22363816,0.26467967,-0.31842673,0.23340517,0.2718744,-0.29658294
-0.13410388,0.025844097,-0.2564334,-0.101797774,0.027200893,-0.27106246,-0.08960267,0.021720499,-0.23314473
0.16595511,0.33281067,-0.02335288,0.14656599,0.34114823,0.017022438,0.18200977,0.32607046,-0.0051099434
0.13184068,0.5924294,-0.44460434,0.1438274,0.59738874,-0.43242145,0.13734156,0.5812807,-0.43927634
0.13938445,0.5485629,-0.43181083,0.15048327,0.54495,-0.41898212,0.13892812,0.52879965,-0.43507823
0.22545512,0.57023096,-0.2834662,0.23050413,0.58639073,-0.30175406,0.23312697,0.57553005,-0.29044634
0.09414759,0.51559484,-0.4633408,0.06353891,0.5126245,-0.47362044,0.10595225,0.52559376,-0.45332664
-0.09201884,0.026034892,-0.30201748,-0.101797774,0.027200893,-0.27106246,-0.09980769,0.031431988,-0.2923271
0.12534302,0.7379937,-0.120334886,0.11859792,0.76364136,-0.085523196,0.13231346,0.7662153,-0.06399126
0.15853469,0.05350344,-0.18385446,0.16467965,0.062267095,-0.170184,0.16793159,0.044461906,-0.17864405
0.16467965,0.062267095,-0.170184,0.14946346,0.08131786,-0.16685021,0.1718727,0.08060889,-0.1427014
0.18494023,0.4539155,-0.40830454,0.17620778,0.4638448,-0.41963732,0.18032724,0.4925833,-0.41051447
0.10595225,0.52559376,-0.45332664,0.06353891,0.5126245,-0.47362044,0.0837124,0.53252494,-0.45662698
-0.011906274,0.48600772,0.05929744,3.7274882E-4,0.47149464,0.07553996,0.0071171727,0.48609784,0.04390824
0.0080675855,0.041042745,0.026266566,-0.015602535,0.026740998,0.0051902495,-0.019513594,0.03712085,-0.014318319
0.13766028,0.50977004,-0.4468486,0.15756789,0.5098132,-0.43308938,0.14861709,0.48455468,-0.44722164
0.23050413,0.58639073,-0.30175406,0.21129735,0.5913706,-0.32184672,0.24536747,0.5998845,-0.3016188
0.23653296,0.6382133,-0.31421494,0.2481634,0.6329006,-0.30990776,0.22913007,0.61724377,-0.3132248
-0.20189005,0.20515189,0.15139385,-0.2040346,0.22758353,0.14870322,-0.22102726,0.1985879,0.124993935
0.0697445,0.54855525,-0.46620497,0.08707658,0.5611687,-0.4639568,0.08844576,0.54199886,-0.45612475
0.111500934,0.54276156,-0.45192185,0.10684162,0.55999315,-0.45564875,0.12611213,0.5447687,-0.4454613
-0.03848037,0.57317686,-0.40352038,-0.02340515,0.5980909,-0.37913585,-0.035263643,0.5703447,-0.43173543
0.08125232,0.07196115,-0.3007296,0.11683802,0.07088415,-0.31787622,0.07438488,0.059428588,-0.31185427
0.08747787,0.69113684,-0.20067555,0.09993151,0.6909859,-0.2076124,0.08421474,0.6531019,-0.24772345
0.1526298,0.76985943,0.0025593415,0.15717266,0.75625515,0.010699179,0.15252686,0.7649424,-0.013775758
0.22651029,0.2892242,-0.3214324,0.22143349,0.3104008,-0.33668953,0.23135726,0.30518624,-0.3093618
0.23135726,0.30518624,-0.3093618,0.22143349,0.3104008,-0.33668953,0.22381729,0.32620144,-0.3282687
0.39529777,0.64286625,-0.16826142,0.39891702,0.6522511,-0.15940039,0.38680547,0.64172006,-0.16631411
0.14367451,0.4058431,-0.08577806,0.15634525,0.40757832,-0.11020496,0.13653784,0.42381147,-0.095611885
0.21180405,0.5684067,-0.29998776,0.23050413,0.58639073,-0.30175406,0.22545512,0.57023096,-0.2834662
0.22913007,0.61724377,-0.3132248,0.21291664,0.6175697,-0.3235048,0.23653296,0.6382133,-0.31421494
0.16759408,0.6036066,-0.38139445,0.15067601,0.60307515,-0.4139189,0.15287481,0.61279714,-0.3907236
-0.10287586,0.11132264,-0.21473241,-0.0942861,0.10260075,-0.23910946,-0.10406657,0.10230914,-0.23137367
0.063944235,0.53265023,-0.46746713,0.04821579,0.542096,-0.47718447,0.0697445,0.54855525,-0.46620497
-0.03356116,0.4951884,0.052079536,-0.011906274,0.48600772,0.05929744,0.007117171,0.48609784,0.04390824
0.22363816,0.26467967,-0.31842673,0.21777141,0.2711333,-0.33673623,0.22651029,0.2892242,-0.3214324
0.22381729,0.32620144,-0.3282687,0.21312872,0.33550125,-0.34852186,0.22278474,0.34720224,-0.3114014
-0.007025808,0.39239785,0.1548808,-0.01695577,0.36366913,0.1765211,0.0052835494,0.3623753,0.16541573
0.16156918,0.28434557,-0.41278243,0.13538042,0.28882745,-0.42886335,0.14823061,0.29769498,-0.42570108
0.24536747,0.5998845,-0.3016188,0.21028419,0.603565,-0.3188959,0.23332545,0.6100606,-0.30491355
0.23332545,0.6100606,-0.30491355,0.21028419,0.603565,-0.3188959,0.22913007,0.61724377,-0.3132248
0.13538042,0.28882745,-0.42886335,0.10421929,0.3024166,-0.44455907,0.121144034,0.3079994,-0.4404717
0.10432024,0.4410508,-0.4688376,0.12637831,0.4394689,-0.46039796,0.1306491,0.42375782,-0.45056602
0.10025272,0.41868004,0.003511589,0.119323045,0.40014276,-0.013097301,0.10137473,0.42783865,-0.01828722
0.21572828,0.29102075,-0.3433784,0.22143349,0.3104008,-0.33668953,0.22651029,0.2892242,-0.3214324
0.21312872,0.33550125,-0.34852186,0.20838541,0.36758313,-0.3418147,0.22278474,0.34720224,-0.3114014
0.063519076,0.47389427,-0.13898952,0.078606,0.46549937,-0.106914915,0.09994508,0.46502504,-0.13347454
0.15830442,0.4513208,-0.44101617,0.1314148,0.45919594,-0.46199125,0.14861709,0.48455468,-0.44722164
0.119323306,0.36573163,-0.43345496,0.08692656,0.37758848,-0.43333673,0.111478955,0.39192972,-0.42601573
0.21180405,0.5684067,-0.29998776,0.21129735,0.5913706,-0.32184672,0.23050413,0.58639073,-0.30175406
0.21028419,0.603565,-0.3188959,0.24536747,0.5998845,-0.3016188,0.21129735,0.5913706,-0.32184672
0.21028419,0.603565,-0.3188959,0.21291664,0.6175697,-0.3235048,0.22913007,0.61724377,-0.3132248
0.12534302,0.7379937,-0.120334886,0.1120065,0.73872244,-0.13219634,0.11859792,0.76364136,-0.085523196
0.13075559,0.69777524,-0.1793943,0.13601786,0.72213984,-0.122829735,0.14087503,0.693601,-0.14800784
0.12240041,0.71929276,-0.15968192,0.12534302,0.7379937,-0.120334886,0.13601786,0.72213984,-0.122829735
0.17291822,0.023975596,-0.03301736,0.1896621,0.023479149,-0.053537026,0.1862186,0.037205294,-0.04623173
0.105393514,0.2632286,-0.4283556,0.13889822,0.27172428,-0.41571227,0.1263541,0.26332507,-0.4214304
0.10463334,0.3351872,-0.44398296,0.121933244,0.34512022,-0.43880525,0.13687347,0.32816213,-0.43193454
0.022850532,0.46751425,0.06409036,3.7274882E-4,0.47149464,0.07553996,0.036741756,0.45609507,0.07106398
0.09306654,0.2824019,0.13738559,0.10149331,0.30563238,0.12411838,0.08373825,0.30056974,0.13563445
0.14980191,0.025354639,-0.007951606,0.17291822,0.023975596,-0.03301736,0.16086335,0.048769042,-0.013356168
0.2134721,0.3164585,-0.3568949,0.22381729,0.32620144,-0.3282687,0.22143349,0.3104008,-0.33668953
0.015629523,0.44982788,0.09620162,0.03255793,0.4201173,0.107968464,0.03351076,0.4443625,0.08913343
0.21180405,0.5684067,-0.29998776,0.19918081,0.56992424,-0.3176145,0.21129735,0.5913706,-0.32184672
0.121933244,0.34512022,-0.43880525,0.10463334,0.3351872,-0.44398296,0.119323306,0.36573163,-0.43345496
0.12240041,0.71929276,-0.15968192,0.13601786,0.72213984,-0.122829735,0.13075559,0.69777524,-0.1793943
0.21291664,0.6175697,-0.3235048,0.21160603,0.63681424,-0.32137078,0.23653296,0.6382133,-0.31421494
0.09738987,0.36026046,-0.4400349,0.08692656,0.37758848,-0.43333673,0.119323306,0.36573163,-0.43345496
-0.025645632,0.34094423,0.18517482,-0.030771747,0.31974813,0.19166502,0.013862491,0.33971608,0.16759236
0.06852041,0.30935308,0.14103514,0.060618352,0.28303024,0.15719481,0.08373825,0.30056974,0.13563445
0.14367451,0.4058431,-0.08577806,0.15796301,0.39483157,-0.103802904,0.15634525,0.40757832,-0.11020496
0.21777141,0.2711333,-0.33673623,0.21572828,0.29102075,-0.3433784,0.22651029,0.2892242,-0.3214324
0.21312872,0.33550125,-0.34852186,0.22381729,0.32620144,-0.3282687,0.2134721,0.3164585,-0.3568949
-0.13285308,0.19854414,0.23015079,-0.11624513,0.17615226,0.23763585,-0.116921164,0.19228905,0.21436362
0.02843963,0.04133004,-0.1070702,0.07374028,0.04161699,-0.14242776,0.102810845,0.04292874,-0.08133976
0.19321288,0.30388018,0.023577996,0.18153045,0.2953504,0.04569196,0.19132543,0.27711865,0.04356071
0.21028419,0.603565,-0.3188959,0.19776334,0.60756123,-0.33228528,0.21291664,0.6175697,-0.3235048
0.10463334,0.3351872,-0.44398296,0.09738987,0.36026046,-0.4400349,0.119323306,0.36573163,-0.43345496
0.15702662,0.41865465,-0.42797682,0.1306491,0.42375782,-0.45056602,0.15447949,0.43509725,-0.44089127
0.12940766,0.3420125,0.047594488,0.1211451,0.3347133,0.075282246,0.14513835,0.3258256,0.06813254
-0.2154289,0.059913278,-0.08039802,-0.21593575,0.03981185,-0.0809963,-0.22857133,0.042265296,-0.04054096
0.14367451,0.4058431,-0.08577806,0.13706243,0.40437093,-0.053689286,0.15617871,0.38737264,-0.07415043
0.20897569,0.25024414,-0.33869618,0.21572828,0.29102075,-0.3433784,0.21777141,0.2711333,-0.33673623
0.21572828,0.29102075,-0.3433784,0.21181786,0.29738346,-0.35956815,0.22143349,0.3104008,-0.33668953
0.22143349,0.3104008,-0.33668953,0.21181786,0.29738346,-0.35956815,0.2134721,0.3164585,-0.3568949
0.064049,0.04252605,-0.07709077,0.02843963,0.04133004,-0.1070702,0.102810845,0.04292874,-0.08133976
0.11630955,0.42456588,-0.040071856,0.13706243,0.40437093,-0.053689286,0.12250379,0.42569092,-0.07059337
0.09070953,0.44843128,-0.057001166,0.0986377,0.4399037,-0.035382964,0.12250379,0.42569092,-0.07059337
0.14140439,0.35364786,-0.017395388,0.14981611,0.34028727,-0.020785537,0.14934564,0.36391565,-0.03693567
0.19321288,0.30388018,0.023577996,0.1699995,0.31438103,0.04934284,0.18153045,0.2953504,0.04569196
0.011983569,0.48824415,0.025939774,0.032149248,0.4713647,0.04107446,0.051752724,0.46452668,0.012599577
0.06602046,0.42341146,0.07299276,0.047208756,0.4274486,0.08865492,0.07070453,0.40983948,0.07713394
0.12797485,0.3496061,0.016395204,0.12940766,0.3420125,0.047594488,0.14656599,0.34114823,0.017022438
0.04883662,0.038950235,-0.3173904,0.038475268,0.06468104,-0.2902965,0.07438488,0.059428588,-0.31185427
0.10025272,0.41868004,0.003511589,0.11223481,0.40708342,0.005308531,0.119323045,0.40014276,-0.013097301
0.14096504,0.11383781,-0.2372191,0.13970926,0.13491926,-0.24135412,0.15793867,0.15021878,-0.21517265
0.15793867,0.15021878,-0.21517265,0.13970926,0.13491926,-0.24135412,0.15509722,0.14979672,-0.2246512
0.19486412,0.20769075,-0.30542007,0.17802274,0.20209673,-0.3296882,0.19770345,0.21999565,-0.33502188
0.20897569,0.25024414,-0.33869618,0.2049776,0.26715446,-0.3602216,0.21572828,0.29102075,-0.3433784
0.16811001,0.32929015,-0.05463218,0.14981611,0.34028727,-0.020785537,0.16595511,0.33281067,-0.02335288
0.10137473,0.42783865,-0.01828722,0.119323045,0.40014276,-0.013097301,0.12557086,0.40598968,-0.03197663
0.061882697,0.44918308,0.028410459,0.052269496,0.45220193,0.0511707,0.075596265,0.4335012,0.042632814
0.19918081,0.56992424,-0.3176145,0.19556351,0.55646,-0.29579452,0.19585173,0.5622302,-0.3259415
0.19918081,0.56992424,-0.3176145,0.19284217,0.58282125,-0.3361697,0.21129735,0.5913706,-0.32184672
0.19776334,0.60756123,-0.33228528,0.21028419,0.603565,-0.3188959,0.21129735,0.5913706,-0.32184672
0.1792627,0.25098035,-0.10853285,0.18280824,0.27658093,-0.112813964,0.1863892,0.2701794,-0.10069777
0.13889822,0.27172428,-0.41571227,0.13538042,0.28882745,-0.42886335,0.16156918,0.28434557,-0.41278243
0.16375554,0.06421131,-0.25255302,0.15346223,0.0737481,-0.26008365,0.13431978,0.09827785,-0.25090063
0.19770345,0.21999565,-0.33502188,0.19387592,0.23303899,-0.35347927,0.20897569,0.25024414,-0.33869618
0.19524872,0.2543816,-0.3627356,0.2049776,0.26715446,-0.3602216,0.20897569,0.25024414,-0.33869618
0.2049776,0.26715446,-0.3602216,0.21181786,0.29738346,-0.35956815,0.21572828,0.29102075,-0.3433784
0.203793,0.2998127,-0.37305534,0.2134721,0.3164585,-0.3568949,0.21181786,0.29738346,-0.35956815
0.2134721,0.3164585,-0.3568949,0.20320922,0.33878407,-0.36888447,0.21312872,0.33550125,-0.34852186
0.20320922,0.33878407,-0.36888447,0.20838541,0.36758313,-0.3418147,0.21312872,0.33550125,-0.34852186
0.19040313,0.39633372,-0.35736272,0.19841962,0.40519127,-0.32589605,0.20838541,0.36758313,-0.3418147
-0.07434855,0.3374563,0.19270426,-0.059498083,0.31182548,0.20194134,-0.052591596,0.33544108,0.19174607
0.1862186,0.037205294,-0.04623173,0.1896621,0.023479149,-0.053537026,0.20809643,0.025557652,-0.07307407
0.12797485,0.3496061,0.016395204,0.10689792,0.34617466,0.058499254,0.12940766,0.3420125,0.047594488
0.19918081,0.56992424,-0.3176145,0.19585173,0.5622302,-0.3259415,0.19284217,0.58282125,-0.3361697
0.19776334,0.60756123,-0.33228528,0.18274789,0.61846876,-0.33898583,0.21160603,0.63681424,-0.32137078
0.21291664,0.6175697,-0.3235048,0.19776334,0.60756123,-0.33228528,0.21160603,0.63681424,-0.32137078
0.12012654,0.6844605,-0.21149352,0.11330312,0.7105787,-0.17941853,0.13075559,0.69777524,-0.1793943
0.13014744,0.088656545,-0.26204106,0.13431978,0.09827785,-0.25090063,0.15346223,0.0737481,-0.26008365
0.051752724,0.46452668,0.012599577,0.08363888,0.43736044,0.004516039,0.06665175,0.46200594,-0.0061695008
0.18049535,0.1881949,-0.28413868,0.1646002,0.18523306,-0.32034743,0.19486412,0.20769075,-0.30542007
0.19486412,0.20769075,-0.30542007,0.1646002,0.18523306,-0.32034743,0.17802274,0.20209673,-0.3296882
0.20897569,0.25024414,-0.33869618,0.19387592,0.23303899,-0.35347927,0.19524872,0.2543816,-0.3627356
0.2049776,0.26715446,-0.3602216,0.203793,0.2998127,-0.37305534,0.21181786,0.29738346,-0.35956815
0.203793,0.2998127,-0.37305534,0.20320922,0.33878407,-0.36888447,0.2134721,0.3164585,-0.3568949
0.20091689,0.36327222,-0.3641195,0.20838541,0.36758313,-0.3418147,0.20320922,0.33878407,-0.36888447
0.18587898,0.4102544,-0.36101264,0.19841962,0.40519127,-0.32589605,0.19040313,0.39633372,-0.35736272
0.1597123,0.3593078,-0.05267047,0.14934564,0.36391565,-0.03693567,0.15733552,0.34205478,-0.04267863
0.14981611,0.34028727,-0.020785537,0.16811001,0.32929015,-0.05463218,0.15733552,0.34205478,-0.04267863
0.10689792,0.34617466,0.058499254,0.12797485,0.3496061,0.016395204,0.10368177,0.35599372,0.048201207
0.19662146,0.55250645,-0.34093377,0.19284217,0.58282125,-0.3361697,0.19585173,0.5622302,-0.3259415
0.19284217,0.58282125,-0.3361697,0.18643695,0.598124,-0.34406018,0.21129735,0.5913706,-0.32184672
0.21129735,0.5913706,-0.32184672,0.18643695,0.598124,-0.34406018,0.19776334,0.60756123,-0.33228528
0.12012654,0.6844605,-0.21149352,0.13075559,0.69777524,-0.1793943,0.13158578,0.6736238,-0.20608553
0.12643903,0.6687062,-0.22254339,0.12012654,0.6844605,-0.21149352,0.13158578,0.6736238,-0.20608553
0.13952075,0.07774848,-0.28377584,0.15346223,0.0737481,-0.26008365,0.16044824,0.06170629,-0.28939617
0.13431978,0.09827785,-0.25090063,0.14096504,0.11383781,-0.2372191,0.1483789,0.089182585,-0.22999966
0.13970926,0.13491926,-0.24135412,0.1336238,0.14765081,-0.25457013,0.15151271,0.15960774,-0.23808879
0.15793875,0.16646433,-0.29559824,0.1646002,0.18523306,-0.32034743,0.18049535,0.1881949,-0.28413868
0.17802274,0.20209673,-0.3296882,0.18090427,0.21862149,-0.35150868,0.19770345,0.21999565,-0.33502188
0.19770345,0.21999565,-0.33502188,0.18090427,0.21862149,-0.35150868,0.19387592,0.23303899,-0.35347927
0.19524872,0.2543816,-0.3627356,0.19087279,0.26908916,-0.37996304,0.2049776,0.26715446,-0.3602216
0.2049776,0.26715446,-0.3602216,0.19087279,0.26908916,-0.37996304,0.203793,0.2998127,-0.37305534
0.19477786,0.33138555,-0.38119864,0.20320922,0.33878407,-0.36888447,0.203793,0.2998127,-0.37305534
0.19040313,0.39633372,-0.35736272,0.20838541,0.36758313,-0.3418147,0.20091689,0.36327222,-0.3641195
-0.038446415,0.48449257,0.07421641,-0.011906274,0.48600772,0.05929744,-0.03356116,0.4951884,0.052079536
0.14981611,0.34028727,-0.020785537,0.15733552,0.34205478,-0.04267863,0.14934564,0.36391565,-0.03693567
0.18779469,0.56507003,-0.35760063,0.19662146,0.55250645,-0.34093377,0.19718792,0.5303427,-0.34714
0.18779469,0.56507003,-0.35760063,0.19284217,0.58282125,-0.3361697,0.19662146,0.55250645,-0.34093377
0.18274789,0.61846876,-0.33898583,0.19776334,0.60756123,-0.33228528,0.18643695,0.598124,-0.34406018
0.14396626,0.15520129,-0.26073495,0.15151271,0.15960774,-0.23808879,0.1336238,0.14765081,-0.25457013
0.11778428,0.7771832,-0.043780502,0.12799224,0.78498006,-0.032442857,0.11402057,0.7797669,-0.05969378
-0.08535027,0.39254108,0.16649988,-0.07071521,0.3744355,0.17683491,-0.04386652,0.39831045,0.16551726
0.17628662,0.08757004,-0.10286736,0.1641175,0.10632643,-0.079990424,0.18075554,0.08704515,-0.08218482
0.10669944,0.04381284,-0.054401428,0.064049,0.04252605,-0.07709077,0.102810845,0.04292874,-0.08133976
0.19087279,0.26908916,-0.37996304,0.18959315,0.28470245,-0.38850534,0.203793,0.2998127,-0.37305534
0.19238324,0.30850688,-0.383319,0.19477786,0.33138555,-0.38119864,0.203793,0.2998127,-0.37305534
0.20320922,0.33878407,-0.36888447,0.1848066,0.36338964,-0.38427678,0.20091689,0.36327222,-0.3641195
0.1848066,0.36338964,-0.38427678,0.1836599,0.38623646,-0.3748956,0.20091689,0.36327222,-0.3641195
0.1836599,0.38623646,-0.3748956,0.19040313,0.39633372,-0.35736272,0.20091689,0.36327222,-0.3641195
0.070483334,0.46096143,-0.032252327,0.06665175,0.46200594,-0.0061695,0.0986377,0.4399037,-0.035382964
-0.0063279495,0.021434993,-0.16985676,-0.07652165,0.023607,-0.23317797,0.0021616966,0.019977003,-0.16841997
0.1797507,0.5598428,-0.37261972,0.18779469,0.56507003,-0.35760063,0.19718792,0.5303427,-0.34714
0.18779469,0.56507003,-0.35760063,0.18643695,0.598124,-0.34406018,0.19284217,0.58282125,-0.3361697
0.12643903,0.6687062,-0.22254339,0.13158578,0.6736238,-0.20608553,0.13222235,0.6335801,-0.23606251
0.15426563,0.057370245,-0.30994326,0.16044824,0.06170629,-0.28939617,0.16185445,0.037251487,-0.31253308
0.15426563,0.057370245,-0.30994326,0.1437742,0.07017,-0.3044244,0.16044824,0.06170629,-0.28939617
0.1437742,0.07017,-0.3044244,0.13952075,0.07774848,-0.28377584,0.16044824,0.06170629,-0.28939617
0.15346223,0.0737481,-0.26008365,0.13952075,0.07774848,-0.28377584,0.13014744,0.088656545,-0.26204106
0.13431978,0.09827785,-0.25090063,0.13970926,0.13491926,-0.24135412,0.14096504,0.11383781,-0.2372191
0.19387592,0.23303899,-0.35347927,0.1776869,0.25394765,-0.3801322,0.19524872,0.2543816,-0.3627356
0.19477786,0.33138555,-0.38119864,0.1848066,0.36338964,-0.38427678,0.20320922,0.33878407,-0.36888447
0.19624688,0.44836065,-0.3895641,0.19473076,0.47483823,-0.3949334,0.2040665,0.47305468,-0.37664986
0.19473076,0.47483823,-0.3949334,0.20030828,0.48837194,-0.38306847,0.2040665,0.47305468,-0.37664986
0.043552,0.2980533,0.16643217,0.026551738,0.3057867,0.17433268,0.02368743,0.28141996,0.18047082
0.19449766,0.519665,-0.3692332,0.19718792,0.5303427,-0.34714,0.20053391,0.50599265,-0.3505624
0.17667305,0.6019825,-0.35925126,0.18643695,0.598124,-0.34406018,0.18779469,0.56507003,-0.35760063
0.12500003,0.6370857,-0.25612265,0.12643903,0.6687062,-0.22254339,0.13222235,0.6335801,-0.23606251
0.15607725,0.04304284,-0.32002205,0.15426563,0.057370245,-0.30994326,0.16185445,0.037251487,-0.31253308
0.11739863,0.1221219,-0.26034054,0.13970926,0.13491926,-0.24135412,0.13431978,0.09827785,-0.25090063
0.18090427,0.21862149,-0.35150868,0.17597835,0.22996834,-0.370769,0.19387592,0.23303899,-0.35347927
0.19387592,0.23303899,-0.35347927,0.17597835,0.22996834,-0.370769,0.1776869,0.25394765,-0.3801322
0.19524872,0.2543816,-0.3627356,0.1776869,0.25394765,-0.3801322,0.19087279,0.26908916,-0.37996304
0.18959315,0.28470245,-0.38850534,0.19238324,0.30850688,-0.383319,0.203793,0.2998127,-0.37305534
0.18587898,0.4102544,-0.36101264,0.18330094,0.42334202,-0.39038545,0.19515334,0.4312065,-0.3634409
0.19624688,0.44836065,-0.3895641,0.19515334,0.4312065,-0.3634409,0.18330094,0.42334202,-0.39038545
0.19624688,0.44836065,-0.3895641,0.18494023,0.4539155,-0.40830454,0.19473076,0.47483823,-0.3949334
0.18517904,0.51874375,-0.39622235,0.19449766,0.519665,-0.3692332,0.1909299,0.5029466,-0.391116
-0.019964825,0.3895125,0.16323353,-0.01695577,0.36366913,0.1765211,-0.007025808,0.39239785,0.1548808
0.17255883,0.5837139,-0.3786118,0.17667305,0.6019825,-0.35925126,0.18779469,0.56507003,-0.35760063
0.17667305,0.6019825,-0.35925126,0.18274789,0.61846876,-0.33898583,0.18643695,0.598124,-0.34406018
0.118129164,0.65251064,-0.25104988,0.12643903,0.6687062,-0.22254339,0.12500003,0.6370857,-0.25612265
0.118129164,0.65251064,-0.25104988,0.12012654,0.6844605,-0.21149352,0.12643903,0.6687062,-0.22254339
0.118129164,0.65251064,-0.25104988,0.10826779,0.6696291,-0.23553148,0.12012654,0.6844605,-0.21149352
0.14178698,0.05940634,-0.31840748,0.15426563,0.057370245,-0.30994326,0.15607725,0.04304284,-0.32002205
0.04821579,0.542096,-0.47718447,0.031305805,0.54256964,-0.4826912,0.06207408,0.5676408,-0.46893582
0.17848358,0.63247216,-0.32714808,0.18274789,0.61846876,-0.33898583,0.15472211,0.62696266,-0.3349157
0.14178698,0.05940634,-0.31840748,0.1437742,0.07017,-0.3044244,0.15426563,0.057370245,-0.30994326
0.11739863,0.1221219,-0.26034054,0.106211536,0.13500234,-0.266788,0.13970926,0.13491926,-0.24135412
0.13970926,0.13491926,-0.24135412,0.106211536,0.13500234,-0.266788,0.1336238,0.14765081,-0.25457013
0.150265,0.19913223,-0.35627896,0.1653153,0.21377519,-0.3637827,0.18090427,0.21862149,-0.35150868
0.17802274,0.20209673,-0.3296882,0.150265,0.19913223,-0.35627896,0.18090427,0.21862149,-0.35150868
0.18090427,0.21862149,-0.35150868,0.1653153,0.21377519,-0.3637827,0.17597835,0.22996834,-0.370769
0.17597835,0.22996834,-0.370769,0.1667466,0.23620138,-0.38477507,0.1776869,0.25394765,-0.3801322
0.17670582,0.31055015,-0.39949664,0.19238324,0.30850688,-0.383319,0.18959315,0.28470245,-0.38850534
0.19238324,0.30850688,-0.383319,0.17784797,0.32734764,-0.39982644,0.19477786,0.33138555,-0.38119864
0.17840643,0.34958622,-0.39561203,0.1848066,0.36338964,-0.38427678,0.19477786,0.33138555,-0.38119864
0.1836599,0.38623646,-0.3748956,0.17231233,0.39786312,-0.38519403,0.19040313,0.39633372,-0.35736272
0.17231233,0.39786312,-0.38519403,0.18587898,0.4102544,-0.36101264,0.19040313,0.39633372,-0.35736272
0.18032724,0.4925833,-0.41051447,0.20030828,0.48837194,-0.38306847,0.19473076,0.47483823,-0.3949334
0.18032724,0.4925833,-0.41051447,0.1909299,0.5029466,-0.391116,0.20030828,0.48837194,-0.38306847
0.18517904,0.51874375,-0.39622235,0.17967555,0.54827607,-0.3861722,0.19449766,0.519665,-0.3692332
0.17967555,0.54827607,-0.3861722,0.1797507,0.5598428,-0.37261972,0.19449766,0.519665,-0.3692332
0.1797507,0.5598428,-0.37261972,0.17255883,0.5837139,-0.3786118,0.18779469,0.56507003,-0.35760063
0.1588871,0.6173506,-0.36150852,0.18274789,0.61846876,-0.33898583,0.17667305,0.6019825,-0.35925126
0.108514175,0.1021277,-0.26795936,0.13431978,0.09827785,-0.25090063,0.13014744,0.088656545,-0.26204106
0.108514175,0.1021277,-0.26795936,0.11739863,0.1221219,-0.26034054,0.13431978,0.09827785,-0.25090063
0.19238324,0.30850688,-0.383319,0.17670582,0.31055015,-0.39949664,0.17784797,0.32734764,-0.39982644
0.17231233,0.39786312,-0.38519403,0.18330094,0.42334202,-0.39038545,0.18587898,0.4102544,-0.36101264
0.17255883,0.5837139,-0.3786118,0.16759408,0.6036066,-0.38139445,0.17667305,0.6019825,-0.35925126
0.16759408,0.6036066,-0.38139445,0.1588871,0.6173506,-0.36150852,0.17667305,0.6019825,-0.35925126
0.043552,0.2980533,0.16643217,0.044458494,0.27281114,0.16964357,0.060618352,0.28303024,0.15719481
0.14721778,0.17081153,-0.13941127,0.14827056,0.18408716,-0.12359372,0.13476229,0.15733281,-0.12321944
0.12240041,0.71929276,-0.15968192,0.1120065,0.73872244,-0.13219634,0.12534302,0.7379937,-0.120334886
0.12631103,0.078137845,-0.30287287,0.1437742,0.07017,-0.3044244,0.14178698,0.05940634,-0.31840748
0.12631103,0.078137845,-0.30287287,0.13952075,0.07774848,-0.28377584,0.1437742,0.07017,-0.3044244
0.12631103,0.078137845,-0.30287287,0.13014744,0.088656545,-0.26204106,0.13952075,0.07774848,-0.28377584
0.122325346,0.108388156,-0.122558445,0.13623746,0.09767385,-0.14208633,0.124661684,0.1116578,-0.13325983
0.1653153,0.21377519,-0.3637827,0.1667466,0.23620138,-0.38477507,0.17597835,0.22996834,-0.370769
0.19087279,0.26908916,-0.37996304,0.17568237,0.2887079,-0.4046308,0.18959315,0.28470245,-0.38850534
0.17568237,0.2887079,-0.4046308,0.17670582,0.31055015,-0.39949664,0.18959315,0.28470245,-0.38850534
0.17784797,0.32734764,-0.39982644,0.17206013,0.33770254,-0.4066635,0.19477786,0.33138555,-0.38119864
0.17206013,0.33770254,-0.4066635,0.17840643,0.34958622,-0.39561203,0.19477786,0.33138555,-0.38119864
0.16682014,0.3739678,-0.39959267,0.1836599,0.38623646,-0.3748956,0.1848066,0.36338964,-0.38427678
0.18494023,0.4539155,-0.40830454,0.18032724,0.4925833,-0.41051447,0.19473076,0.47483823,-0.3949334
0.17407979,0.54253435,-0.39818168,0.17967555,0.54827607,-0.3861722,0.18517904,0.51874375,-0.39622235
-0.05862087,0.43370184,-0.4576031,-0.058120236,0.46759698,-0.46582896,-0.04963225,0.44336876,-0.46586823
0.073753625,0.48810264,-0.47914857,0.06353891,0.5126245,-0.47362044,0.09414759,0.51559484,-0.4633408
0.11026277,0.64388,-0.2664409,0.10826779,0.6696291,-0.23553148,0.118129164,0.65251064,-0.25104988
0.0319082,0.50599146,-0.4892494,0.031305805,0.54256964,-0.4826912,0.04821579,0.542096,-0.47718447
0.09677273,0.0935891,-0.27427867,0.13014744,0.088656545,-0.26204106,0.12631103,0.078137845,-0.30287287
0.13014744,0.088656545,-0.26204106,0.09677273,0.0935891,-0.27427867,0.108514175,0.1021277,-0.26795936
0.092659965,0.11735314,-0.26713642,0.106211536,0.13500234,-0.266788,0.11739863,0.1221219,-0.26034054
0.13796154,0.14151645,-0.14686963,0.13476229,0.15733281,-0.12321944,0.12532416,0.13512662,-0.1267683
0.13796154,0.14151645,-0.14686963,0.12532416,0.13512662,-0.1267683,0.12613736,0.12642449,-0.13399822
0.12613736,0.12642449,-0.13399822,0.12532416,0.13512662,-0.1267683,0.124661684,0.1116578,-0.13325983
0.150265,0.19913223,-0.35627896,0.17802274,0.20209673,-0.3296882,0.1459874,0.18340346,-0.34366873
0.1776869,0.25394765,-0.3801322,0.16462938,0.26286075,-0.39948264,0.19087279,0.26908916,-0.37996304
0.19087279,0.26908916,-0.37996304,0.16462938,0.26286075,-0.39948264,0.17568237,0.2887079,-0.4046308
0.17231233,0.39786312,-0.38519403,0.17194566,0.41809312,-0.40804175,0.18330094,0.42334202,-0.39038545
0.18330094,0.42334202,-0.39038545,0.17671081,0.4328753,-0.4159056,0.19624688,0.44836065,-0.3895641
0.17671081,0.4328753,-0.4159056,0.18494023,0.4539155,-0.40830454,0.19624688,0.44836065,-0.3895641
0.116228715,0.32254785,0.09933194,0.10149331,0.30563238,0.12411838,0.12454148,0.30841073,0.10461683
0.10149331,0.30563238,0.12411838,0.11167015,0.2900539,0.12155992,0.12454148,0.30841073,0.10461683
-0.012764569,0.41343042,0.14274257,-0.031807132,0.41106036,0.15480886,-0.007025808,0.39239785,0.1548808
0.047766756,0.20120323,0.1711551,0.028671183,0.20753413,0.18028232,0.025814928,0.18925121,0.17634243
0.047555774,0.31999362,0.15296303,0.060618352,0.28303024,0.15719481,0.06852041,0.30935308,0.14103514
0.055030018,0.47640154,-0.022854839,0.04088207,0.48203763,-0.0040190555,0.06665175,0.46200594,-0.0061695
0.41114885,0.74054754,-0.14639966,0.41285002,0.74995744,-0.15687941,0.40618575,0.74768126,-0.15505624
0.08663042,0.45545986,-0.06629147,0.09070953,0.44843128,-0.057001166,0.12737846,0.4356936,-0.101541966
0.14367451,0.4058431,-0.08577806,0.15617871,0.38737264,-0.07415043,0.1666798,0.378916,-0.102155626
0.29007143,0.5935769,-0.22636095,0.33272392,0.5996139,-0.2169227,0.30691767,0.61053073,-0.20857231
0.051752724,0.46452668,0.012599577,0.061882697,0.44918308,0.028410457,0.08094406,0.42969552,0.030092005
0.12940766,0.3420125,0.047594488,0.10689792,0.34617466,0.058499254,0.1211451,0.3347133,0.075282246
0.18465394,0.3188909,-0.05164084,0.16595511,0.33281067,-0.02335288,0.19553947,0.3169638,-0.032701194
-0.0548753,0.4277117,0.14495628,-0.021378059,0.4288176,0.13437271,-0.03490121,0.44403592,0.12579843
-0.021378059,0.4288176,0.13437271,-0.0041054524,0.43852666,0.119950734,-0.03490121,0.44403592,0.12579843
0.413643,0.7042438,-0.1370302,0.41661543,0.7092694,-0.14594023,0.41454902,0.72724116,-0.14099349
0.4088447,0.7258724,-0.13914524,0.413643,0.7042438,-0.1370302,0.41454902,0.72724116,-0.14099349
0.16047469,0.088410646,-0.1288347,0.17628662,0.08757004,-0.10286736,0.1718727,0.08060889,-0.1427014
0.14981611,0.34028727,-0.020785537,0.12797485,0.3496061,0.016395204,0.14656599,0.34114823,0.017022438
0.057406932,0.33259442,0.13972656,0.047555774,0.31999362,0.15296303,0.06852041,0.30935308,0.14103514
-0.08005987,0.15398729,0.198327,-0.0635075,0.1390413,0.18538892,-0.082920104,0.16740313,0.1937917
0.12799224,0.78498006,-0.032442857,0.13267304,0.7731819,-0.018575184,0.1454541,0.77988005,-0.013515938
0.3980212,0.71344113,-0.14395148,0.40853602,0.70010567,-0.13621177,0.4088447,0.7258724,-0.13914524
0.22545512,0.57023096,-0.2834662,0.2560876,0.5802604,-0.2505726,0.23200198,0.5780815,-0.25115392
-0.03490121,0.44403592,0.12579843,-0.0041054524,0.43852666,0.119950734,-0.0068934895,0.45727536,0.09945878
0.08373825,0.30056974,0.13563445,0.10149331,0.30563238,0.12411838,0.08744033,0.31957108,0.12044246
0.026551738,0.3057867,0.17433268,0.043552,0.2980533,0.16643217,0.047555774,0.31999362,0.15296303
0.12795836,0.38172045,-0.0057878643,0.13633484,0.38346282,-0.02648658,0.12557086,0.40598968,-0.03197663
-0.08713223,0.20838061,0.19873568,-0.113860585,0.22342217,0.19807912,-0.10372744,0.1987943,0.1963823
-0.046918184,0.021973938,0.0680031,-0.050701592,0.031198487,0.060286526,-0.048775997,0.028519005,0.05393339
-0.030489225,0.30076668,0.2008725,-0.030771747,0.31974813,0.19166502,-0.059498083,0.31182548,0.20194134
-0.10372744,0.1987943,0.1963823,-0.082920104,0.16740313,0.1937917,-0.08713223,0.20838061,0.19873568
-0.0078610405,0.31137067,0.19037205,-0.030489225,0.30076668,0.2008725,-0.0027396455,0.28719443,0.196384
-0.030771747,0.31974813,0.19166502,-0.030489225,0.30076668,0.2008725,-0.0078610405,0.31137067,0.19037205
0.02758284,0.04512234,0.035160918,0.0080675855,0.041042745,0.026266566,-0.00759957,0.04325679,-0.011581268
0.029330753,0.17195633,0.17244622,0.03910873,0.1567285,0.17072468,0.059884883,0.16396266,0.1600252
0.02753422,0.36330757,0.14942557,0.03913611,0.38138548,0.11975421,0.01876717,0.3978171,0.13084382
0.043813914,0.3700725,0.12831844,0.02753422,0.36330757,0.14942557,0.057127967,0.36230186,0.12579693
0.07440068,0.46568212,-0.08016296,0.08663042,0.45545986,-0.06629147,0.12737846,0.4356936,-0.101541966
0.011604188,0.4959726,-0.011226071,0.04088207,0.48203763,-0.0040190564,0.02619677,0.49106047,-0.03058565
-0.0068934895,0.45727536,0.09945878,0.015629523,0.44982788,0.09620162,3.7274882E-4,0.47149464,0.07553996
0.08373825,0.30056974,0.13563445,0.060618352,0.28303024,0.15719481,0.09306654,0.2824019,0.13738559
-0.007025808,0.39239785,0.1548808,0.0052835494,0.3623753,0.16541573,0.02753422,0.36330757,0.14942557
-0.0041054524,0.43852666,0.119950734,0.015629523,0.44982788,0.09620162,-0.0068934895,0.45727536,0.09945878
-0.0548753,0.4277117,0.14495628,-0.031807132,0.41106036,0.15480886,-0.021378059,0.4288176,0.13437271
0.010677047,0.31242362,0.18183653,0.026551738,0.3057867,0.17433268,0.047555774,0.31999362,0.15296303
0.02753422,0.36330757,0.14942557,0.039438255,0.34010836,0.15349883,0.05710186,0.35153916,0.13298613
0.038592067,0.3995615,0.112925686,0.01876717,0.3978171,0.13084382,0.03913611,0.38138548,0.11975421
0.1211451,0.3347133,0.075282246,0.116228715,0.32254785,0.09933194,0.14513835,0.3258256,0.06813254
0.06852041,0.30935308,0.14103514,0.08373825,0.30056974,0.13563445,0.07510008,0.3248895,0.12285143
0.09994508,0.46502504,-0.13347454,0.12795849,0.4520019,-0.13656709,0.11800203,0.4643344,-0.14289942
-0.10372744,0.1987943,0.1963823,-0.09710215,0.17314401,0.20731424,-0.082920104,0.16740313,0.1937917
-0.09710215,0.17314401,0.20731424,-0.08005987,0.15398729,0.198327,-0.082920104,0.16740313,0.1937917
0.41740894,0.73328555,-0.15764944,0.41285002,0.74995744,-0.15687941,0.41114885,0.74054754,-0.14639966
-0.038162682,0.35497847,0.18604143,-0.025645632,0.34094423,0.18517482,-0.01695577,0.36366913,0.1765211
0.18075554,0.08704515,-0.08218482,0.19212842,0.07714249,-0.11299083,0.17628662,0.08757004,-0.10286736
-0.03309796,0.09584509,-0.31300333,-0.054087058,0.09869149,-0.30537817,-0.039233588,0.10915664,-0.3015404
0.19212842,0.07714249,-0.11299083,0.19952272,0.057643086,-0.12959397,0.19057617,0.06671983,-0.14022452
-0.16048294,0.04753548,-0.051073708,-0.15294306,0.0468245,-0.104403414,-0.10641235,0.043635353,-0.06812276
0.015629523,0.44982788,0.09620162,-0.0041054524,0.43852666,0.119950734,0.012732338,0.42576858,0.12081995
0.05710186,0.35153916,0.13298613,0.039438255,0.34010836,0.15349883,0.057406932,0.33259442,0.13972656
-0.01695577,0.36366913,0.1765211,-0.025645632,0.34094423,0.18517482,-0.006141104,0.3493503,0.17540652
0.14893907,0.11235377,-0.21453491,0.15042034,0.091353446,-0.21161708,0.1483789,0.089182585,-0.22999966
-0.11674011,0.18507224,-0.20977676,-0.10476231,0.15537709,-0.20911492,-0.12486942,0.16283599,-0.20438159
-0.046621602,0.36864218,0.18186812,-0.031363845,0.37515,0.17667581,-0.04386652,0.39831045,0.16551726
0.039438255,0.34010836,0.15349883,0.010677047,0.31242362,0.18183653,0.047555774,0.31999362,0.15296303
0.0029480085,0.24328342,0.19087699,0.0076690763,0.2682207,0.19259363,-0.009280935,0.2599587,0.19962138
0.14946346,0.08131786,-0.16685021,0.14174554,0.09642555,-0.15686938,0.13623746,0.09767385,-0.14208633
-0.04386652,0.39831045,0.16551726,-0.031807132,0.41106036,0.15480886,-0.0548753,0.4277117,0.14495628
0.10025272,0.41868004,0.003511589,0.09968131,0.41447,0.01997817,0.11223481,0.40708342,0.005308531
0.14656599,0.34114823,0.017022438,0.15610929,0.3338872,0.032333348,0.18200977,0.32607046,-0.0051099434
0.10339799,0.398105,0.033882353,0.09280247,0.41079405,0.034209117,0.08632353,0.38737908,0.05770748
0.07510008,0.3248895,0.12285143,0.08373825,0.30056974,0.13563445,0.08744033,0.31957108,0.12044246
-0.11652495,0.19907224,0.19885407,-0.09710215,0.17314401,0.20731424,-0.10372744,0.1987943,0.1963823
0.016274137,0.49114594,0.0037850381,0.011983569,0.48824415,0.025939774,0.04088207,0.48203763,-0.0040190564
-0.09710215,0.17314401,0.20731424,-0.08200414,0.14639404,0.21692021,-0.08005987,0.15398729,0.198327
-0.031807132,0.41106036,0.15480886,-0.019964825,0.3895125,0.16323353,-0.007025808,0.39239785,0.1548808
0.1211451,0.3347133,0.075282246,0.095211945,0.33865038,0.086776786,0.116228715,0.32254785,0.09933194
0.0021616966,0.019977003,-0.16841997,-0.07652165,0.023607,-0.23317797,-0.022621483,0.020898893,-0.20867279
-0.031807132,0.41106036,0.15480886,-0.012764569,0.41343042,0.14274257,-0.021378059,0.4288176,0.13437271
0.052699894,0.47560886,-0.06441726,0.09070953,0.44843128,-0.057001166,0.08663042,0.45545986,-0.06629147
0.12557086,0.40598968,-0.03197663,0.13633484,0.38346282,-0.02648658,0.13706243,0.40437093,-0.053689286
-0.21575992,0.10589948,0.20796992,-0.22377655,0.09428689,0.17701471,-0.21275404,0.08836809,0.1879045
-0.013731496,0.5032151,-0.0014663604,-0.018739183,0.50012577,0.027023943,0.016274137,0.49114594,0.003785038
0.14981611,0.34028727,-0.020785537,0.14656599,0.34114823,0.017022438,0.16595511,0.33281067,-0.02335288
-0.13800104,0.18884954,0.24574077,-0.1411153,0.17079219,0.25223044,-0.12823057,0.16455084,0.24814193
0.012732338,0.42576858,0.12081995,0.03255793,0.4201173,0.107968464,0.015629523,0.44982788,0.09620162
0.02753422,0.36330757,0.14942557,0.0052835494,0.3623753,0.16541573,0.013862491,0.33971608,0.16759236
0.003976591,0.39658627,0.1435997,-0.007025808,0.39239785,0.1548808,0.02753422,0.36330757,0.14942557
-0.113860585,0.22342217,0.19807912,-0.11652495,0.19907224,0.19885407,-0.10372744,0.1987943,0.1963823
-0.034936994,0.46369126,0.10242046,3.7274882E-4,0.47149464,0.07553996,-0.038446415,0.48449257,0.07421641
0.20321706,0.04019229,-0.06931043,0.1862186,0.037205294,-0.04623173,0.20809643,0.025557652,-0.07307407
-0.11925453,0.13022316,0.24531919,-0.10611987,0.14506188,0.24392803,-0.13682978,0.14972308,0.2519277
0.116091445,0.6266265,-0.31148067,0.12811664,0.62127185,-0.28879413,0.14225668,0.61951613,-0.29402825
0.12811664,0.62127185,-0.28879413,0.1541931,0.61557937,-0.28491417,0.14225668,0.61951613,-0.29402825
0.09280247,0.41079405,0.034209117,0.10339799,0.398105,0.033882353,0.09968131,0.41447,0.01997817
-0.116921164,0.19228905,0.21436362,-0.09710215,0.17314401,0.20731424,-0.11652495,0.19907224,0.19885407
0.0986377,0.4399037,-0.035382964,0.11630955,0.42456588,-0.040071856,0.12250379,0.42569092,-0.07059337
0.04088207,0.48203763,-0.0040190564,0.051752724,0.46452668,0.012599577,0.06665175,0.46200594,-0.0061695
-0.14846914,0.19975743,0.24133328,-0.15636688,0.19033793,0.24810134,-0.13800104,0.18884954,0.24574077
0.39536113,0.753559,-0.19547808,0.40334642,0.7536341,-0.17295656,0.40805876,0.7552651,-0.19508049
0.11026277,0.64388,-0.2664409,0.118129164,0.65251064,-0.25104988,0.12500003,0.6370857,-0.25612265
0.1461732,0.6014031,-0.27345908,0.1541931,0.61557937,-0.28491417,0.12811664,0.62127185,-0.28879413
0.1324486,0.6152606,-0.27541843,0.1461732,0.6014031,-0.27345908,0.12811664,0.62127185,-0.28879413
0.1461732,0.6014031,-0.27345908,0.15823011,0.5880742,-0.26743102,0.1541931,0.61557937,-0.28491417
0.08744033,0.31957108,0.12044246,0.10149331,0.30563238,0.12411838,0.116228715,0.32254785,0.09933194
0.015629523,0.44982788,0.09620162,0.036741756,0.45609507,0.07106398,3.7274882E-4,0.47149464,0.07553996
0.015629523,0.44982788,0.09620162,0.03351076,0.4443625,0.08913343,0.036741756,0.45609507,0.07106398
0.0021616966,0.019977003,-0.16841997,-0.022621483,0.020898893,-0.20867279,0.02212334,0.019143537,-0.18294114
0.18528014,0.0733701,-0.05488187,0.20865768,0.055125296,-0.085338734,0.19616637,0.07370204,-0.07805643
0.16841878,0.038101792,-0.20476228,0.16889991,0.029679358,-0.1988334,0.1762156,0.032678902,-0.245633
0.13706243,0.40437093,-0.053689286,0.1486215,0.38290176,-0.04738533,0.15617871,0.38737264,-0.07415043
0.0021616966,0.019977003,-0.16841997,0.02212334,0.019143537,-0.18294114,0.06315913,0.018164992,-0.17703876
0.08094406,0.42969552,0.030092005,0.09280247,0.41079405,0.034209117,0.08363888,0.43736044,0.004516039
0.3588897,0.6080544,-0.21748629,0.36382374,0.62384427,-0.21506411,0.38028467,0.6245382,-0.19869474
0.12811664,0.62127185,-0.28879413,0.11613087,0.6283988,-0.2800712,0.1324486,0.6152606,-0.27541843
0.1324486,0.6152606,-0.27541843,0.14166898,0.5871978,-0.26158398,0.1461732,0.6014031,-0.27345908
0.1461732,0.6014031,-0.27345908,0.14166898,0.5871978,-0.26158398,0.15823011,0.5880742,-0.26743102
0.116228715,0.32254785,0.09933194,0.12454148,0.30841073,0.10461683,0.14513835,0.3258256,0.06813254
0.1699995,0.31438103,0.04934284,0.19321288,0.30388018,0.023577996,0.17434257,0.3229617,0.029152751
0.11613087,0.6283988,-0.2800712,0.12500003,0.6370857,-0.25612265,0.1324486,0.6152606,-0.27541843
0.12500003,0.6370857,-0.25612265,0.13444668,0.6068659,-0.2609054,0.1324486,0.6152606,-0.27541843
0.13444668,0.6068659,-0.2609054,0.14166898,0.5871978,-0.26158398,0.1324486,0.6152606,-0.27541843
0.14166898,0.5871978,-0.26158398,0.15193428,0.566955,-0.26084012,0.15823011,0.5880742,-0.26743102
0.20865768,0.055125296,-0.085338734,0.18750848,0.05710505,-0.04822378,0.20321706,0.04019229,-0.06931043
0.047208756,0.4274486,0.08865492,0.03255793,0.4201173,0.107968464,0.038592067,0.3995615,0.112925686
0.1718727,0.08060889,-0.1427014,0.17628662,0.08757004,-0.10286736,0.19212842,0.07714249,-0.11299083
0.19616637,0.07370204,-0.07805643,0.20865768,0.055125296,-0.085338734,0.1987302,0.07372481,-0.09384535
0.13222235,0.6335801,-0.23606251,0.13444668,0.6068659,-0.2609054,0.12500003,0.6370857,-0.25612265
0.13847077,0.5569606,-0.24500161,0.165893,0.55188143,-0.26098487,0.15193428,0.566955,-0.26084012
0.056355633,0.47362664,-0.113878705,0.07440068,0.46568212,-0.08016296,0.078606,0.46549937,-0.106914915
0.078606,0.46549937,-0.106914915,0.07440068,0.46568212,-0.08016296,0.102495454,0.4534268,-0.10389842
0.050424118,0.47862843,-0.042571228,0.02619677,0.49106047,-0.03058565,0.055030018,0.47640154,-0.022854839
0.1486215,0.38290176,-0.04738533,0.13706243,0.40437093,-0.053689286,0.13633484,0.38346282,-0.02648658
-0.0027396455,0.28719443,0.196384,-0.021090567,0.27274567,0.20364742,-0.009280935,0.2599587,0.19962138
0.20809643,0.025557652,-0.07307407,0.21825045,0.02387999,-0.09125546,0.21556276,0.035536855,-0.09851403
0.15610929,0.3338872,0.032333348,0.14513835,0.3258256,0.06813254,0.17434257,0.3229617,0.029152751
0.14367451,0.4058431,-0.08577806,0.1666798,0.378916,-0.102155626,0.15796301,0.39483157,-0.103802904
0.051752724,0.46452668,0.012599577,0.08094406,0.42969552,0.030092005,0.08363888,0.43736044,0.004516039
0.08363888,0.43736044,0.004516039,0.09280247,0.41079405,0.034209117,0.10025272,0.41868004,0.003511589
-0.0797884,0.051047534,0.16877374,-0.068690695,0.07829291,0.18757254,-0.09244016,0.07265359,0.19852193
0.14166898,0.5871978,-0.26158398,0.13769774,0.5655931,-0.24973533,0.15193428,0.566955,-0.26084012
0.15193428,0.566955,-0.26084012,0.13769774,0.5655931,-0.24973533,0.13847077,0.5569606,-0.24500161
0.10368177,0.35599372,0.048201207,0.120006256,0.36111048,0.023012767,0.106636025,0.37887654,0.0378574
0.10137473,0.42783865,-0.01828722,0.11630955,0.42456588,-0.040071856,0.0986377,0.4399037,-0.035382964
0.052699894,0.47560886,-0.06441726,0.050424118,0.47862843,-0.042571228,0.09070953,0.44843128,-0.057001166
0.41661543,0.7092694,-0.14594023,0.41144335,0.67885184,-0.15022291,0.4101596,0.67789114,-0.16394825
0.13002354,0.660424,-0.09442747,0.12460137,0.63457346,-0.1255795,0.13795778,0.65744877,-0.121406384
0.3670347,0.6456088,-0.17262599,0.38680547,0.64172006,-0.16631411,0.3618679,0.66833186,-0.16776758
-0.113860585,0.22342217,0.19807912,-0.13550837,0.2089909,0.2034075,-0.11652495,0.19907224,0.19885407
0.050424118,0.47862843,-0.042571228,0.055030018,0.47640154,-0.022854839,0.070483334,0.46096143,-0.032252327
0.10137473,0.42783865,-0.01828722,0.12557086,0.40598968,-0.03197663,0.11630955,0.42456588,-0.040071856
-0.0797884,0.051047534,0.16877374,-0.06375999,0.0367911,0.13027976,-0.0666472,0.056285247,0.16430318
0.12737846,0.4356936,-0.101541966,0.09070953,0.44843128,-0.057001166,0.12250379,0.42569092,-0.07059337
0.17737526,0.3158331,-0.07568756,0.16811001,0.32929015,-0.05463218,0.18465394,0.3188909,-0.05164084
0.12250379,0.42569092,-0.07059337,0.13706243,0.40437093,-0.053689286,0.14367451,0.4058431,-0.08577806
0.39891702,0.6522511,-0.15940039,0.40608013,0.6698766,-0.1473929,0.40010202,0.6694162,-0.14676203
0.19321288,0.30388018,0.023577996,0.20448844,0.28644422,0.019580185,0.2074089,0.2991902,-0.0010362342
-0.032904908,0.32621396,-0.40446055,-0.015207946,0.327063,-0.41836292,-0.023849532,0.30778226,-0.4154507
0.052269496,0.45220193,0.0511707,0.058410507,0.43950906,0.06515646,0.075596265,0.4335012,0.042632814
0.06602046,0.42341146,0.07299276,0.08432923,0.41516778,0.052628167,0.075596265,0.4335012,0.042632814
0.058410507,0.43950906,0.06515646,0.06602046,0.42341146,0.07299276,0.075596265,0.4335012,0.042632814
0.13847077,0.5569606,-0.24500161,0.14404343,0.53872025,-0.24200755,0.165893,0.55188143,-0.26098487
0.165893,0.55188143,-0.26098487,0.14404343,0.53872025,-0.24200755,0.15262091,0.51993704,-0.24171749
0.1949476,0.39954624,-0.1824699,0.18536755,0.40813646,-0.17476454,0.18615949,0.39269128,-0.16167559
0.12095577,0.55462754,-0.2360408,0.12592302,0.5749328,-0.23886265,0.10585316,0.56682813,-0.22810732
-0.13285308,0.19854414,0.23015079,-0.13800104,0.18884954,0.24574077,-0.11624513,0.17615226,0.23763585
0.0052835494,0.3623753,0.16541573,-0.01695577,0.36366913,0.1765211,-0.006141104,0.3493503,0.17540652
-0.015602535,0.026740998,0.0051902495,-0.03623424,0.027312398,-0.01988582,-0.019513594,0.03712085,-0.014318317
0.10025272,0.41868004,0.003511589,0.09280247,0.41079405,0.034209117,0.09968131,0.41447,0.01997817
0.18717822,0.3193172,0.009484738,0.2074089,0.2991902,-0.0010362342,0.19897655,0.31458667,-0.010489248
-0.15644987,0.21448624,0.21099648,-0.15078697,0.21013674,0.22495866,-0.13550837,0.2089909,0.2034075
0.19321288,0.30388018,0.023577996,0.2074089,0.2991902,-0.0010362342,0.18717822,0.3193172,0.009484738
0.071327455,0.6275132,-0.12901708,0.09114596,0.61810994,-0.12969907,0.07830864,0.6283847,-0.109414965
-0.0965318,0.15806034,0.2312657,-0.08200414,0.14639404,0.21692021,-0.09710215,0.17314401,0.20731424
-0.08713223,0.20838061,0.19873568,-0.082920104,0.16740313,0.1937917,-0.066200554,0.17237654,0.19448416
0.03255793,0.4201173,0.107968464,0.047208756,0.4274486,0.08865492,0.03351076,0.4443625,0.08913343
-0.14846914,0.19975743,0.24133328,-0.13285308,0.19854414,0.23015079,-0.15078697,0.21013674,0.22495866
0.12901127,0.6893585,-0.013054755,0.14565434,0.7110317,0.008950338,0.1325829,0.69642437,0.011727165
0.19553947,0.3169638,-0.032701194,0.18200977,0.32607046,-0.0051099434,0.19897655,0.31458667,-0.010489248
0.15887508,0.47401378,-0.23677121,0.17663184,0.45206955,-0.24775556,0.17788662,0.46485326,-0.25702763
-0.038446415,0.48449257,0.07421641,3.7274882E-4,0.47149464,0.07553996,-0.011906274,0.48600772,0.05929744
0.02619677,0.49106047,-0.03058565,0.04088207,0.48203763,-0.0040190555,0.055030018,0.47640154,-0.022854839
0.12592302,0.5749328,-0.23886265,0.13769774,0.5655931,-0.24973533,0.14166898,0.5871978,-0.26158398
-0.05827135,0.14919916,0.18796161,-0.0635075,0.1390413,0.18538892,-0.039769284,0.13041517,0.17977013
0.14404343,0.53872025,-0.24200755,0.12659633,0.5336448,-0.23408307,0.13969408,0.52024615,-0.23417097
0.102495454,0.4534268,-0.10389842,0.07440068,0.46568212,-0.08016296,0.12737846,0.4356936,-0.101541966
0.12864463,0.4420214,-0.12357449,0.102495454,0.4534268,-0.10389842,0.12737846,0.4356936,-0.101541966
0.06097945,0.3737689,0.100573614,0.043813914,0.3700725,0.12831844,0.06613916,0.3627694,0.10884007
-0.22102726,0.1985879,0.124993935,-0.21681312,0.1835385,0.13135476,-0.20769307,0.19744697,0.15160501
0.1862186,0.037205294,-0.04623173,0.20321706,0.04019229,-0.06931043,0.18750848,0.05710505,-0.04822378
0.0071171727,0.48609784,0.04390824,0.022850532,0.46751425,0.06409036,0.032149248,0.4713647,0.04107446
-0.031363845,0.37515,0.17667581,-0.046621602,0.36864218,0.18186812,-0.038162682,0.35497847,0.18604143
0.15290281,0.47187248,-0.223087,0.17663184,0.45206955,-0.24775556,0.15887508,0.47401378,-0.23677121
0.15290281,0.47187248,-0.223087,0.16547075,0.45798233,-0.20965305,0.17663184,0.45206955,-0.24775556
0.16547075,0.45798233,-0.20965305,0.18998276,0.42838457,-0.21562079,0.18620412,0.43778226,-0.24481012
0.17663184,0.45206955,-0.24775556,0.16547075,0.45798233,-0.20965305,0.18620412,0.43778226,-0.24481012
-0.021090567,0.27274567,0.20364742,-0.030489225,0.30076668,0.2008725,-0.048267294,0.2936216,0.20552538
-0.054087058,0.09869149,-0.30537817,-0.03309796,0.09584509,-0.31300333,-0.05515995,0.09247109,-0.32214156
0.1987302,0.07372481,-0.09384535,0.20865768,0.055125296,-0.085338734,0.2056863,0.062333047,-0.11027856
0.13237415,0.7844813,-0.03816014,0.12799224,0.78498006,-0.032442857,0.14283271,0.77861714,-0.027775705
-0.034936994,0.46369126,0.10242046,-0.0068934895,0.45727536,0.09945878,3.7274882E-4,0.47149464,0.07553996
0.14772362,0.038497955,-2.3517013E-4,0.12788293,0.032222703,0.025796374,0.14980191,0.025354639,-0.007951606
0.02753422,0.36330757,0.14942557,0.043813914,0.3700725,0.12831844,0.03913611,0.38138548,0.11975421
0.19897655,0.31458667,-0.010489248,0.21320985,0.29734015,-0.023372613,0.19553947,0.3169638,-0.032701194
0.18200977,0.32607046,-0.0051099434,0.18717822,0.3193172,0.009484738,0.19897655,0.31458667,-0.010489248
0.14472656,0.299288,0.08649737,0.15725628,0.31122085,0.06910853,0.14513835,0.3258256,0.06813254
0.050424118,0.47862843,-0.042571228,0.070483334,0.46096143,-0.032252327,0.09070953,0.44843128,-0.057001166
0.16728498,0.6171446,-0.27665544,0.1541931,0.61557937,-0.28491417,0.15823011,0.5880742,-0.26743102
0.063519076,0.47389427,-0.13898952,0.09994508,0.46502504,-0.13347454,0.093188316,0.47739074,-0.15073113
0.095211945,0.33865038,0.086776786,0.077494286,0.34121874,0.10230821,0.092324115,0.33090222,0.104798384
0.13969408,0.52024615,-0.23417097,0.13518807,0.49649158,-0.22376719,0.15262091,0.51993704,-0.24171749
0.13533251,0.48582432,-0.21624844,0.15887508,0.47401378,-0.23677121,0.15440054,0.49254695,-0.23885855
0.13518807,0.49649158,-0.22376719,0.13533251,0.48582432,-0.21624844,0.15440054,0.49254695,-0.23885855
0.13533251,0.48582432,-0.21624844,0.15290281,0.47187248,-0.223087,0.15887508,0.47401378,-0.23677121
0.19212842,0.07714249,-0.11299083,0.1987302,0.07372481,-0.09384535,0.2056863,0.062333047,-0.11027856
0.21320985,0.29734015,-0.023372613,0.21464078,0.29444796,-0.036772713,0.19553947,0.3169638,-0.032701194
-0.1618605,0.21845707,0.18423903,-0.13550837,0.2089909,0.2034075,-0.15024984,0.2217705,0.18663308
0.07510008,0.3248895,0.12285143,0.08744033,0.31957108,0.12044246,0.092324115,0.33090222,0.104798384
-0.11652495,0.19907224,0.19885407,-0.13550837,0.2089909,0.2034075,-0.116921164,0.19228905,0.21436362
0.12659633,0.5336448,-0.23408307,0.11808667,0.51683295,-0.22347441,0.13969408,0.52024615,-0.23417097
0.11808667,0.51683295,-0.22347441,0.115651384,0.49903235,-0.21598516,0.13969408,0.52024615,-0.23417097
0.13969408,0.52024615,-0.23417097,0.115651384,0.49903235,-0.21598516,0.13518807,0.49649158,-0.22376719
0.17618853,0.43941656,-0.19081588,0.18998276,0.42838457,-0.21562079,0.16547075,0.45798233,-0.20965305
0.122325346,0.108388156,-0.122558445,0.13238353,0.108956546,-0.10917052,0.13717999,0.09699944,-0.13014212
-0.08535027,0.39254108,0.16649988,-0.04386652,0.39831045,0.16551726,-0.06688694,0.4096656,0.158456
-0.0027396455,0.28719443,0.196384,0.02368743,0.28141996,0.18047082,0.010677047,0.31242362,0.18183653
0.013862491,0.33971608,0.16759236,0.010677047,0.31242362,0.18183653,0.039438255,0.34010836,0.15349883
0.13533251,0.48582432,-0.21624844,0.14527585,0.47465137,-0.19603454,0.15290281,0.47187248,-0.223087
0.14527585,0.47465137,-0.19603454,0.16547075,0.45798233,-0.20965305,0.15290281,0.47187248,-0.223087
0.1811139,0.42402586,-0.18318814,0.18998276,0.42838457,-0.21562079,0.17618853,0.43941656,-0.19081588
0.1699995,0.31438103,0.04934284,0.17434257,0.3229617,0.029152751,0.14513835,0.3258256,0.06813254
-0.13550837,0.2089909,0.2034075,-0.15078697,0.21013674,0.22495866,-0.13285308,0.19854414,0.23015079
0.12250379,0.42569092,-0.07059337,0.14367451,0.4058431,-0.08577806,0.13653784,0.42381147,-0.095611885
0.16423716,0.4532216,-0.1847074,0.17618853,0.43941656,-0.19081588,0.16547075,0.45798233,-0.20965305
0.09070953,0.44843128,-0.057001166,0.070483334,0.46096143,-0.032252327,0.0986377,0.4399037,-0.035382964
0.10410746,0.5357882,-0.22950418,0.098388806,0.5027677,-0.21517403,0.11808667,0.51683295,-0.22347441
0.098388806,0.5027677,-0.21517403,0.115651384,0.49903235,-0.21598516,0.11808667,0.51683295,-0.22347441
0.1527168,0.46092233,-0.17559874,0.16423716,0.4532216,-0.1847074,0.16547075,0.45798233,-0.20965305
0.18536755,0.40813646,-0.17476454,0.1949476,0.39954624,-0.1824699,0.1811139,0.42402586,-0.18318814
0.15610929,0.3338872,0.032333348,0.17434257,0.3229617,0.029152751,0.18717822,0.3193172,0.009484738
0.2056863,0.062333047,-0.11027856,0.19952272,0.057643086,-0.12959397,0.19212842,0.07714249,-0.11299083
0.07860002,0.53192616,-0.23277448,0.098388806,0.5027677,-0.21517403,0.10410746,0.5357882,-0.22950418
0.115651384,0.49903235,-0.21598516,0.12591916,0.48619762,-0.19673032,0.13533251,0.48582432,-0.21624844
0.13518807,0.49649158,-0.22376719,0.115651384,0.49903235,-0.21598516,0.13533251,0.48582432,-0.21624844
0.13533251,0.48582432,-0.21624844,0.12591916,0.48619762,-0.19673032,0.14527585,0.47465137,-0.19603454
0.16547075,0.45798233,-0.20965305,0.14527585,0.47465137,-0.19603454,0.1527168,0.46092233,-0.17559874
0.025898382,0.4883946,-0.06626884,0.02619677,0.49106047,-0.03058565,0.050424118,0.47862843,-0.042571228
0.119323045,0.40014276,-0.013097301,0.12795836,0.38172045,-0.0057878643,0.12557086,0.40598968,-0.03197663
0.165963,0.43957683,-0.16680528,0.17618853,0.43941656,-0.19081588,0.16423716,0.4532216,-0.1847074
-0.11624513,0.17615226,0.23763585,-0.12823057,0.16455084,0.24814193,-0.10611987,0.14506188,0.24392803
0.025898382,0.4883946,-0.06626884,0.050424118,0.47862843,-0.042571228,0.052699894,0.47560886,-0.06441726
0.016274137,0.49114594,0.0037850381,-0.01873918,0.50012577,0.027023943,0.011983569,0.48824415,0.025939774
-0.11624513,0.17615226,0.23763585,-0.13800104,0.18884954,0.24574077,-0.12823057,0.16455084,0.24814193
-0.0027396455,0.28719443,0.196384,-0.030489225,0.30076668,0.2008725,-0.021090567,0.27274567,0.20364742
0.055030018,0.47640154,-0.022854839,0.06665175,0.46200594,-0.0061695,0.070483334,0.46096143,-0.032252327
0.06844781,0.51421475,-0.2271915,0.098388806,0.5027677,-0.21517403,0.07860002,0.53192616,-0.23277448
0.09449475,0.4945747,-0.2061883,0.12591916,0.48619762,-0.19673032,0.115651384,0.49903235,-0.21598516
0.165963,0.43957683,-0.16680528,0.1811139,0.42402586,-0.18318814,0.17618853,0.43941656,-0.19081588
0.09449475,0.4945747,-0.2061883,0.115651384,0.49903235,-0.21598516,0.098388806,0.5027677,-0.21517403
0.12591916,0.48619762,-0.19673032,0.13716133,0.4704813,-0.16698264,0.14527585,0.47465137,-0.19603454
0.14527585,0.47465137,-0.19603454,0.13716133,0.4704813,-0.16698264,0.1527168,0.46092233,-0.17559874
0.1527168,0.46092233,-0.17559874,0.165963,0.43957683,-0.16680528,0.16423716,0.4532216,-0.1847074
0.1674852,0.41962412,-0.15352607,0.1811139,0.42402586,-0.18318814,0.165963,0.43957683,-0.16680528
0.18200977,0.32607046,-0.0051099434,0.15610929,0.3338872,0.032333348,0.18717822,0.3193172,0.009484738
0.025898382,0.4883946,-0.06626884,0.052699894,0.47560886,-0.06441726,0.056355633,0.47362664,-0.113878705
-0.018739183,0.50012577,0.027023943,-0.03356116,0.4951884,0.052079536,0.0071171727,0.48609784,0.04390824
-0.006141104,0.3493503,0.17540652,-0.025645632,0.34094423,0.18517482,0.013862491,0.33971608,0.16759236
0.12534302,0.7379937,-0.120334886,0.13231346,0.7662153,-0.06399126,0.13601786,0.72213984,-0.122829735
0.09449475,0.4945747,-0.2061883,0.11216149,0.48437998,-0.17720525,0.12591916,0.48619762,-0.19673032
0.11216149,0.48437998,-0.17720525,0.12475864,0.47875562,-0.17059062,0.12591916,0.48619762,-0.19673032
0.12591916,0.48619762,-0.19673032,0.12475864,0.47875562,-0.17059062,0.13716133,0.4704813,-0.16698264
0.1674852,0.41962412,-0.15352607,0.18536755,0.40813646,-0.17476454,0.1811139,0.42402586,-0.18318814
0.1674852,0.41962412,-0.15352607,0.18615949,0.39269128,-0.16167559,0.18536755,0.40813646,-0.17476454
0.003909096,0.38974503,-0.4221147,-0.006103605,0.37683424,-0.4065391,-0.0099708885,0.39478144,-0.4177267
0.11630955,0.42456588,-0.040071856,0.12557086,0.40598968,-0.03197663,0.13706243,0.40437093,-0.053689286
-0.16400222,0.20553845,0.23760302,-0.15636688,0.19033793,0.24810134,-0.14846914,0.19975743,0.24133328
0.011983569,0.48824415,0.025939774,0.0071171727,0.48609784,0.04390824,0.032149248,0.4713647,0.04107446
0.12592302,0.5749328,-0.23886265,0.14166898,0.5871978,-0.26158398,0.13317075,0.5952766,-0.2438286
-0.034936994,0.46369126,0.10242046,-0.03490121,0.44403592,0.12579843,-0.0068934895,0.45727536,0.09945878
0.08632353,0.38737908,0.05770748,0.09280247,0.41079405,0.034209117,0.08178276,0.39721653,0.062278695
0.12250379,0.42569092,-0.07059337,0.13653784,0.42381147,-0.095611885,0.12737846,0.4356936,-0.101541966
-0.20894584,0.13746604,-0.17176917,-0.19886324,0.15411484,-0.18756768,-0.1945144,0.122141,-0.17777507
0.08432923,0.41516778,0.052628167,0.08178276,0.39721653,0.062278695,0.09280247,0.41079405,0.034209117
0.09449475,0.4945747,-0.2061883,0.08956174,0.49125525,-0.19069107,0.11216149,0.48437998,-0.17720525
0.15130149,0.44137654,-0.14928935,0.165963,0.43957683,-0.16680528,0.1527168,0.46092233,-0.17559874
0.091983765,0.6031966,-0.16079283,0.10760953,0.5886704,-0.19078553,0.09114596,0.61810994,-0.12969907
-0.22857133,0.042265296,-0.04054096,-0.22501738,0.031065106,-0.049314678,-0.22960027,0.034882993,-0.021740042
0.057406932,0.33259442,0.13972656,0.06852041,0.30935308,0.14103514,0.07510008,0.3248895,0.12285143
-0.019964825,0.3895125,0.16323353,-0.031363845,0.37515,0.17667581,-0.01695577,0.36366913,0.1765211
0.08432923,0.41516778,0.052628167,0.09280247,0.41079405,0.034209117,0.08094406,0.42969552,0.030092005
0.13716133,0.4704813,-0.16698264,0.14098161,0.45780566,-0.15217486,0.1527168,0.46092233,-0.17559874
0.14098161,0.45780566,-0.15217486,0.15130149,0.44137654,-0.14928935,0.1527168,0.46092233,-0.17559874
0.15130149,0.44137654,-0.14928935,0.1674852,0.41962412,-0.15352607,0.165963,0.43957683,-0.16680528
0.12737846,0.4356936,-0.101541966,0.15634525,0.40757832,-0.11020496,0.12864463,0.4420214,-0.12357449
0.12940766,0.3420125,0.047594488,0.14513835,0.3258256,0.06813254,0.15610929,0.3338872,0.032333348
-0.0041054524,0.43852666,0.119950734,-0.021378059,0.4288176,0.13437271,0.012732338,0.42576858,0.12081995
-0.052120194,0.47488782,0.091717586,-0.034936994,0.46369126,0.10242046,-0.038446415,0.48449257,0.07421641
-0.057473987,0.45613524,0.115075506,-0.03490121,0.44403592,0.12579843,-0.034936994,0.46369126,0.10242046
-0.21756259,0.2011761,0.16925816,-0.2329402,0.1864624,0.16513003,-0.21735887,0.20733628,0.1950837
0.12475864,0.47875562,-0.17059062,0.11838553,0.47327623,-0.15445581,0.13716133,0.4704813,-0.16698264
0.07529047,0.354385,0.09649782,0.07898878,0.35955808,0.07931562,0.06613916,0.3627694,0.10884007
-0.0965318,0.15806034,0.2312657,-0.10611987,0.14506188,0.24392803,-0.09137635,0.140479,0.23388132
0.043813914,0.3700725,0.12831844,0.057127967,0.36230186,0.12579693,0.06613916,0.3627694,0.10884007
0.043813914,0.3700725,0.12831844,0.06097945,0.3737689,0.100573614,0.03913611,0.38138548,0.11975421
0.02753422,0.36330757,0.14942557,0.05710186,0.35153916,0.13298613,0.057127967,0.36230186,0.12579693
-0.04386652,0.39831045,0.16551726,-0.031363845,0.37515,0.17667581,-0.019964825,0.3895125,0.16323353
0.16595511,0.33281067,-0.02335288,0.18200977,0.32607046,-0.0051099434,0.19553947,0.3169638,-0.032701194
0.047208756,0.4274486,0.08865492,0.038592067,0.3995615,0.112925686,0.07070453,0.40983948,0.07713394
-0.0078610405,0.31137067,0.19037205,-0.0027396455,0.28719443,0.196384,0.010677047,0.31242362,0.18183653
0.02212334,0.019143537,-0.18294114,-0.022621483,0.020898893,-0.20867279,-0.020809337,0.026520997,-0.21549255
0.09994508,0.46502504,-0.13347454,0.102495454,0.4534268,-0.10389842,0.12864463,0.4420214,-0.12357449
-0.031807132,0.41106036,0.15480886,-0.04386652,0.39831045,0.16551726,-0.019964825,0.3895125,0.16323353
0.07070453,0.40983948,0.07713394,0.038592067,0.3995615,0.112925686,0.064763814,0.39598617,0.08807796
0.09994508,0.46502504,-0.13347454,0.12864463,0.4420214,-0.12357449,0.12795849,0.4520019,-0.13656709
0.19212842,0.07714249,-0.11299083,0.18075554,0.08704515,-0.08218482,0.1987302,0.07372481,-0.09384535
0.13231346,0.7662153,-0.06399126,0.11859792,0.76364136,-0.085523196,0.11402057,0.7797669,-0.05969378
0.013862491,0.33971608,0.16759236,-0.030771747,0.31974813,0.19166502,0.010677047,0.31242362,0.18183653
0.13237415,0.7844813,-0.03816014,0.14283271,0.77861714,-0.027775705,0.13231346,0.7662153,-0.06399126
0.10689792,0.34617466,0.058499254,0.08561444,0.34955186,0.07799037,0.095211945,0.33865038,0.086776786
0.07070453,0.40983948,0.07713394,0.08432923,0.41516778,0.052628167,0.06602046,0.42341146,0.07299276
0.022850532,0.46751425,0.06409036,0.036741756,0.45609507,0.07106398,0.032149248,0.4713647,0.04107446
0.19017673,0.5609175,-0.274808,0.20369665,0.567956,-0.26597685,0.19377428,0.5714438,-0.25945494
0.13716133,0.4704813,-0.16698264,0.11838553,0.47327623,-0.15445581,0.14098161,0.45780566,-0.15217486
0.15120585,0.4297122,-0.13237174,0.1674852,0.41962412,-0.15352607,0.15130149,0.44137654,-0.14928935
0.15120585,0.4297122,-0.13237174,0.16534385,0.40753874,-0.12631918,0.1674852,0.41962412,-0.15352607
0.16534385,0.40753874,-0.12631918,0.18615949,0.39269128,-0.16167559,0.1674852,0.41962412,-0.15352607
0.16534385,0.40753874,-0.12631918,0.17439765,0.38757262,-0.12505117,0.18615949,0.39269128,-0.16167559
0.07440068,0.46568212,-0.08016296,0.052699894,0.47560886,-0.06441726,0.08663042,0.45545986,-0.06629147
0.056355633,0.47362664,-0.113878705,0.052699894,0.47560886,-0.06441726,0.07440068,0.46568212,-0.08016296
0.012732338,0.42576858,0.12081995,0.01876717,0.3978171,0.13084382,0.03255793,0.4201173,0.107968464
-0.13550837,0.2089909,0.2034075,-0.13285308,0.19854414,0.23015079,-0.116921164,0.19228905,0.21436362
0.13905725,0.6670377,-0.18618919,0.13075559,0.69777524,-0.1793943,0.14087503,0.693601,-0.14800784
0.037211545,0.24392682,0.17607653,0.060651444,0.25120208,0.16298306,0.044458494,0.27281114,0.16964357
0.047555774,0.31999362,0.15296303,0.043552,0.2980533,0.16643217,0.060618352,0.28303024,0.15719481
0.11216149,0.48437998,-0.17720525,0.081428446,0.4857547,-0.16642457,0.093188316,0.47739074,-0.15073113
0.11216149,0.48437998,-0.17720525,0.11838553,0.47327623,-0.15445581,0.12475864,0.47875562,-0.17059062
0.12795849,0.4520019,-0.13656709,0.14098161,0.45780566,-0.15217486,0.11838553,0.47327623,-0.15445581
0.11800203,0.4643344,-0.14289942,0.12795849,0.4520019,-0.13656709,0.11838553,0.47327623,-0.15445581
0.12795849,0.4520019,-0.13656709,0.15130149,0.44137654,-0.14928935,0.14098161,0.45780566,-0.15217486
0.12795849,0.4520019,-0.13656709,0.12864463,0.4420214,-0.12357449,0.15130149,0.44137654,-0.14928935
0.12864463,0.4420214,-0.12357449,0.15120585,0.4297122,-0.13237174,0.15130149,0.44137654,-0.14928935
0.06665175,0.46200594,-0.0061695,0.08363888,0.43736044,0.004516039,0.0986377,0.4399037,-0.035382964
0.092324115,0.33090222,0.104798384,0.08744033,0.31957108,0.12044246,0.116228715,0.32254785,0.09933194
0.16375554,0.06421131,-0.25255302,0.13431978,0.09827785,-0.25090063,0.1483789,0.089182585,-0.22999966
-0.11624513,0.17615226,0.23763585,-0.09710215,0.17314401,0.20731424,-0.116921164,0.19228905,0.21436362
-0.06688694,0.4096656,0.158456,-0.04386652,0.39831045,0.16551726,-0.0548753,0.4277117,0.14495628
0.16841878,0.038101792,-0.20476228,0.1762156,0.032678902,-0.245633,0.16831185,0.048906043,-0.21814904
0.11216149,0.48437998,-0.17720525,0.093188316,0.47739074,-0.15073113,0.11838553,0.47327623,-0.15445581
0.15634525,0.40757832,-0.11020496,0.16534385,0.40753874,-0.12631918,0.15120585,0.4297122,-0.13237174
-0.012764569,0.41343042,0.14274257,0.003976591,0.39658627,0.1435997,0.01876717,0.3978171,0.13084382
0.078606,0.46549937,-0.106914915,0.102495454,0.4534268,-0.10389842,0.09994508,0.46502504,-0.13347454
-0.11624513,0.17615226,0.23763585,-0.0965318,0.15806034,0.2312657,-0.09710215,0.17314401,0.20731424
0.07830864,0.6283847,-0.109414965,0.08945738,0.6343845,-0.0908778,0.07904889,0.63817203,-0.081142105
0.13231346,0.7662153,-0.06399126,0.11402057,0.7797669,-0.05969378,0.13237415,0.7844813,-0.03816014
-0.020809337,0.026520997,-0.21549255,-0.022621483,0.020898893,-0.20867279,-0.023220487,0.027144998,-0.22573069
0.09994508,0.46502504,-0.13347454,0.11838553,0.47327623,-0.15445581,0.093188316,0.47739074,-0.15073113
0.09994508,0.46502504,-0.13347454,0.11800203,0.4643344,-0.14289942,0.11838553,0.47327623,-0.15445581
0.16534385,0.40753874,-0.12631918,0.15634525,0.40757832,-0.11020496,0.17439765,0.38757262,-0.12505117
0.14283271,0.77861714,-0.027775705,0.1454541,0.77988005,-0.013515938,0.15252686,0.7649424,-0.013775758
-0.19539322,0.35106513,-0.1400721,-0.19935061,0.35467348,-0.111389786,-0.184106,0.35608253,-0.12725584
0.09306654,0.2824019,0.13738559,0.060618352,0.28303024,0.15719481,0.060651444,0.25120208,0.16298306
0.12864463,0.4420214,-0.12357449,0.15634525,0.40757832,-0.11020496,0.15120585,0.4297122,-0.13237174
0.20321706,0.04019229,-0.06931043,0.20809643,0.025557652,-0.07307407,0.21556276,0.035536855,-0.09851403
0.07529047,0.354385,0.09649782,0.06894651,0.3452045,0.11733932,0.077494286,0.34121874,0.10230821
0.22381729,0.32620144,-0.3282687,0.22278474,0.34720224,-0.3114014,0.23061696,0.3194167,-0.29551435
0.10826779,0.6696291,-0.23553148,0.09993151,0.6909859,-0.2076124,0.12012654,0.6844605,-0.21149352
0.20838541,0.36758313,-0.3418147,0.19841962,0.40519127,-0.32589605,0.20776233,0.38930497,-0.3135652
0.22872925,0.315196,-0.27239403,0.22287187,0.35139462,-0.2789889,0.2215986,0.34647286,-0.25443953
0.19473542,0.42468014,-0.2824071,0.19841962,0.40519127,-0.32589605,0.19434486,0.4305819,-0.2989728
0.20776233,0.38930497,-0.3135652,0.19841962,0.40519127,-0.32589605,0.19473542,0.42468014,-0.2824071
0.19320269,0.41983816,-0.33395967,0.19841962,0.40519127,-0.32589605,0.18587898,0.4102544,-0.36101264
0.20148137,0.4137095,-0.25017425,0.19473542,0.42468014,-0.2824071,0.18620412,0.43778226,-0.24481012
0.2102704,0.3877423,-0.29124206,0.19473542,0.42468014,-0.2824071,0.20148137,0.4137095,-0.25017425
0.202886,0.45277092,-0.34147736,0.20056403,0.4508331,-0.3121763,0.19957215,0.4357066,-0.3250096
-0.06578928,0.077185005,-0.35121322,-0.07920189,0.073614255,-0.33456558,-0.07383319,0.08205615,-0.3120995
0.20809643,0.025557652,-0.07307407,0.20715675,0.0180327,-0.08165631,0.21825045,0.02387999,-0.09125546
0.202886,0.45277092,-0.34147736,0.20508465,0.47803256,-0.34091955,0.20056403,0.4508331,-0.3121763
0.20508465,0.47803256,-0.34091955,0.20450634,0.48400494,-0.3184904,0.20056403,0.4508331,-0.3121763
-0.097458854,0.113931835,0.2325757,-0.10611987,0.14506188,0.24392803,-0.11925453,0.13022316,0.24531919
0.20450634,0.48400494,-0.3184904,0.20508465,0.47803256,-0.34091955,0.20335983,0.50209534,-0.32811114
-0.08365367,0.11471814,0.22415124,-0.09137635,0.140479,0.23388132,-0.10611987,0.14506188,0.24392803
-0.097458854,0.113931835,0.2325757,-0.08365367,0.11471814,0.22415124,-0.10611987,0.14506188,0.24392803
0.20336974,0.38074067,-0.19071792,0.20253019,0.40258005,-0.20688032,0.1949476,0.39954624,-0.1824699
0.20335983,0.50209534,-0.32811114,0.19718792,0.5303427,-0.34714,0.19630685,0.5380869,-0.3172431
-0.08365367,0.11471814,0.22415124,-0.07132881,0.11646503,0.21298212,-0.09137635,0.140479,0.23388132
-0.07132881,0.11646503,0.21298212,-0.072336316,0.12909004,0.21168345,-0.09137635,0.140479,0.23388132
0.15848465,0.06554811,-0.20441139,0.16375554,0.06421131,-0.25255302,0.1483789,0.089182585,-0.22999966
-0.08562073,0.0906941,0.2140329,-0.07109406,0.10081115,0.20862553,-0.097458854,0.113931835,0.2325757
-0.097458854,0.113931835,0.2325757,-0.07109406,0.10081115,0.20862553,-0.08365367,0.11471814,0.22415124
0.18480866,0.20149457,-0.20285398,0.17944029,0.21271494,-0.17828336,0.16994534,0.1842533,-0.20382546
0.05408546,0.13228735,0.16274509,0.06623286,0.14246115,0.15814063,0.03910873,0.1567285,0.17072468
0.22559828,0.24991915,-0.29667982,0.23340517,0.2718744,-0.29658294,0.22871695,0.25068146,-0.26520464
0.13925812,0.63730156,-0.18106507,0.14187516,0.65351,-0.1451706,0.13502985,0.63594425,-0.15134497
0.39308536,0.6367413,-0.18190417,0.38173303,0.62538373,-0.1858998,0.38028467,0.6245382,-0.19869474
0.17582393,0.017434984,-0.057089735,0.17291822,0.023975596,-0.03301736,0.14752865,0.018058196,-0.019557074
0.13238353,0.108956546,-0.10917052,0.12690178,0.13598174,-0.11811924,0.13441347,0.12604284,-0.10762961
-0.07109406,0.10081115,0.20862553,-0.07132881,0.11646503,0.21298212,-0.08365367,0.11471814,0.22415124
0.22148828,0.24623811,-0.050796986,0.21698639,0.2058874,-0.03733193,0.21426052,0.21462312,-0.05529417
0.22284016,0.23095647,-0.034184873,0.22148828,0.24623811,-0.050796986,0.22470616,0.25285473,-0.039688118
0.2215986,0.34647286,-0.25443953,0.21820211,0.34516105,-0.22085033,0.2215724,0.32086518,-0.22988775
0.20482512,0.21161446,-0.28665116,0.21281174,0.21558166,-0.25347683,0.19927025,0.20093676,-0.26075664
0.13222235,0.6335801,-0.23606251,0.13599713,0.6273098,-0.21339601,0.13317075,0.5952766,-0.2438286
0.20825128,0.22404179,-0.31112522,0.21908471,0.22831663,-0.28268778,0.20482512,0.21161446,-0.28665116
0.19486412,0.20769075,-0.30542007,0.20825128,0.22404179,-0.31112522,0.20482512,0.21161446,-0.28665116
-0.09244016,0.07265359,0.19852193,-0.068690695,0.07829291,0.18757254,-0.08562073,0.0906941,0.2140329
-0.068690695,0.07829291,0.18757254,-0.055356756,0.086766005,0.17858072,-0.07109406,0.10081115,0.20862553
-0.08562073,0.0906941,0.2140329,-0.068690695,0.07829291,0.18757254,-0.07109406,0.10081115,0.20862553
-0.072336316,0.12909004,0.21168345,-0.08005987,0.15398729,0.198327,-0.08200414,0.14639404,0.21692021
0.19486412,0.20769075,-0.30542007,0.20482512,0.21161446,-0.28665116,0.18049535,0.1881949,-0.28413868
0.20825128,0.22404179,-0.31112522,0.22559828,0.24991915,-0.29667982,0.21908471,0.22831663,-0.28268778
0.2124078,0.3716748,-0.21706957,0.2117452,0.38742247,-0.23230116,0.20253019,0.40258005,-0.20688032
0.21857306,0.3405124,-0.19701391,0.22261526,0.328452,-0.21411026,0.21820211,0.34516105,-0.22085033
0.1811139,0.42402586,-0.18318814,0.20253019,0.40258005,-0.20688032,0.18998276,0.42838457,-0.21562079
0.2041974,0.46131906,-0.36579055,0.19515334,0.4312065,-0.3634409,0.19624688,0.44836065,-0.3895641
-0.055356756,0.086766005,0.17858072,-0.05671215,0.108483344,0.18781638,-0.07109406,0.10081115,0.20862553
-0.07109406,0.10081115,0.20862553,-0.05671215,0.108483344,0.18781638,-0.07132881,0.11646503,0.21298212
-0.05671215,0.108483344,0.18781638,-0.058537617,0.12467408,0.18578126,-0.072336316,0.12909004,0.21168345
-0.07132881,0.11646503,0.21298212,-0.05671215,0.108483344,0.18781638,-0.072336316,0.12909004,0.21168345
0.17291822,0.023975596,-0.03301736,0.17582393,0.017434984,-0.057089735,0.1896621,0.023479149,-0.053537026
0.20715675,0.0180327,-0.08165631,0.1896621,0.023479149,-0.053537026,0.17582393,0.017434984,-0.057089735
0.18480866,0.20149457,-0.20285398,0.19398537,0.19769004,-0.226168,0.20824239,0.2200894,-0.21995583
0.19630685,0.5380869,-0.3172431,0.19556351,0.55646,-0.29579452,0.18843126,0.54646873,-0.28886685
0.17853627,0.018884659,-0.26687136,0.17899767,0.01950109,-0.2531169,0.16689157,0.01781249,-0.2757893
0.15252686,0.7649424,-0.013775758,0.1451244,0.7488831,-0.04704166,0.14283271,0.77861714,-0.027775705
0.11669821,0.39620557,0.014730919,0.119323045,0.40014276,-0.013097301,0.11223481,0.40708342,0.005308531
-0.072336316,0.12909004,0.21168345,-0.058537617,0.12467408,0.18578126,-0.08005987,0.15398729,0.198327
-0.058537617,0.12467408,0.18578126,-0.0635075,0.1390413,0.18538892,-0.08005987,0.15398729,0.198327
0.20450634,0.48400494,-0.3184904,0.1973292,0.49974158,-0.2959269,0.19836876,0.4734423,-0.2998813
0.20450634,0.48400494,-0.3184904,0.20335983,0.50209534,-0.32811114,0.1973292,0.49974158,-0.2959269
0.1973292,0.49974158,-0.2959269,0.20335983,0.50209534,-0.32811114,0.19631772,0.52432156,-0.30510896
0.19515334,0.4312065,-0.3634409,0.19957215,0.4357066,-0.3250096,0.19320269,0.41983816,-0.33395967
0.19515334,0.4312065,-0.3634409,0.202886,0.45277092,-0.34147736,0.19957215,0.4357066,-0.3250096
0.22781806,0.3008609,-0.24413618,0.2215724,0.32086518,-0.22988775,0.2258927,0.28197268,-0.23679335
0.18142223,0.4887121,-0.26657134,0.18191992,0.5226052,-0.27269146,0.16914639,0.5193095,-0.25685924
0.18465394,0.3188909,-0.05164084,0.19553947,0.3169638,-0.032701194,0.20472065,0.30040643,-0.05236253
0.2215986,0.34647286,-0.25443953,0.22099477,0.3625572,-0.24582255,0.21820211,0.34516105,-0.22085033
0.20056403,0.4508331,-0.3121763,0.19000372,0.44448438,-0.28167692,0.19434486,0.4305819,-0.2989728
-0.0797884,0.051047534,0.16877374,-0.0666472,0.056285247,0.16430318,-0.068690695,0.07829291,0.18757254
0.20508465,0.47803256,-0.34091955,0.20053391,0.50599265,-0.3505624,0.20335983,0.50209534,-0.32811114
0.22461277,0.3275494,-0.24600872,0.2215986,0.34647286,-0.25443953,0.2215724,0.32086518,-0.22988775
0.22559828,0.24991915,-0.29667982,0.22871695,0.25068146,-0.26520464,0.21908471,0.22831663,-0.28268778
0.17944029,0.21271494,-0.17828336,0.18480866,0.20149457,-0.20285398,0.18709713,0.21535975,-0.1920419
0.18142223,0.4887121,-0.26657134,0.15440054,0.49254695,-0.23885855,0.15887508,0.47401378,-0.23677121
0.18142223,0.4887121,-0.26657134,0.16914639,0.5193095,-0.25685924,0.15440054,0.49254695,-0.23885855
0.20335983,0.50209534,-0.32811114,0.20053391,0.50599265,-0.3505624,0.19718792,0.5303427,-0.34714
-0.0666472,0.056285247,0.16430318,-0.04934565,0.0632464,0.15061663,-0.068690695,0.07829291,0.18757254
-0.04934565,0.0632464,0.15061663,-0.055356756,0.086766005,0.17858072,-0.068690695,0.07829291,0.18757254
0.2555246,0.5892993,-0.28400844,0.25709495,0.58087194,-0.27228326,0.23312697,0.57553005,-0.29044634
0.2102704,0.3877423,-0.29124206,0.20776233,0.38930497,-0.3135652,0.19473542,0.42468014,-0.2824071
0.14799705,0.12828419,-0.16804898,0.13463436,0.122517705,-0.14693137,0.14174554,0.09642555,-0.15686938
0.13463436,0.122517705,-0.14693137,0.14799705,0.12828419,-0.16804898,0.13796154,0.14151645,-0.14686963
0.21820211,0.34516105,-0.22085033,0.2124078,0.3716748,-0.21706957,0.21275443,0.3608341,-0.20245835
0.21857306,0.3405124,-0.19701391,0.21820211,0.34516105,-0.22085033,0.21275443,0.3608341,-0.20245835
0.22105193,0.30781475,-0.19444615,0.22261526,0.328452,-0.21411026,0.21857306,0.3405124,-0.19701391
0.16914639,0.5193095,-0.25685924,0.165893,0.55188143,-0.26098487,0.15262091,0.51993704,-0.24171749
0.22417676,0.30463192,-0.21351361,0.22105193,0.30781475,-0.19444615,0.22352672,0.2812917,-0.21054697
0.22417676,0.30463192,-0.21351361,0.22261526,0.328452,-0.21411026,0.22105193,0.30781475,-0.19444615
0.164474,0.21419933,-0.13285327,0.1841425,0.23832065,-0.15508588,0.17979008,0.2576819,-0.12916788
0.15151271,0.15960774,-0.23808879,0.15793867,0.15021878,-0.21517265,0.15509722,0.14979672,-0.2246512
0.15151271,0.15960774,-0.23808879,0.16265234,0.17319348,-0.22046198,0.15793867,0.15021878,-0.21517265
0.19718792,0.5303427,-0.34714,0.19662146,0.55250645,-0.34093377,0.19630685,0.5380869,-0.3172431
-0.055356756,0.086766005,0.17858072,-0.046772495,0.09358865,0.16463087,-0.05671215,0.108483344,0.18781638
-0.04203796,0.105103225,0.16464493,-0.058537617,0.12467408,0.18578126,-0.05671215,0.108483344,0.18781638
-0.046772495,0.09358865,0.16463087,-0.04203796,0.105103225,0.16464493,-0.05671215,0.108483344,0.18781638
0.14140439,0.35364786,-0.017395388,0.12795836,0.38172045,-0.0057878643,0.13433369,0.36430034,-0.0021904074
0.18480866,0.20149457,-0.20285398,0.20824239,0.2200894,-0.21995583,0.21167447,0.24044594,-0.20188391
0.41285002,0.74995744,-0.15687941,0.41740894,0.73328555,-0.15764944,0.41555688,0.75030565,-0.17279796
-0.009280935,0.2599587,0.19962138,0.0076690763,0.2682207,0.19259363,-0.0027396455,0.28719443,0.196384
0.14140439,0.35364786,-0.017395388,0.14934564,0.36391565,-0.03693567,0.13633484,0.38346282,-0.02648658
0.22105193,0.30781475,-0.19444615,0.21171033,0.31946406,-0.17956844,0.20726636,0.3036588,-0.17008275
0.21584454,0.2911037,-0.18642648,0.22105193,0.30781475,-0.19444615,0.20726636,0.3036588,-0.17008275
0.22871695,0.25068146,-0.26520464,0.23253974,0.27828228,-0.2720483,0.2275388,0.25852302,-0.24298379
0.11669821,0.39620557,0.014730919,0.106636025,0.37887654,0.0378574,0.11642664,0.3762236,0.02259556
0.19561103,0.22852531,-0.18733777,0.21167447,0.24044594,-0.20188391,0.1971573,0.24543181,-0.1749254
-0.06375999,0.0367911,0.13027976,-0.0797884,0.051047534,0.16877374,-0.08109154,0.028999954,0.12203377
0.19478014,0.37531844,-0.16034171,0.20336974,0.38074067,-0.19071792,0.18615949,0.39269128,-0.16167559
0.20897509,0.26154715,-0.17852776,0.21984217,0.25963798,-0.20034477,0.21214919,0.2721103,-0.18223761
0.23253974,0.27828228,-0.2720483,0.23135726,0.30518624,-0.3093618,0.23061696,0.3194167,-0.29551435
-0.04934565,0.0632464,0.15061663,-0.037296355,0.07348925,0.14344588,-0.055356756,0.086766005,0.17858072
-0.055356756,0.086766005,0.17858072,-0.037296355,0.07348925,0.14344588,-0.046772495,0.09358865,0.16463087
0.13317075,0.5952766,-0.2438286,0.13444668,0.6068659,-0.2609054,0.13222235,0.6335801,-0.23606251
0.21167447,0.24044594,-0.20188391,0.21984217,0.25963798,-0.20034477,0.20897509,0.26154715,-0.17852776
0.020732753,0.25984496,0.18226309,0.02368743,0.28141996,0.18047082,0.0076690763,0.2682207,0.19259363
0.18615949,0.39269128,-0.16167559,0.20336974,0.38074067,-0.19071792,0.1949476,0.39954624,-0.1824699
-0.037296355,0.07348925,0.14344588,-0.04203796,0.105103225,0.16464493,-0.046772495,0.09358865,0.16463087
0.16928789,0.21050635,-0.105400234,0.1595149,0.20533827,-0.11727199,0.16669425,0.23624173,-0.11639607
0.23253974,0.27828228,-0.2720483,0.23061696,0.3194167,-0.29551435,0.22872925,0.315196,-0.27239403
0.02368743,0.28141996,0.18047082,0.026551738,0.3057867,0.17433268,0.010677047,0.31242362,0.18183653
0.19320269,0.41983816,-0.33395967,0.19957215,0.4357066,-0.3250096,0.19434486,0.4305819,-0.2989728
0.22352672,0.2812917,-0.21054697,0.21584454,0.2911037,-0.18642648,0.21214919,0.2721103,-0.18223761
0.13487466,0.6233475,-0.1876763,0.13502985,0.63594425,-0.15134497,0.12475825,0.6056905,-0.18546854
0.17507502,0.18232974,-0.23722616,0.16994534,0.1842533,-0.20382546,0.16265234,0.17319348,-0.22046198
0.19841962,0.40519127,-0.32589605,0.19320269,0.41983816,-0.33395967,0.19434486,0.4305819,-0.2989728
0.15796301,0.39483157,-0.103802904,0.17439765,0.38757262,-0.12505117,0.15634525,0.40757832,-0.11020496
0.23340517,0.2718744,-0.29658294,0.22651029,0.2892242,-0.3214324,0.23135726,0.30518624,-0.3093618
0.19556351,0.55646,-0.29579452,0.19918081,0.56992424,-0.3176145,0.21180405,0.5684067,-0.29998776
0.1971573,0.24543181,-0.1749254,0.20897509,0.26154715,-0.17852776,0.19202864,0.2599895,-0.15467405
0.1971573,0.24543181,-0.1749254,0.1841425,0.23832065,-0.15508588,0.17944029,0.21271494,-0.17828336
0.038875908,0.600683,-0.27227375,0.05965535,0.6155051,-0.26327935,0.04698757,0.6136761,-0.27467814
0.20825128,0.22404179,-0.31112522,0.20897569,0.25024414,-0.33869618,0.22559828,0.24991915,-0.29667982
0.17407137,0.17786154,-0.2698721,0.15793875,0.16646433,-0.29559824,0.18049535,0.1881949,-0.28413868
0.11757093,0.61026156,-0.16070151,0.12475825,0.6056905,-0.18546854,0.13502985,0.63594425,-0.15134497
-0.03604579,0.45932814,-0.47893983,-0.03157404,0.43244877,-0.47841597,-0.038625076,0.4335203,-0.4670697
0.15535977,0.13140544,-0.19592029,0.14799705,0.12828419,-0.16804898,0.14805251,0.106521696,-0.18570286
0.17507502,0.18232974,-0.23722616,0.16265234,0.17319348,-0.22046198,0.15151271,0.15960774,-0.23808879
0.15939084,0.16422677,-0.26757565,0.17507502,0.18232974,-0.23722616,0.15151271,0.15960774,-0.23808879
0.22352672,0.2812917,-0.21054697,0.22105193,0.30781475,-0.19444615,0.21584454,0.2911037,-0.18642648
0.12659633,0.5336448,-0.23408307,0.14404343,0.53872025,-0.24200755,0.13847077,0.5569606,-0.24500161
0.020732753,0.25984496,0.18226309,0.044458494,0.27281114,0.16964357,0.02368743,0.28141996,0.18047082
-0.101797774,0.027200893,-0.27106246,-0.09201884,0.026034892,-0.30201748,-0.08968274,0.02334115,-0.27291626
0.15876076,0.14920476,-0.18133713,0.16679266,0.17397061,-0.18738559,0.16069046,0.1636197,-0.17118724
-0.022621483,0.020898893,-0.20867279,-0.07652165,0.023607,-0.23317797,-0.026560001,0.018341482,-0.2476277
0.23340517,0.2718744,-0.29658294,0.23253974,0.27828228,-0.2720483,0.22871695,0.25068146,-0.26520464
0.15939084,0.16422677,-0.26757565,0.15151271,0.15960774,-0.23808879,0.14396626,0.15520129,-0.26073495
0.22182667,0.24883303,-0.22637936,0.21167447,0.24044594,-0.20188391,0.20824239,0.2200894,-0.21995583
0.03910873,0.1567285,0.17072468,0.06623286,0.14246115,0.15814063,0.059884883,0.16396266,0.1600252
0.20726636,0.3036588,-0.17008275,0.1988333,0.31441996,-0.14705227,0.19873172,0.28630567,-0.15251485
0.13599713,0.6273098,-0.21339601,0.13925812,0.63730156,-0.18106507,0.13487466,0.6233475,-0.1876763
0.20056403,0.4508331,-0.3121763,0.1897345,0.46394536,-0.27915794,0.19000372,0.44448438,-0.28167692
-0.06375999,0.0367911,0.13027976,-0.039040633,0.047419444,0.12280994,-0.04934565,0.0632464,0.15061663
-0.039040633,0.047419444,0.12280994,-0.037296355,0.07348925,0.14344588,-0.04934565,0.0632464,0.15061663
0.15793867,0.15021878,-0.21517265,0.16265234,0.17319348,-0.22046198,0.16679266,0.17397061,-0.18738559
0.17391725,0.5872749,-0.26152253,0.1747537,0.5670825,-0.26508006,0.19946262,0.58473897,-0.25180197
0.17944029,0.21271494,-0.17828336,0.1841425,0.23832065,-0.15508588,0.17926772,0.2168611,-0.15821637
0.11669821,0.39620557,0.014730919,0.10339799,0.398105,0.033882353,0.106636025,0.37887654,0.0378574
0.19065168,0.52490723,-0.28736815,0.18191992,0.5226052,-0.27269146,0.18142223,0.4887121,-0.26657134
0.15793867,0.15021878,-0.21517265,0.15535977,0.13140544,-0.19592029,0.14893907,0.11235377,-0.21453491
0.07062718,0.04688704,0.110118456,0.06445737,0.07167804,0.12879863,0.051608697,0.040980443,0.11892387
0.1699995,0.31438103,0.04934284,0.15725628,0.31122085,0.06910853,0.17067717,0.28508943,0.066328764
0.20056403,0.4508331,-0.3121763,0.19836876,0.4734423,-0.2998813,0.1897345,0.46394536,-0.27915794
0.030459024,0.107117236,0.1650176,0.013754457,0.088035494,0.15587229,0.032908045,0.09184779,0.15386783
-0.07652165,0.023607,-0.23317797,-0.054502606,0.022338599,-0.26173168,-0.026560001,0.018341482,-0.2476277
0.060651444,0.25120208,0.16298306,0.037211545,0.24392682,0.17607653,0.054406118,0.22047248,0.16973507
0.044458494,0.27281114,0.16964357,0.043552,0.2980533,0.16643217,0.02368743,0.28141996,0.18047082
0.22186276,0.22930005,-0.25574875,0.22182667,0.24883303,-0.22637936,0.20824239,0.2200894,-0.21995583
0.22105193,0.30781475,-0.19444615,0.21857306,0.3405124,-0.19701391,0.21171033,0.31946406,-0.17956844
0.21857306,0.3405124,-0.19701391,0.21333626,0.3330879,-0.17909175,0.21171033,0.31946406,-0.17956844
0.049361326,0.1794866,0.16450979,0.06639734,0.18541285,0.16097476,0.047766756,0.20120323,0.1711551
0.070721075,0.21346301,0.15907274,0.060651444,0.25120208,0.16298306,0.054406118,0.22047248,0.16973507
0.18670717,0.3698353,-0.14004591,0.2106978,0.3537285,-0.17913567,0.19478014,0.37531844,-0.16034171
0.22287187,0.35139462,-0.2789889,0.211256,0.38549086,-0.26172885,0.22099477,0.3625572,-0.24582255
0.21908471,0.22831663,-0.28268778,0.22871695,0.25068146,-0.26520464,0.22186276,0.22930005,-0.25574875
0.36727595,0.7156955,-0.25607646,0.3844229,0.7220787,-0.24691227,0.362123,0.7022244,-0.2608297
0.032908045,0.09184779,0.15386783,0.06583724,0.10674593,0.14644606,0.030459024,0.107117236,0.1650176
0.06583724,0.10674593,0.14644606,0.039909314,0.12014848,0.1624203,0.030459024,0.107117236,0.1650176
0.20472065,0.30040643,-0.05236253,0.21464078,0.29444796,-0.036772713,0.21582921,0.2769672,-0.05493898
0.059884883,0.16396266,0.1600252,0.06639734,0.18541285,0.16097476,0.049361326,0.1794866,0.16450979
0.06639734,0.18541285,0.16097476,0.054406118,0.22047248,0.16973507,0.047766756,0.20120323,0.1711551
0.14513835,0.3258256,0.06813254,0.12454148,0.30841073,0.10461683,0.14472656,0.299288,0.08649737
0.19556914,0.32491285,-0.13842827,0.19913577,0.34255424,-0.15483874,0.18583448,0.34592316,-0.12625559
0.19913577,0.34255424,-0.15483874,0.2106978,0.3537285,-0.17913567,0.18670717,0.3698353,-0.14004591
0.39551473,0.64901245,-0.1842216,0.39957204,0.6766813,-0.17828333,0.40339035,0.6520437,-0.1705439
0.15535977,0.13140544,-0.19592029,0.15876076,0.14920476,-0.18133713,0.14799705,0.12828419,-0.16804898
0.17372641,0.19722658,-0.16887164,0.17944029,0.21271494,-0.17828336,0.17926772,0.2168611,-0.15821637
0.06583724,0.10674593,0.14644606,0.05408546,0.13228735,0.16274509,0.039909314,0.12014848,0.1624203
0.06639734,0.18541285,0.16097476,0.070721075,0.21346301,0.15907274,0.054406118,0.22047248,0.16973507
0.070721075,0.21346301,0.15907274,0.080764845,0.24508935,0.14844981,0.060651444,0.25120208,0.16298306
0.21908471,0.22831663,-0.28268778,0.22186276,0.22930005,-0.25574875,0.21281174,0.21558166,-0.25347683
0.19836876,0.4734423,-0.2998813,0.1973292,0.49974158,-0.2959269,0.18142223,0.4887121,-0.26657134
0.13317075,0.5952766,-0.2438286,0.12010685,0.58354294,-0.21886586,0.12592302,0.5749328,-0.23886265
0.032908045,0.09184779,0.15386783,0.05601623,0.085838735,0.13501146,0.06583724,0.10674593,0.14644606
0.06583724,0.10674593,0.14644606,0.0764276,0.12204853,0.1500091,0.05408546,0.13228735,0.16274509
0.05408546,0.13228735,0.16274509,0.0764276,0.12204853,0.1500091,0.06623286,0.14246115,0.15814063
0.06623286,0.14246115,0.15814063,0.07826402,0.16032386,0.14840099,0.059884883,0.16396266,0.1600252
0.07826402,0.16032386,0.14840099,0.08279838,0.18503696,0.15122318,0.06639734,0.18541285,0.16097476
0.059884883,0.16396266,0.1600252,0.07826402,0.16032386,0.14840099,0.06639734,0.18541285,0.16097476
0.06639734,0.18541285,0.16097476,0.08279838,0.18503696,0.15122318,0.070721075,0.21346301,0.15907274
0.08279838,0.18503696,0.15122318,0.09165378,0.20069268,0.14525563,0.070721075,0.21346301,0.15907274
0.09165378,0.20069268,0.14525563,0.09775405,0.21878174,0.13691288,0.070721075,0.21346301,0.15907274
0.09775405,0.21878174,0.13691288,0.080764845,0.24508935,0.14844981,0.070721075,0.21346301,0.15907274
0.14799705,0.12828419,-0.16804898,0.16069046,0.1636197,-0.17118724,0.14994423,0.15818664,-0.15618144
-0.08960267,0.021720499,-0.23314473,-0.08968274,0.02334115,-0.27291626,-0.054502606,0.022338599,-0.26173168
0.16679266,0.17397061,-0.18738559,0.17372641,0.19722658,-0.16887164,0.16069046,0.1636197,-0.17118724
0.17407137,0.17786154,-0.2698721,0.17507502,0.18232974,-0.23722616,0.15939084,0.16422677,-0.26757565
0.20336974,0.38074067,-0.19071792,0.2124078,0.3716748,-0.21706957,0.20253019,0.40258005,-0.20688032
0.2117452,0.38742247,-0.23230116,0.20148137,0.4137095,-0.25017425,0.18998276,0.42838457,-0.21562079
0.05601623,0.085838735,0.13501146,0.082872495,0.105846345,0.12922277,0.06583724,0.10674593,0.14644606
0.06623286,0.14246115,0.15814063,0.094193384,0.1490992,0.13171983,0.07826402,0.16032386,0.14840099
0.060651444,0.25120208,0.16298306,0.080764845,0.24508935,0.14844981,0.09306654,0.2824019,0.13738559
0.15472211,0.62696266,-0.3349157,0.18274789,0.61846876,-0.33898583,0.1588871,0.6173506,-0.36150852
0.29229897,0.59235847,-0.26239425,0.3117426,0.59938717,-0.2580973,0.3157223,0.593066,-0.2433913
0.16626072,0.030583233,-0.18329683,0.16889991,0.029679358,-0.1988334,0.15853469,0.05350344,-0.18385446
0.18709713,0.21535975,-0.1920419,0.19561103,0.22852531,-0.18733777,0.17944029,0.21271494,-0.17828336
0.17171735,0.052151546,-0.28661448,0.16185445,0.037251487,-0.31253308,0.16044824,0.06170629,-0.28939617
0.2215724,0.32086518,-0.22988775,0.22261526,0.328452,-0.21411026,0.22417676,0.30463192,-0.21351361
0.06583724,0.10674593,0.14644606,0.08869893,0.12777835,0.1386519,0.0764276,0.12204853,0.1500091
0.0764276,0.12204853,0.1500091,0.08869893,0.12777835,0.1386519,0.06623286,0.14246115,0.15814063
0.08869893,0.12777835,0.1386519,0.094193384,0.1490992,0.13171983,0.06623286,0.14246115,0.15814063
0.14805251,0.106521696,-0.18570286,0.14799705,0.12828419,-0.16804898,0.14174554,0.09642555,-0.15686938
0.19202864,0.2599895,-0.15467405,0.19873172,0.28630567,-0.15251485,0.17979008,0.2576819,-0.12916788
0.06894651,0.3452045,0.11733932,0.05710186,0.35153916,0.13298613,0.057406932,0.33259442,0.13972656
0.21320985,0.29734015,-0.023372613,0.2074089,0.2991902,-0.0010362342,0.21645734,0.28293833,-0.009522714
0.15848465,0.06554811,-0.20441139,0.1483789,0.089182585,-0.22999966,0.15042034,0.091353446,-0.21161708
0.07826402,0.16032386,0.14840099,0.1009264,0.17297772,0.13178769,0.08279838,0.18503696,0.15122318
0.09775405,0.21878174,0.13691288,0.097544305,0.2329348,0.13575989,0.080764845,0.24508935,0.14844981
0.037211545,0.24392682,0.17607653,0.020732753,0.25984496,0.18226309,0.024132267,0.22863433,0.18371153
0.14900401,0.087454244,-0.18474461,0.14805251,0.106521696,-0.18570286,0.14174554,0.09642555,-0.15686938
0.14994423,0.15818664,-0.15618144,0.17372641,0.19722658,-0.16887164,0.16808558,0.19887003,-0.14818421
0.19202864,0.2599895,-0.15467405,0.17979008,0.2576819,-0.12916788,0.1841425,0.23832065,-0.15508588
0.16994534,0.1842533,-0.20382546,0.17944029,0.21271494,-0.17828336,0.16679266,0.17397061,-0.18738559
0.11458627,0.4067742,-0.43524206,0.08127842,0.4038678,-0.43597966,0.09229211,0.41795847,-0.45054436
0.17407137,0.17786154,-0.2698721,0.19398537,0.19769004,-0.226168,0.17507502,0.18232974,-0.23722616
0.06583724,0.10674593,0.14644606,0.082872495,0.105846345,0.12922277,0.08869893,0.12777835,0.1386519
0.17372641,0.19722658,-0.16887164,0.17926772,0.2168611,-0.15821637,0.16808558,0.19887003,-0.14818421
0.17926772,0.2168611,-0.15821637,0.1841425,0.23832065,-0.15508588,0.16808558,0.19887003,-0.14818421
0.1841425,0.23832065,-0.15508588,0.1971573,0.24543181,-0.1749254,0.19202864,0.2599895,-0.15467405
0.07062718,0.04688704,0.110118456,0.0791531,0.077895835,0.11777071,0.06445737,0.07167804,0.12879863
0.06445737,0.07167804,0.12879863,0.0791531,0.077895835,0.11777071,0.05601623,0.085838735,0.13501146
0.05601623,0.085838735,0.13501146,0.0791531,0.077895835,0.11777071,0.082872495,0.105846345,0.12922277
0.094193384,0.1490992,0.13171983,0.1009264,0.17297772,0.13178769,0.07826402,0.16032386,0.14840099
0.08279838,0.18503696,0.15122318,0.1009264,0.17297772,0.13178769,0.09165378,0.20069268,0.14525563
0.110094726,0.2672835,0.12371534,0.09306654,0.2824019,0.13738559,0.080764845,0.24508935,0.14844981
0.18465394,0.3188909,-0.05164084,0.19161174,0.2931296,-0.074869156,0.17737526,0.3158331,-0.07568756
0.11167015,0.2900539,0.12155992,0.10149331,0.30563238,0.12411838,0.09306654,0.2824019,0.13738559
-0.08200414,0.14639404,0.21692021,-0.09137635,0.140479,0.23388132,-0.072336316,0.12909004,0.21168345
0.06894651,0.3452045,0.11733932,0.07510008,0.3248895,0.12285143,0.077494286,0.34121874,0.10230821
0.22363816,0.26467967,-0.31842673,0.22559828,0.24991915,-0.29667982,0.20897569,0.25024414,-0.33869618
-0.03623424,0.027312398,-0.01988582,-0.05470547,0.030965388,-0.035298318,-0.050039966,0.0408639,-0.04574792
0.14213876,0.6610091,-0.16824028,0.13905725,0.6670377,-0.18618919,0.14087503,0.693601,-0.14800784
0.21281174,0.21558166,-0.25347683,0.20824239,0.2200894,-0.21995583,0.19398537,0.19769004,-0.226168
0.19065168,0.52490723,-0.28736815,0.19631772,0.52432156,-0.30510896,0.18843126,0.54646873,-0.28886685
0.0791531,0.077895835,0.11777071,0.088717304,0.093151495,0.11927621,0.082872495,0.105846345,0.12922277
0.082872495,0.105846345,0.12922277,0.10906363,0.12343806,0.11456837,0.08869893,0.12777835,0.1386519
0.10906363,0.12343806,0.11456837,0.094193384,0.1490992,0.13171983,0.08869893,0.12777835,0.1386519
0.11435519,0.22430286,0.122047216,0.097544305,0.2329348,0.13575989,0.09775405,0.21878174,0.13691288
0.20450634,0.48400494,-0.3184904,0.19836876,0.4734423,-0.2998813,0.20056403,0.4508331,-0.3121763
0.16841878,0.038101792,-0.20476228,0.16831185,0.048906043,-0.21814904,0.15848465,0.06554811,-0.20441139
0.1868048,0.3181534,-0.1100929,0.1988333,0.31441996,-0.14705227,0.19556914,0.32491285,-0.13842827
0.18587898,0.4102544,-0.36101264,0.19515334,0.4312065,-0.3634409,0.19320269,0.41983816,-0.33395967
0.051608697,0.040980443,0.11892387,0.070253365,0.02980949,0.102377094,0.07062718,0.04688704,0.110118456
0.11242771,0.18790719,0.12050665,0.11354118,0.19966972,0.12556055,0.1009264,0.17297772,0.13178769
0.1009264,0.17297772,0.13178769,0.11354118,0.19966972,0.12556055,0.09165378,0.20069268,0.14525563
0.11354118,0.19966972,0.12556055,0.09775405,0.21878174,0.13691288,0.09165378,0.20069268,0.14525563
0.097544305,0.2329348,0.13575989,0.119118825,0.249446,0.11952512,0.080764845,0.24508935,0.14844981
0.119118825,0.249446,0.11952512,0.110094726,0.2672835,0.12371534,0.080764845,0.24508935,0.14844981
0.110094726,0.2672835,0.12371534,0.11167015,0.2900539,0.12155992,0.09306654,0.2824019,0.13738559
0.14213876,0.6610091,-0.16824028,0.14187516,0.65351,-0.1451706,0.13925812,0.63730156,-0.18106507
0.17171735,0.052151546,-0.28661448,0.16044824,0.06170629,-0.28939617,0.16375554,0.06421131,-0.25255302
0.2106978,0.3537285,-0.17913567,0.21275443,0.3608341,-0.20245835,0.20336974,0.38074067,-0.19071792
0.07717112,0.045144737,-0.008897468,0.051163636,0.04324016,-0.0540646,0.10669944,0.04381284,-0.054401428
0.07062718,0.04688704,0.110118456,0.0875873,0.070807785,0.10339396,0.0791531,0.077895835,0.11777071
0.0791531,0.077895835,0.11777071,0.09424779,0.075265154,0.09292333,0.088717304,0.093151495,0.11927621
0.088717304,0.093151495,0.11927621,0.1013054,0.096292704,0.107540935,0.082872495,0.105846345,0.12922277
0.10906363,0.12343806,0.11456837,0.11097474,0.13793263,0.11329657,0.094193384,0.1490992,0.13171983
0.094193384,0.1490992,0.13171983,0.122089304,0.16049165,0.10384849,0.1009264,0.17297772,0.13178769
0.38680547,0.64172006,-0.16631411,0.38173303,0.62538373,-0.1858998,0.39529777,0.64286625,-0.16826142
0.15853469,0.05350344,-0.18385446,0.16793159,0.044461906,-0.17864405,0.16626072,0.030583233,-0.18329683
0.044458494,0.27281114,0.16964357,0.020732753,0.25984496,0.18226309,0.037211545,0.24392682,0.17607653
0.0791531,0.077895835,0.11777071,0.0875873,0.070807785,0.10339396,0.09424779,0.075265154,0.09292333
0.09424779,0.075265154,0.09292333,0.1013054,0.096292704,0.107540935,0.088717304,0.093151495,0.11927621
0.082872495,0.105846345,0.12922277,0.1013054,0.096292704,0.107540935,0.10906363,0.12343806,0.11456837
0.094193384,0.1490992,0.13171983,0.11097474,0.13793263,0.11329657,0.122089304,0.16049165,0.10384849
0.122089304,0.16049165,0.10384849,0.11737735,0.165907,0.11331149,0.1009264,0.17297772,0.13178769
0.1009264,0.17297772,0.13178769,0.11737735,0.165907,0.11331149,0.11242771,0.18790719,0.12050665
0.11435519,0.22430286,0.122047216,0.09775405,0.21878174,0.13691288,0.11354118,0.19966972,0.12556055
0.11435519,0.22430286,0.122047216,0.119118825,0.249446,0.11952512,0.097544305,0.2329348,0.13575989
0.17439765,0.38757262,-0.12505117,0.19478014,0.37531844,-0.16034171,0.18615949,0.39269128,-0.16167559
0.21333626,0.3330879,-0.17909175,0.21857306,0.3405124,-0.19701391,0.2106978,0.3537285,-0.17913567
0.21857306,0.3405124,-0.19701391,0.21275443,0.3608341,-0.20245835,0.2106978,0.3537285,-0.17913567
0.091983765,0.6031966,-0.16079283,0.071327455,0.6275132,-0.12901708,0.07923161,0.6101719,-0.15660116
0.07062718,0.04688704,0.110118456,0.095963396,0.05768159,0.07707973,0.0875873,0.070807785,0.10339396
0.11737735,0.165907,0.11331149,0.13146855,0.17708173,0.101060934,0.11242771,0.18790719,0.12050665
0.16069046,0.1636197,-0.17118724,0.17372641,0.19722658,-0.16887164,0.14994423,0.15818664,-0.15618144
0.15733552,0.34205478,-0.04267863,0.16811001,0.32929015,-0.05463218,0.16840851,0.34661195,-0.07288085
0.13158578,0.6736238,-0.20608553,0.13905725,0.6670377,-0.18618919,0.13222235,0.6335801,-0.23606251
0.09816544,0.0306461,0.070593044,0.09820126,0.04337214,0.073782206,0.07062718,0.04688704,0.110118456
0.09424779,0.075265154,0.09292333,0.0875873,0.070807785,0.10339396,0.095963396,0.05768159,0.07707973
0.1341475,0.1912398,0.09758482,0.11242771,0.18790719,0.12050665,0.13146855,0.17708173,0.101060934
0.1341475,0.1912398,0.09758482,0.13529956,0.20395935,0.10415521,0.11354118,0.19966972,0.12556055
0.11242771,0.18790719,0.12050665,0.1341475,0.1912398,0.09758482,0.11354118,0.19966972,0.12556055
0.13529956,0.20395935,0.10415521,0.12968555,0.22150782,0.11393799,0.11435519,0.22430286,0.122047216
0.11354118,0.19966972,0.12556055,0.13529956,0.20395935,0.10415521,0.11435519,0.22430286,0.122047216
0.11435519,0.22430286,0.122047216,0.12968555,0.22150782,0.11393799,0.119118825,0.249446,0.11952512
0.119118825,0.249446,0.11952512,0.13031709,0.27635,0.106330425,0.110094726,0.2672835,0.12371534
0.13031709,0.27635,0.106330425,0.11167015,0.2900539,0.12155992,0.110094726,0.2672835,0.12371534
0.1988333,0.31441996,-0.14705227,0.19913577,0.34255424,-0.15483874,0.19556914,0.32491285,-0.13842827
0.19873172,0.28630567,-0.15251485,0.1988333,0.31441996,-0.14705227,0.19285107,0.292317,-0.13787124
0.41454902,0.72724116,-0.14099349,0.41661543,0.7092694,-0.14594023,0.41740894,0.73328555,-0.15764944
-0.08435848,0.2277517,-0.30739254,-0.07288312,0.18826064,-0.2968746,-0.0866301,0.20788667,-0.29503906
0.21658376,0.0314596,-0.12800834,0.2131496,0.044430047,-0.119913965,0.21556276,0.035536855,-0.09851403
0.086378485,0.36959502,0.06774205,0.064763814,0.39598617,0.08807796,0.06097945,0.3737689,0.100573614
0.028974146,0.0749625,0.13778922,0.05601623,0.085838735,0.13501146,0.032908045,0.09184779,0.15386783
0.20576286,0.4882743,-0.35831857,0.20030828,0.48837194,-0.38306847,0.19449766,0.519665,-0.3692332
0.11167015,0.2900539,0.12155992,0.13236663,0.29072252,0.10354043,0.12454148,0.30841073,0.10461683
0.1013054,0.096292704,0.107540935,0.11684721,0.10488328,0.09180588,0.10906363,0.12343806,0.11456837
0.11097474,0.13793263,0.11329657,0.12604696,0.14191285,0.09336245,0.122089304,0.16049165,0.10384849
0.12968555,0.22150782,0.11393799,0.13367313,0.2471796,0.109512046,0.119118825,0.249446,0.11952512
0.13367313,0.2471796,0.109512046,0.13031709,0.27635,0.106330425,0.119118825,0.249446,0.11952512
0.11167015,0.2900539,0.12155992,0.13031709,0.27635,0.106330425,0.13236663,0.29072252,0.10354043
-0.08968274,0.02334115,-0.27291626,-0.072535075,0.0231359,-0.29872864,-0.054502606,0.022338599,-0.26173168
0.14213876,0.6610091,-0.16824028,0.14446157,0.6724528,-0.13616714,0.14187516,0.65351,-0.1451706
0.2215986,0.34647286,-0.25443953,0.22287187,0.35139462,-0.2789889,0.22099477,0.3625572,-0.24582255
0.17979008,0.2576819,-0.12916788,0.19285107,0.292317,-0.13787124,0.18487763,0.27616355,-0.12429204
0.07898878,0.35955808,0.07931562,0.086378485,0.36959502,0.06774205,0.06097945,0.3737689,0.100573614
0.10672531,0.67287576,-0.009391703,0.09153375,0.6583713,-0.033667617,0.1085181,0.6656172,-0.033548005
0.19631772,0.52432156,-0.30510896,0.20335983,0.50209534,-0.32811114,0.19630685,0.5380869,-0.3172431
0.22278474,0.34720224,-0.3114014,0.20776233,0.38930497,-0.3135652,0.2102704,0.3877423,-0.29124206
0.22871695,0.25068146,-0.26520464,0.2275388,0.25852302,-0.24298379,0.22182667,0.24883303,-0.22637936
0.22287187,0.35139462,-0.2789889,0.22278474,0.34720224,-0.3114014,0.2102704,0.3877423,-0.29124206
0.07062718,0.04688704,0.110118456,0.09820126,0.04337214,0.073782206,0.095963396,0.05768159,0.07707973
0.09424779,0.075265154,0.09292333,0.11684721,0.10488328,0.09180588,0.1013054,0.096292704,0.107540935
0.11684721,0.10488328,0.09180588,0.1212967,0.12505084,0.09901681,0.10906363,0.12343806,0.11456837
0.10906363,0.12343806,0.11456837,0.1212967,0.12505084,0.09901681,0.11097474,0.13793263,0.11329657
0.13529956,0.20395935,0.10415521,0.14364716,0.21881989,0.09896179,0.12968555,0.22150782,0.11393799
0.14364716,0.21881989,0.09896179,0.14272065,0.24013624,0.099217996,0.12968555,0.22150782,0.11393799
0.12968555,0.22150782,0.11393799,0.14272065,0.24013624,0.099217996,0.13367313,0.2471796,0.109512046
0.14946346,0.08131786,-0.16685021,0.15848465,0.06554811,-0.20441139,0.14900401,0.087454244,-0.18474461
0.15853469,0.05350344,-0.18385446,0.15848465,0.06554811,-0.20441139,0.14946346,0.08131786,-0.16685021
0.211256,0.38549086,-0.26172885,0.2102704,0.3877423,-0.29124206,0.20148137,0.4137095,-0.25017425
0.08632353,0.38737908,0.05770748,0.064763814,0.39598617,0.08807796,0.086378485,0.36959502,0.06774205
0.20253019,0.40258005,-0.20688032,0.1811139,0.42402586,-0.18318814,0.1949476,0.39954624,-0.1824699
0.20508465,0.47803256,-0.34091955,0.20576286,0.4882743,-0.35831857,0.20053391,0.50599265,-0.3505624
0.09424779,0.075265154,0.09292333,0.10992387,0.07903354,0.07961499,0.11684721,0.10488328,0.09180588
0.11737735,0.165907,0.11331149,0.122089304,0.16049165,0.10384849,0.13146855,0.17708173,0.101060934
0.14799705,0.12828419,-0.16804898,0.15876076,0.14920476,-0.18133713,0.16069046,0.1636197,-0.17118724
0.08178276,0.39721653,0.062278695,0.064763814,0.39598617,0.08807796,0.08632353,0.38737908,0.05770748
0.08178276,0.39721653,0.062278695,0.07070453,0.40983948,0.07713394,0.064763814,0.39598617,0.08807796
0.13599713,0.6273098,-0.21339601,0.13222235,0.6335801,-0.23606251,0.13905725,0.6670377,-0.18618919
0.28275388,0.58616686,-0.2434459,0.2560876,0.5802604,-0.2505726,0.25709495,0.58087194,-0.27228326
0.10992387,0.07903354,0.07961499,0.121387035,0.09063995,0.08170587,0.11684721,0.10488328,0.09180588
0.11684721,0.10488328,0.09180588,0.12604696,0.14191285,0.09336245,0.1212967,0.12505084,0.09901681
0.12604696,0.14191285,0.09336245,0.11097474,0.13793263,0.11329657,0.1212967,0.12505084,0.09901681
0.12604696,0.14191285,0.09336245,0.13777386,0.15228418,0.087565966,0.122089304,0.16049165,0.10384849
0.14272065,0.24013624,0.099217996,0.15157166,0.27346393,0.08634284,0.13367313,0.2471796,0.109512046
0.15157166,0.27346393,0.08634284,0.13031709,0.27635,0.106330425,0.13367313,0.2471796,0.109512046
0.19285107,0.292317,-0.13787124,0.1988333,0.31441996,-0.14705227,0.18904081,0.2933168,-0.11082519
0.038592067,0.3995615,0.112925686,0.03913611,0.38138548,0.11975421,0.064763814,0.39598617,0.08807796
0.19957215,0.4357066,-0.3250096,0.20056403,0.4508331,-0.3121763,0.19434486,0.4305819,-0.2989728
0.15535977,0.13140544,-0.19592029,0.16679266,0.17397061,-0.18738559,0.15876076,0.14920476,-0.18133713
0.13777386,0.15228418,0.087565966,0.13146855,0.17708173,0.101060934,0.122089304,0.16049165,0.10384849
0.1341475,0.1912398,0.09758482,0.15234816,0.20217228,0.08059845,0.13529956,0.20395935,0.10415521
0.13529956,0.20395935,0.10415521,0.15234816,0.20217228,0.08059845,0.14364716,0.21881989,0.09896179
0.14472656,0.299288,0.08649737,0.13236663,0.29072252,0.10354043,0.13031709,0.27635,0.106330425
0.15157166,0.27346393,0.08634284,0.14472656,0.299288,0.08649737,0.13031709,0.27635,0.106330425
0.1483789,0.089182585,-0.22999966,0.14096504,0.11383781,-0.2372191,0.14893907,0.11235377,-0.21453491
0.10368177,0.35599372,0.048201207,0.086378485,0.36959502,0.06774205,0.08561444,0.34955186,0.07799037
0.13317075,0.5952766,-0.2438286,0.13599713,0.6273098,-0.21339601,0.12846982,0.5998826,-0.21568273
0.16938715,0.01864554,-0.20313402,0.17719,0.019369707,-0.22892605,0.16889991,0.029679358,-0.1988334
0.39551473,0.64901245,-0.1842216,0.39308536,0.6367413,-0.18190417,0.38028467,0.6245382,-0.19869474
0.121387035,0.09063995,0.08170587,0.13281432,0.10191834,0.073763855,0.11684721,0.10488328,0.09180588
0.13281432,0.10191834,0.073763855,0.1350681,0.11433974,0.071012236,0.11684721,0.10488328,0.09180588
0.1350681,0.11433974,0.071012236,0.13526432,0.12751397,0.0797774,0.11684721,0.10488328,0.09180588
0.11684721,0.10488328,0.09180588,0.13526432,0.12751397,0.0797774,0.12604696,0.14191285,0.09336245
0.13526432,0.12751397,0.0797774,0.13777386,0.15228418,0.087565966,0.12604696,0.14191285,0.09336245
0.1988333,0.31441996,-0.14705227,0.21333626,0.3330879,-0.17909175,0.19913577,0.34255424,-0.15483874
0.08432923,0.41516778,0.052628167,0.07070453,0.40983948,0.07713394,0.08178276,0.39721653,0.062278695
0.07898878,0.35955808,0.07931562,0.06097945,0.3737689,0.100573614,0.06613916,0.3627694,0.10884007
0.22352672,0.2812917,-0.21054697,0.2215724,0.32086518,-0.22988775,0.22417676,0.30463192,-0.21351361
0.4101596,0.67789114,-0.16394825,0.40339035,0.6520437,-0.1705439,0.39957204,0.6766813,-0.17828333
0.095963396,0.05768159,0.07707973,0.11281716,0.0669747,0.05526754,0.09424779,0.075265154,0.09292333
0.09424779,0.075265154,0.09292333,0.11281716,0.0669747,0.05526754,0.10992387,0.07903354,0.07961499
0.14364716,0.21881989,0.09896179,0.16041258,0.24470705,0.07923273,0.14272065,0.24013624,0.099217996
0.14272065,0.24013624,0.099217996,0.16041258,0.24470705,0.07923273,0.15157166,0.27346393,0.08634284
0.12422482,0.076891154,0.056876406,0.10992387,0.07903354,0.07961499,0.11281716,0.0669747,0.05526754
0.10992387,0.07903354,0.07961499,0.12422482,0.076891154,0.056876406,0.121387035,0.09063995,0.08170587
0.13526432,0.12751397,0.0797774,0.1517724,0.1474621,0.069454186,0.13777386,0.15228418,0.087565966
0.1517724,0.1474621,0.069454186,0.15611435,0.17279816,0.07340075,0.13146855,0.17708173,0.101060934
0.13777386,0.15228418,0.087565966,0.1517724,0.1474621,0.069454186,0.13146855,0.17708173,0.101060934
0.15611435,0.17279816,0.07340075,0.1341475,0.1912398,0.09758482,0.13146855,0.17708173,0.101060934
0.19561103,0.22852531,-0.18733777,0.1971573,0.24543181,-0.1749254,0.17944029,0.21271494,-0.17828336
0.15042034,0.091353446,-0.21161708,0.14805251,0.106521696,-0.18570286,0.14900401,0.087454244,-0.18474461
0.09816544,0.0306461,0.070593044,0.12388242,0.04202284,0.036408912,0.09820126,0.04337214,0.073782206
0.12422482,0.076891154,0.056876406,0.13759792,0.089095995,0.05943792,0.121387035,0.09063995,0.08170587
0.121387035,0.09063995,0.08170587,0.13759792,0.089095995,0.05943792,0.13281432,0.10191834,0.073763855
0.1350681,0.11433974,0.071012236,0.1517724,0.1474621,0.069454186,0.13526432,0.12751397,0.0797774
0.15234816,0.20217228,0.08059845,0.16546236,0.21960661,0.07033026,0.14364716,0.21881989,0.09896179
0.16041258,0.24470705,0.07923273,0.16357781,0.26473686,0.079596944,0.15157166,0.27346393,0.08634284
0.13599713,0.6273098,-0.21339601,0.13905725,0.6670377,-0.18618919,0.14213876,0.6610091,-0.16824028
-0.024588779,0.063222885,0.12736128,-0.037296355,0.07348925,0.14344588,-0.039040633,0.047419444,0.12280994
0.106636025,0.37887654,0.0378574,0.086378485,0.36959502,0.06774205,0.10368177,0.35599372,0.048201207
0.22182667,0.24883303,-0.22637936,0.21984217,0.25963798,-0.20034477,0.21167447,0.24044594,-0.20188391
0.19631772,0.52432156,-0.30510896,0.19630685,0.5380869,-0.3172431,0.18843126,0.54646873,-0.28886685
0.10083934,0.023909941,0.058418896,0.12788293,0.032222703,0.025796372,0.09816544,0.0306461,0.070593044
0.09816544,0.0306461,0.070593044,0.12788293,0.032222703,0.025796376,0.12388242,0.04202284,0.036408912
0.16574591,0.18309602,0.058416627,0.1341475,0.1912398,0.09758482,0.15611435,0.17279816,0.07340075
0.1341475,0.1912398,0.09758482,0.16574591,0.18309602,0.058416627,0.15234816,0.20217228,0.08059845
0.14364716,0.21881989,0.09896179,0.16546236,0.21960661,0.07033026,0.16041258,0.24470705,0.07923273
0.17067717,0.28508943,0.066328764,0.14472656,0.299288,0.08649737,0.15157166,0.27346393,0.08634284
0.106636025,0.37887654,0.0378574,0.08632353,0.38737908,0.05770748,0.086378485,0.36959502,0.06774205
0.15262091,0.51993704,-0.24171749,0.13518807,0.49649158,-0.22376719,0.15440054,0.49254695,-0.23885855
0.13769774,0.5655931,-0.24973533,0.12592302,0.5749328,-0.23886265,0.13847077,0.5569606,-0.24500161
0.12388242,0.04202284,0.036408912,0.13362688,0.05744961,0.022528362,0.09820126,0.04337214,0.073782206
0.13362688,0.05744961,0.022528362,0.095963396,0.05768159,0.07707973,0.09820126,0.04337214,0.073782206
0.13759792,0.089095995,0.05943792,0.14878963,0.10934499,0.054170236,0.13281432,0.10191834,0.073763855
0.1350681,0.11433974,0.071012236,0.14878963,0.10934499,0.054170236,0.1517724,0.1474621,0.069454186
0.16041258,0.24470705,0.07923273,0.17735834,0.26397255,0.06422708,0.16357781,0.26473686,0.079596944
0.17067717,0.28508943,0.066328764,0.15157166,0.27346393,0.08634284,0.16357781,0.26473686,0.079596944
0.22186276,0.22930005,-0.25574875,0.22871695,0.25068146,-0.26520464,0.22182667,0.24883303,-0.22637936
0.13487466,0.6233475,-0.1876763,0.13925812,0.63730156,-0.18106507,0.13502985,0.63594425,-0.15134497
0.22148828,0.24623811,-0.050796986,0.21582921,0.2769672,-0.05493898,0.2229459,0.27256402,-0.039065443
0.10083934,0.023909941,0.058418896,0.121479586,0.023953095,0.027941827,0.12788293,0.032222703,0.025796372
0.095963396,0.05768159,0.07707973,0.13362688,0.05744961,0.022528362,0.11281716,0.0669747,0.05526754
0.13281432,0.10191834,0.073763855,0.14878963,0.10934499,0.054170236,0.1350681,0.11433974,0.071012236
0.14878963,0.10934499,0.054170236,0.15851815,0.12844479,0.05018459,0.1517724,0.1474621,0.069454186
0.16546236,0.21960661,0.07033026,0.17949235,0.2413229,0.060077503,0.16041258,0.24470705,0.07923273
0.17949235,0.2413229,0.060077503,0.17735834,0.26397255,0.06422708,0.16041258,0.24470705,0.07923273
0.17735834,0.26397255,0.06422708,0.17067717,0.28508943,0.066328764,0.16357781,0.26473686,0.079596944
0.2040665,0.47305468,-0.37664986,0.20030828,0.48837194,-0.38306847,0.20576286,0.4882743,-0.35831857
0.19202864,0.2599895,-0.15467405,0.20897509,0.26154715,-0.17852776,0.19873172,0.28630567,-0.15251485
0.22261526,0.328452,-0.21411026,0.2215724,0.32086518,-0.22988775,0.21820211,0.34516105,-0.22085033
0.15234816,0.20217228,0.08059845,0.17389636,0.19757816,0.054019347,0.16546236,0.21960661,0.07033026
0.17092045,0.36306325,-0.091593795,0.1666798,0.378916,-0.102155626,0.16453815,0.37203512,-0.07351906
0.16453815,0.37203512,-0.07351906,0.1666798,0.378916,-0.102155626,0.15617871,0.38737264,-0.07415043
0.13599713,0.6273098,-0.21339601,0.14213876,0.6610091,-0.16824028,0.13925812,0.63730156,-0.18106507
0.2040665,0.47305468,-0.37664986,0.20576286,0.4882743,-0.35831857,0.2041974,0.46131906,-0.36579055
0.1973292,0.49974158,-0.2959269,0.19631772,0.52432156,-0.30510896,0.19065168,0.52490723,-0.28736815
0.13362688,0.05744961,0.022528362,0.13501246,0.0671953,0.022317003,0.11281716,0.0669747,0.05526754
0.11281716,0.0669747,0.05526754,0.13501246,0.0671953,0.022317003,0.12422482,0.076891154,0.056876406
0.13759792,0.089095995,0.05943792,0.15327375,0.08528425,0.02763369,0.14878963,0.10934499,0.054170236
0.15851815,0.12844479,0.05018459,0.16883521,0.15128395,0.050306562,0.1517724,0.1474621,0.069454186
0.1517724,0.1474621,0.069454186,0.16883521,0.15128395,0.050306562,0.15611435,0.17279816,0.07340075
0.16574591,0.18309602,0.058416627,0.17389636,0.19757816,0.054019347,0.15234816,0.20217228,0.08059845
0.16546236,0.21960661,0.07033026,0.18293163,0.2239981,0.05039101,0.17949235,0.2413229,0.060077503
-0.0028716587,0.026469693,0.10256876,0.027086131,0.026296988,0.10982768,0.011917163,0.041170046,0.115794465
0.18153045,0.2953504,0.04569196,0.1699995,0.31438103,0.04934284,0.17067717,0.28508943,0.066328764
0.19624688,0.44836065,-0.3895641,0.2040665,0.47305468,-0.37664986,0.2041974,0.46131906,-0.36579055
0.09483674,0.04145144,-0.014622431,0.10669944,0.04381284,-0.054401428,0.121977374,0.040322244,-0.051204566
0.16679266,0.17397061,-0.18738559,0.17944029,0.21271494,-0.17828336,0.17372641,0.19722658,-0.16887164
0.13501246,0.0671953,0.022317003,0.14561558,0.075743586,0.02683824,0.12422482,0.076891154,0.056876406
0.14561558,0.075743586,0.02683824,0.15327375,0.08528425,0.02763369,0.13759792,0.089095995,0.05943792
0.12422482,0.076891154,0.056876406,0.14561558,0.075743586,0.02683824,0.13759792,0.089095995,0.05943792
0.15327375,0.08528425,0.02763369,0.15721424,0.09922899,0.033048,0.14878963,0.10934499,0.054170236
0.16883521,0.15128395,0.050306562,0.17935333,0.17000866,0.04220541,0.15611435,0.17279816,0.07340075
0.17935333,0.17000866,0.04220541,0.16574591,0.18309602,0.058416627,0.15611435,0.17279816,0.07340075
0.03913611,0.38138548,0.11975421,0.06097945,0.3737689,0.100573614,0.064763814,0.39598617,0.08807796
0.16889991,0.029679358,-0.1988334,0.16841878,0.038101792,-0.20476228,0.15853469,0.05350344,-0.18385446
0.18670717,0.3698353,-0.14004591,0.19478014,0.37531844,-0.16034171,0.17439765,0.38757262,-0.12505117
0.14878963,0.10934499,0.054170236,0.1715472,0.1269961,0.033269674,0.15851815,0.12844479,0.05018459
0.17389636,0.19757816,0.054019347,0.18293163,0.2239981,0.05039101,0.16546236,0.21960661,0.07033026
0.19132543,0.27711865,0.04356071,0.17067717,0.28508943,0.066328764,0.17735834,0.26397255,0.06422708
0.19132543,0.27711865,0.04356071,0.18153045,0.2953504,0.04569196,0.17067717,0.28508943,0.066328764
0.19630685,0.5380869,-0.3172431,0.19585173,0.5622302,-0.3259415,0.19556351,0.55646,-0.29579452
0.4101596,0.67789114,-0.16394825,0.41740894,0.73328555,-0.15764944,0.41661543,0.7092694,-0.14594023
0.15721424,0.09922899,0.033048,0.17306834,0.118014544,0.027437929,0.14878963,0.10934499,0.054170236
0.14878963,0.10934499,0.054170236,0.17306834,0.118014544,0.027437929,0.1715472,0.1269961,0.033269674
0.15851815,0.12844479,0.05018459,0.17454813,0.14755064,0.03602107,0.16883521,0.15128395,0.050306562
0.18293163,0.2239981,0.05039101,0.18870091,0.24669364,0.046483237,0.17949235,0.2413229,0.060077503
0.18870091,0.24669364,0.046483237,0.17735834,0.26397255,0.06422708,0.17949235,0.2413229,0.060077503
0.15793867,0.15021878,-0.21517265,0.16679266,0.17397061,-0.18738559,0.15535977,0.13140544,-0.19592029
0.11642664,0.3762236,0.02259556,0.12795836,0.38172045,-0.0057878643,0.11669821,0.39620557,0.014730919
0.20825128,0.22404179,-0.31112522,0.19770345,0.21999565,-0.33502188,0.20897569,0.25024414,-0.33869618
0.13599713,0.6273098,-0.21339601,0.13487466,0.6233475,-0.1876763,0.12846982,0.5998826,-0.21568273
0.20253019,0.40258005,-0.20688032,0.2117452,0.38742247,-0.23230116,0.18998276,0.42838457,-0.21562079
0.16185445,0.037251487,-0.31253308,0.17555149,0.03738849,-0.29495987,0.17740282,0.025588587,-0.29585278
0.18998276,0.42838457,-0.21562079,0.20148137,0.4137095,-0.25017425,0.18620412,0.43778226,-0.24481012
0.17454813,0.14755064,0.03602107,0.17935333,0.17000866,0.04220541,0.16883521,0.15128395,0.050306562
0.17935333,0.17000866,0.04220541,0.18684106,0.18999588,0.03470416,0.17389636,0.19757816,0.054019347
0.16574591,0.18309602,0.058416627,0.17935333,0.17000866,0.04220541,0.17389636,0.19757816,0.054019347
0.18684106,0.18999588,0.03470416,0.19075383,0.21335739,0.039666608,0.18293163,0.2239981,0.05039101
0.17389636,0.19757816,0.054019347,0.18684106,0.18999588,0.03470416,0.18293163,0.2239981,0.05039101
0.17291822,0.023975596,-0.03301736,0.14980191,0.025354639,-0.007951606,0.14752865,0.018058196,-0.019557074
0.17555149,0.03738849,-0.29495987,0.17955798,0.03234774,-0.27782875,0.17740282,0.025588587,-0.29585278
0.22099477,0.3625572,-0.24582255,0.2124078,0.3716748,-0.21706957,0.21820211,0.34516105,-0.22085033
0.12788293,0.032222703,0.025796374,0.14772362,0.038497955,-2.3517013E-4,0.12388242,0.04202284,0.036408912
0.12388242,0.04202284,0.036408912,0.14772362,0.038497955,-2.3517013E-4,0.13362688,0.05744961,0.022528362
0.15851815,0.12844479,0.05018459,0.1715472,0.1269961,0.033269674,0.17454813,0.14755064,0.03602107
0.19075383,0.21335739,0.039666608,0.20505677,0.23820373,0.020383447,0.18293163,0.2239981,0.05039101
0.18293163,0.2239981,0.05039101,0.20505677,0.23820373,0.020383447,0.18870091,0.24669364,0.046483237
0.18870091,0.24669364,0.046483237,0.19714902,0.26356658,0.03614916,0.17735834,0.26397255,0.06422708
0.17735834,0.26397255,0.06422708,0.19714902,0.26356658,0.03614916,0.19132543,0.27711865,0.04356071
0.18049535,0.1881949,-0.28413868,0.19927025,0.20093676,-0.26075664,0.17407137,0.17786154,-0.2698721
0.21214919,0.2721103,-0.18223761,0.20726636,0.3036588,-0.17008275,0.19873172,0.28630567,-0.15251485
0.16265234,0.17319348,-0.22046198,0.16994534,0.1842533,-0.20382546,0.16679266,0.17397061,-0.18738559
0.14472656,0.299288,0.08649737,0.17067717,0.28508943,0.066328764,0.15725628,0.31122085,0.06910853
0.15721424,0.09922899,0.033048,0.17494133,0.10932529,0.010758139,0.17306834,0.118014544,0.027437929
0.17454813,0.14755064,0.03602107,0.18524702,0.14698195,0.023952212,0.17935333,0.17000866,0.04220541
0.20505677,0.23820373,0.020383447,0.19714902,0.26356658,0.03614916,0.18870091,0.24669364,0.046483237
0.2124078,0.3716748,-0.21706957,0.22099477,0.3625572,-0.24582255,0.2117452,0.38742247,-0.23230116
0.1526298,0.76985943,0.0025593415,0.1454541,0.77988005,-0.013515938,0.14491814,0.7745575,-0.0040363707
0.18356389,0.034001336,-0.16785625,0.17617023,0.020681486,-0.17944449,0.16626072,0.030583233,-0.18329683
0.18356389,0.034001336,-0.16785625,0.19750357,0.0236824,-0.15566978,0.17617023,0.020681486,-0.17944449
0.1762156,0.032678902,-0.245633,0.17719,0.019369707,-0.22892605,0.17899767,0.01950109,-0.2531169
0.40853602,0.70010567,-0.13621177,0.40608013,0.6698766,-0.1473929,0.41144335,0.67885184,-0.15022291
0.12797485,0.3496061,0.016395204,0.120006256,0.36111048,0.023012767,0.10368177,0.35599372,0.048201207
0.1715472,0.1269961,0.033269674,0.18524702,0.14698195,0.023952212,0.17454813,0.14755064,0.03602107
0.18684106,0.18999588,0.03470416,0.19914396,0.19646409,0.025784668,0.19075383,0.21335739,0.039666608
-0.031519618,0.039325,-0.16008277,-0.010652326,0.038712993,-0.15400004,0.026780866,0.040314496,-0.14200804
0.22352672,0.2812917,-0.21054697,0.2258927,0.28197268,-0.23679335,0.2215724,0.32086518,-0.22988775
0.05601623,0.085838735,0.13501146,0.045832485,0.06831199,0.1368242,0.06445737,0.07167804,0.12879863
0.21214919,0.2721103,-0.18223761,0.19873172,0.28630567,-0.15251485,0.20897509,0.26154715,-0.17852776
0.20369665,0.567956,-0.26597685,0.23200198,0.5780815,-0.25115392,0.19377428,0.5714438,-0.25945494
0.1139898,0.029390901,-0.026657682,0.09483674,0.04145144,-0.014622431,0.121977374,0.040322244,-0.051204566
0.21658376,0.0314596,-0.12800834,0.21699408,0.020945504,-0.12874834,0.20746675,0.030657291,-0.14331023
0.15516539,0.732465,0.016769934,0.14565434,0.7110317,0.008950338,0.14893222,0.7228272,-0.007323455
0.14893222,0.7228272,-0.007323455,0.15639776,0.7457353,0.001814384,0.15516539,0.732465,0.016769934
0.17979008,0.2576819,-0.12916788,0.19873172,0.28630567,-0.15251485,0.19285107,0.292317,-0.13787124
0.14772362,0.038497955,-2.3517013E-4,0.16086335,0.048769042,-0.013356168,0.13362688,0.05744961,0.022528362
0.13362688,0.05744961,0.022528362,0.16256122,0.0661871,-0.015629638,0.13501246,0.0671953,0.022317003
0.1598955,0.07521929,-0.007938616,0.14561558,0.075743586,0.02683824,0.13501246,0.0671953,0.022317003
0.16256122,0.0661871,-0.015629638,0.1598955,0.07521929,-0.007938616,0.13501246,0.0671953,0.022317003
0.1598955,0.07521929,-0.007938616,0.15327375,0.08528425,0.02763369,0.14561558,0.075743586,0.02683824
0.15327375,0.08528425,0.02763369,0.17494133,0.10932529,0.010758139,0.15721424,0.09922899,0.033048
0.17306834,0.118014544,0.027437929,0.18524702,0.14698195,0.023952212,0.1715472,0.1269961,0.033269674
0.18524702,0.14698195,0.023952212,0.19720103,0.16568008,0.017926283,0.17935333,0.17000866,0.04220541
0.19714902,0.26356658,0.03614916,0.20448844,0.28644422,0.019580185,0.19132543,0.27711865,0.04356071
-0.046621602,0.36864218,0.18186812,-0.07071521,0.3744355,0.17683491,-0.081089474,0.36157987,0.18416175
0.16375554,0.06421131,-0.25255302,0.17283733,0.050730437,-0.26222453,0.17171735,0.052151546,-0.28661448
-0.092718475,0.04156144,-0.33150956,-0.08200054,0.029586539,-0.35389787,-0.094343424,0.030482695,-0.32457632
0.06613916,0.3627694,0.10884007,0.06894651,0.3452045,0.11733932,0.07529047,0.354385,0.09649782
0.22287187,0.35139462,-0.2789889,0.2102704,0.3877423,-0.29124206,0.211256,0.38549086,-0.26172885
0.1486215,0.38290176,-0.04738533,0.16453815,0.37203512,-0.07351906,0.15617871,0.38737264,-0.07415043
-0.010652326,0.038712993,-0.15400004,-0.075366065,0.040959492,-0.21106684,-0.012893826,0.026983485,-0.1678808
0.15262091,0.51993704,-0.24171749,0.14404343,0.53872025,-0.24200755,0.13969408,0.52024615,-0.23417097
0.13362688,0.05744961,0.022528362,0.16086335,0.048769042,-0.013356168,0.16256122,0.0661871,-0.015629638
0.19720103,0.16568008,0.017926283,0.19914396,0.19646409,0.025784668,0.18684106,0.18999588,0.03470416
0.17935333,0.17000866,0.04220541,0.19720103,0.16568008,0.017926283,0.18684106,0.18999588,0.03470416
0.19914396,0.19646409,0.025784668,0.20961136,0.22144398,0.015466742,0.19075383,0.21335739,0.039666608
0.19075383,0.21335739,0.039666608,0.20961136,0.22144398,0.015466742,0.20505677,0.23820373,0.020383447
0.20505677,0.23820373,0.020383447,0.21068747,0.25582775,0.016903587,0.19714902,0.26356658,0.03614916
0.3772328,0.6469284,-0.20120272,0.38028467,0.6245382,-0.19869474,0.36382374,0.62384427,-0.21506411
0.2275388,0.25852302,-0.24298379,0.2258927,0.28197268,-0.23679335,0.22182667,0.24883303,-0.22637936
0.14379492,0.6993197,-0.11450624,0.14087503,0.693601,-0.14800784,0.13601786,0.72213984,-0.122829735
0.15793875,0.16646433,-0.29559824,0.17407137,0.17786154,-0.2698721,0.15939084,0.16422677,-0.26757565
0.17785475,0.019200504,-0.2860186,0.17853627,0.018884659,-0.26687136,0.16689157,0.01781249,-0.2757893
0.17853627,0.018884659,-0.26687136,0.17785475,0.019200504,-0.2860186,0.17955798,0.03234774,-0.27782875
-0.075366065,0.040959492,-0.21106684,-0.07652165,0.023607,-0.23317797,-0.012893826,0.026983485,-0.1678808
0.14565434,0.7110317,0.008950338,0.12901127,0.6893585,-0.013054755,0.14893222,0.7228272,-0.007323455
0.15516539,0.732465,0.016769934,0.15639776,0.7457353,0.001814384,0.15717266,0.75625515,0.010699179
0.23340517,0.2718744,-0.29658294,0.22363816,0.26467967,-0.31842673,0.22651029,0.2892242,-0.3214324
-0.11756273,0.029623196,-0.26529157,-0.103149444,0.037757844,-0.27258748,-0.101797774,0.027200893,-0.27106246
0.1714452,0.0910525,-0.010180883,0.15327375,0.08528425,0.02763369,0.1598955,0.07521929,-0.007938616
0.1714452,0.0910525,-0.010180883,0.17494133,0.10932529,0.010758139,0.15327375,0.08528425,0.02763369
0.17306834,0.118014544,0.027437929,0.17494133,0.10932529,0.010758139,0.18524702,0.14698195,0.023952212
0.17494133,0.10932529,0.010758139,0.1982683,0.15637615,0.0053461045,0.18524702,0.14698195,0.023952212
0.18524702,0.14698195,0.023952212,0.1982683,0.15637615,0.0053461045,0.19720103,0.16568008,0.017926283
0.21068747,0.25582775,0.016903587,0.20448844,0.28644422,0.019580185,0.19714902,0.26356658,0.03614916
0.2258927,0.28197268,-0.23679335,0.22352672,0.2812917,-0.21054697,0.22182667,0.24883303,-0.22637936
0.22872925,0.315196,-0.27239403,0.22716957,0.33881357,-0.29217586,0.22287187,0.35139462,-0.2789889
0.14140439,0.35364786,-0.017395388,0.13633484,0.38346282,-0.02648658,0.12795836,0.38172045,-0.0057878643
0.15717266,0.75625515,0.010699179,0.15639776,0.7457353,0.001814384,0.15252686,0.7649424,-0.013775758
0.23061696,0.3194167,-0.29551435,0.22716957,0.33881357,-0.29217586,0.22872925,0.315196,-0.27239403
0.16248393,0.02172865,-0.31544235,0.15542541,0.03127964,-0.3274375,0.16185445,0.037251487,-0.31253308
-0.19875732,0.055164903,0.11785011,-0.22279468,0.07469764,0.10983887,-0.19907695,0.05486968,0.096239075
0.044458494,0.27281114,0.16964357,0.060651444,0.25120208,0.16298306,0.060618352,0.28303024,0.15719481
0.39551473,0.64901245,-0.1842216,0.40339035,0.6520437,-0.1705439,0.39308536,0.6367413,-0.18190417
0.19720103,0.16568008,0.017926283,0.21211651,0.20306885,0.005775705,0.19914396,0.19646409,0.025784668
0.19914396,0.19646409,0.025784668,0.21211651,0.20306885,0.005775705,0.20961136,0.22144398,0.015466742
0.21275443,0.3608341,-0.20245835,0.2124078,0.3716748,-0.21706957,0.20336974,0.38074067,-0.19071792
0.14893907,0.11235377,-0.21453491,0.15535977,0.13140544,-0.19592029,0.14805251,0.106521696,-0.18570286
0.2106978,0.3537285,-0.17913567,0.20336974,0.38074067,-0.19071792,0.19478014,0.37531844,-0.16034171
0.4091925,0.7256504,-0.17826806,0.41740894,0.73328555,-0.15764944,0.4101596,0.67789114,-0.16394825
-0.04136291,0.030151993,0.032005347,-0.031129468,0.021001041,0.006589072,-0.02906363,0.021163091,0.038836896
0.14949661,0.7421528,-0.028012298,0.15639776,0.7457353,0.001814384,0.14893222,0.7228272,-0.007323455
0.14772362,0.038497955,-2.3517013E-4,0.14980191,0.025354639,-0.007951606,0.16086335,0.048769042,-0.013356168
0.1714452,0.0910525,-0.010180883,0.19486439,0.14112386,-0.010287687,0.17494133,0.10932529,0.010758139
0.19486439,0.14112386,-0.010287687,0.1982683,0.15637615,0.0053461045,0.17494133,0.10932529,0.010758139
0.19720103,0.16568008,0.017926283,0.20807023,0.18130413,0.0050715953,0.21211651,0.20306885,0.005775705
0.21582873,0.26671934,0.00469438,0.20448844,0.28644422,0.019580185,0.21068747,0.25582775,0.016903587
0.20482512,0.21161446,-0.28665116,0.19927025,0.20093676,-0.26075664,0.18049535,0.1881949,-0.28413868
0.16185445,0.037251487,-0.31253308,0.15542541,0.03127964,-0.3274375,0.15607725,0.04304284,-0.32002205
0.23253974,0.27828228,-0.2720483,0.2258927,0.28197268,-0.23679335,0.2275388,0.25852302,-0.24298379
0.09114596,0.61810994,-0.12969907,0.10478927,0.62302315,-0.123372816,0.08945738,0.6343845,-0.0908778
0.14564991,0.72459257,-0.045360815,0.14949661,0.7421528,-0.028012298,0.14893222,0.7228272,-0.007323455
0.14949661,0.7421528,-0.028012298,0.15252686,0.7649424,-0.013775758,0.15639776,0.7457353,0.001814384
0.1454541,0.77988005,-0.013515938,0.1526298,0.76985943,0.0025593415,0.15252686,0.7649424,-0.013775758
0.1982683,0.15637615,0.0053461045,0.20807023,0.18130413,0.0050715953,0.19720103,0.16568008,0.017926283
0.21582873,0.26671934,0.00469438,0.21645734,0.28293833,-0.009522714,0.20448844,0.28644422,0.019580185
0.21645734,0.28293833,-0.009522714,0.2074089,0.2991902,-0.0010362342,0.20448844,0.28644422,0.019580185
0.19927025,0.20093676,-0.26075664,0.21281174,0.21558166,-0.25347683,0.19398537,0.19769004,-0.226168
0.2041974,0.46131906,-0.36579055,0.20508465,0.47803256,-0.34091955,0.202886,0.45277092,-0.34147736
0.1909299,0.5029466,-0.391116,0.19449766,0.519665,-0.3692332,0.20030828,0.48837194,-0.38306847
0.19927025,0.20093676,-0.26075664,0.19398537,0.19769004,-0.226168,0.17407137,0.17786154,-0.2698721
0.035606936,0.02298379,-0.3333396,0.035560593,0.025432244,-0.34179944,0.04883662,0.038950235,-0.3173904
0.18409052,0.11806008,-0.03101784,0.19486439,0.14112386,-0.010287687,0.1714452,0.0910525,-0.010180883
0.21211651,0.20306885,0.005775705,0.21983954,0.23547593,-0.0029333457,0.20961136,0.22144398,0.015466742
0.20505677,0.23820373,0.020383447,0.21582873,0.26671934,0.00469438,0.21068747,0.25582775,0.016903587
0.22186276,0.22930005,-0.25574875,0.20824239,0.2200894,-0.21995583,0.21281174,0.21558166,-0.25347683
0.23253974,0.27828228,-0.2720483,0.22781806,0.3008609,-0.24413618,0.2258927,0.28197268,-0.23679335
0.21333626,0.3330879,-0.17909175,0.2106978,0.3537285,-0.17913567,0.19913577,0.34255424,-0.15483874
0.14994423,0.15818664,-0.15618144,0.16808558,0.19887003,-0.14818421,0.14721778,0.17081153,-0.13941127
0.11300644,0.019145042,0.026724996,0.12000767,0.019477144,-0.004497368,0.14752865,0.018058196,-0.019557072
0.23253974,0.27828228,-0.2720483,0.22815344,0.30572304,-0.2607577,0.22781806,0.3008609,-0.24413618
0.17243962,0.083285436,-0.03214614,0.1598955,0.07521929,-0.007938616,0.16256122,0.0661871,-0.015629638
0.17243962,0.083285436,-0.03214614,0.1714452,0.0910525,-0.010180883,0.1598955,0.07521929,-0.007938616
0.1982683,0.15637615,0.0053461045,0.21240368,0.18572393,-0.016089834,0.20807023,0.18130413,0.0050715953
0.21240368,0.18572393,-0.016089834,0.21211651,0.20306885,0.005775705,0.20807023,0.18130413,0.0050715953
0.20961136,0.22144398,0.015466742,0.21983954,0.23547593,-0.0029333457,0.20505677,0.23820373,0.020383447
0.20505677,0.23820373,0.020383447,0.21983954,0.23547593,-0.0029333457,0.21582873,0.26671934,0.00469438
0.18750848,0.05710505,-0.04822378,0.20865768,0.055125296,-0.085338734,0.18528014,0.0733701,-0.05488187
0.10122557,0.027274042,-0.3363421,0.13109227,0.026996344,-0.34000093,0.112322256,0.022393897,-0.33344492
-0.027404733,0.08725123,0.1496197,-0.04203796,0.105103225,0.16464493,-0.037296355,0.07348925,0.14344588
-0.027404733,0.08725123,0.1496197,-0.02383954,0.118537605,0.17038098,-0.04203796,0.105103225,0.16464493
0.042252824,0.25501624,-0.43308306,0.046256468,0.23169658,-0.41866687,0.020400897,0.2375553,-0.41729712
0.13668768,0.6912364,-0.06267703,0.13732955,0.7020552,-0.039721176,0.12311352,0.67547476,-0.049139645
0.14564991,0.72459257,-0.045360815,0.14893222,0.7228272,-0.007323455,0.13732955,0.7020552,-0.039721176
0.16086335,0.048769042,-0.013356168,0.18750848,0.05710505,-0.04822378,0.16256122,0.0661871,-0.015629638
0.17243962,0.083285436,-0.03214614,0.18409052,0.11806008,-0.03101784,0.1714452,0.0910525,-0.010180883
0.21240368,0.18572393,-0.016089834,0.1982683,0.15637615,0.0053461045,0.19486439,0.14112386,-0.010287687
0.13970926,0.13491926,-0.24135412,0.15151271,0.15960774,-0.23808879,0.15509722,0.14979672,-0.2246512
0.21167447,0.24044594,-0.20188391,0.20897509,0.26154715,-0.17852776,0.1971573,0.24543181,-0.1749254
0.39308536,0.6367413,-0.18190417,0.40339035,0.6520437,-0.1705439,0.39529777,0.64286625,-0.16826142
0.17555149,0.03738849,-0.29495987,0.16185445,0.037251487,-0.31253308,0.17171735,0.052151546,-0.28661448
0.02999498,0.036447495,-0.349461,0.02877704,0.048070848,-0.33841395,0.036054946,0.04310909,-0.32266405
0.1451244,0.7488831,-0.04704166,0.14949661,0.7421528,-0.028012298,0.14564991,0.72459257,-0.045360815
0.21699408,0.020945504,-0.12874834,0.21658376,0.0314596,-0.12800834,0.21556276,0.035536855,-0.09851403
0.16086335,0.048769042,-0.013356168,0.1862186,0.037205294,-0.04623173,0.18750848,0.05710505,-0.04822378
0.18528014,0.0733701,-0.05488187,0.16256122,0.0661871,-0.015629638,0.18750848,0.05710505,-0.04822378
0.18528014,0.0733701,-0.05488187,0.17243962,0.083285436,-0.03214614,0.16256122,0.0661871,-0.015629638
0.21240368,0.18572393,-0.016089834,0.22179316,0.21389231,-0.01767376,0.21211651,0.20306885,0.005775705
0.22356379,0.23284248,-0.017704211,0.21983954,0.23547593,-0.0029333457,0.21211651,0.20306885,0.005775705
0.22179316,0.21389231,-0.01767376,0.22356379,0.23284248,-0.017704211,0.21211651,0.20306885,0.005775705
0.22356379,0.23284248,-0.017704211,0.2232658,0.25843492,-0.017749488,0.21983954,0.23547593,-0.0029333457
0.2232658,0.25843492,-0.017749488,0.21582873,0.26671934,0.00469438,0.21983954,0.23547593,-0.0029333457
0.21582873,0.26671934,0.00469438,0.2232658,0.25843492,-0.017749488,0.21645734,0.28293833,-0.009522714
0.22781806,0.3008609,-0.24413618,0.22815344,0.30572304,-0.2607577,0.22461277,0.3275494,-0.24600872
0.20482512,0.21161446,-0.28665116,0.21908471,0.22831663,-0.28268778,0.21281174,0.21558166,-0.25347683
0.035560593,0.025432244,-0.34179944,0.02999498,0.036447495,-0.349461,0.036054946,0.04310909,-0.32266405
0.036054946,0.04310909,-0.32266405,0.04883662,0.038950235,-0.3173904,0.035560593,0.025432244,-0.34179944
0.18670717,0.3698353,-0.14004591,0.17933798,0.36669937,-0.12748025,0.18583448,0.34592316,-0.12625559
0.17291822,0.023975596,-0.03301736,0.1862186,0.037205294,-0.04623173,0.16086335,0.048769042,-0.013356168
0.18409052,0.11806008,-0.03101784,0.21240368,0.18572393,-0.016089834,0.19486439,0.14112386,-0.010287687
-0.05515995,0.09247109,-0.32214156,-0.048563465,0.09191939,-0.33292145,-0.06578928,0.077185005,-0.35121322
0.13236663,0.29072252,0.10354043,0.14472656,0.299288,0.08649737,0.12454148,0.30841073,0.10461683
0.1597123,0.3593078,-0.05267047,0.1486215,0.38290176,-0.04738533,0.14934564,0.36391565,-0.03693567
0.40805876,0.7552651,-0.19508049,0.40680227,0.74092615,-0.21000624,0.4031396,0.7476412,-0.21959606
0.16914639,0.5193095,-0.25685924,0.15262091,0.51993704,-0.24171749,0.15440054,0.49254695,-0.23885855
0.18528014,0.0733701,-0.05488187,0.17524818,0.0884625,-0.057856105,0.17243962,0.083285436,-0.03214614
0.17736684,0.10736355,-0.05387944,0.18409052,0.11806008,-0.03101784,0.17243962,0.083285436,-0.03214614
0.19497225,0.15104276,-0.0445932,0.21240368,0.18572393,-0.016089834,0.18409052,0.11806008,-0.03101784
0.19497225,0.15104276,-0.0445932,0.20100155,0.17542002,-0.047693864,0.21240368,0.18572393,-0.016089834
0.21698639,0.2058874,-0.03733193,0.21240368,0.18572393,-0.016089834,0.20100155,0.17542002,-0.047693864
0.21698639,0.2058874,-0.03733193,0.22179316,0.21389231,-0.01767376,0.21240368,0.18572393,-0.016089834
0.1897345,0.46394536,-0.27915794,0.17788662,0.46485326,-0.25702763,0.17663184,0.45206955,-0.24775556
0.1597123,0.3593078,-0.05267047,0.16453815,0.37203512,-0.07351906,0.1486215,0.38290176,-0.04738533
0.05710186,0.35153916,0.13298613,0.06613916,0.3627694,0.10884007,0.057127967,0.36230186,0.12579693
0.143049,0.6989912,-0.08264988,0.13732955,0.7020552,-0.039721176,0.13668768,0.6912364,-0.06267703
0.143049,0.6989912,-0.08264988,0.14564991,0.72459257,-0.045360815,0.13732955,0.7020552,-0.039721176
-0.028214976,0.41789815,-0.46419403,-0.038625076,0.4335203,-0.4670697,-0.03157404,0.43244877,-0.47841597
0.0050900877,0.16582638,-0.33141077,0.0292681,0.14992595,-0.31065404,6.11946E-4,0.15915334,-0.31290132
0.17524818,0.0884625,-0.057856105,0.17736684,0.10736355,-0.05387944,0.17243962,0.083285436,-0.03214614
0.13717999,0.09699944,-0.13014212,0.13623746,0.09767385,-0.14208633,0.122325346,0.108388156,-0.122558445
0.15853469,0.05350344,-0.18385446,0.14946346,0.08131786,-0.16685021,0.16467965,0.062267095,-0.170184
0.21698639,0.2058874,-0.03733193,0.22284016,0.23095647,-0.034184873,0.22179316,0.21389231,-0.01767376
0.22284016,0.23095647,-0.034184873,0.22356379,0.23284248,-0.017704211,0.22179316,0.21389231,-0.01767376
0.2232658,0.25843492,-0.017749488,0.2229459,0.27256402,-0.039065443,0.21645734,0.28293833,-0.009522714
0.2229459,0.27256402,-0.039065443,0.21320985,0.29734015,-0.023372613,0.21645734,0.28293833,-0.009522714
0.23312697,0.57553005,-0.29044634,0.23050413,0.58639073,-0.30175406,0.2555246,0.5892993,-0.28400844
0.19473542,0.42468014,-0.2824071,0.17663184,0.45206955,-0.24775556,0.18620412,0.43778226,-0.24481012
0.19473542,0.42468014,-0.2824071,0.19000372,0.44448438,-0.28167692,0.17663184,0.45206955,-0.24775556
-0.19081403,0.05307889,-0.22171143,-0.19621406,0.06285711,-0.18213065,-0.18900886,0.07011464,-0.2170307
0.22363816,0.26467967,-0.31842673,0.20897569,0.25024414,-0.33869618,0.21777141,0.2711333,-0.33673623
0.051163636,0.04324016,-0.0540646,0.064049,0.04252605,-0.07709077,0.10669944,0.04381284,-0.054401428
0.13002354,0.660424,-0.09442747,0.12311352,0.67547476,-0.049139645,0.11827597,0.6582264,-0.07413373
0.13002354,0.660424,-0.09442747,0.13668768,0.6912364,-0.06267703,0.12311352,0.67547476,-0.049139645
0.14200473,0.6817328,-0.10209471,0.143049,0.6989912,-0.08264988,0.13668768,0.6912364,-0.06267703
0.14361267,0.7166078,-0.07966278,0.14564991,0.72459257,-0.045360815,0.143049,0.6989912,-0.08264988
0.14361267,0.7166078,-0.07966278,0.13868764,0.75029325,-0.06773782,0.1451244,0.7488831,-0.04704166
0.14564991,0.72459257,-0.045360815,0.14361267,0.7166078,-0.07966278,0.1451244,0.7488831,-0.04704166
0.22381729,0.32620144,-0.3282687,0.23061696,0.3194167,-0.29551435,0.23135726,0.30518624,-0.3093618
0.22182667,0.24883303,-0.22637936,0.22352672,0.2812917,-0.21054697,0.21984217,0.25963798,-0.20034477
0.22470616,0.25285473,-0.039688118,0.22356379,0.23284248,-0.017704211,0.22284016,0.23095647,-0.034184873
0.12475825,0.6056905,-0.18546854,0.12846982,0.5998826,-0.21568273,0.13487466,0.6233475,-0.1876763
0.19000372,0.44448438,-0.28167692,0.1897345,0.46394536,-0.27915794,0.17663184,0.45206955,-0.24775556
0.16808558,0.19887003,-0.14818421,0.1841425,0.23832065,-0.15508588,0.164474,0.21419933,-0.13285327
0.047462963,0.021036103,0.077417016,0.03800254,0.028226003,0.06532265,0.0703557,0.022298306,0.044951495
-0.023220487,0.027144998,-0.22573069,-0.022621483,0.020898893,-0.20867279,-0.026560001,0.018341482,-0.2476277
0.120006256,0.36111048,0.023012767,0.11642664,0.3762236,0.02259556,0.106636025,0.37887654,0.0378574
0.13317075,0.5952766,-0.2438286,0.14166898,0.5871978,-0.26158398,0.13444668,0.6068659,-0.2609054
0.22470616,0.25285473,-0.039688118,0.2232658,0.25843492,-0.017749488,0.22356379,0.23284248,-0.017704211
0.2232658,0.25843492,-0.017749488,0.22470616,0.25285473,-0.039688118,0.2229459,0.27256402,-0.039065443
0.2229459,0.27256402,-0.039065443,0.21464078,0.29444796,-0.036772713,0.21320985,0.29734015,-0.023372613
0.23340517,0.2718744,-0.29658294,0.23135726,0.30518624,-0.3093618,0.23253974,0.27828228,-0.2720483
0.16840851,0.34661195,-0.07288085,0.16453815,0.37203512,-0.07351906,0.1597123,0.3593078,-0.05267047
-0.12860936,0.022127494,0.015645511,-0.19993326,0.024262205,-0.0138030425,-0.17095605,0.024178937,-0.011874765
-0.19993326,0.024262205,-0.0138030425,-0.18121201,0.02443999,-0.043123677,-0.17095605,0.024178937,-0.011874765
-0.21789992,0.0258874,-0.040843952,-0.15836787,0.024064004,-0.17149669,-0.18121201,0.02443999,-0.043123677
-0.19993326,0.024262205,-0.0138030425,-0.21789992,0.0258874,-0.040843952,-0.18121201,0.02443999,-0.043123677
-0.22501738,0.031065106,-0.049314678,-0.22857133,0.042265296,-0.04054096,-0.21310152,0.029167354,-0.08840287
-0.051990934,0.019985497,0.0014432222,-0.059632365,0.020626545,-0.012274697,-0.031129468,0.021001041,0.006589072
-0.17981547,0.024299845,-0.19097164,-0.18492736,0.028164536,-0.22095259,-0.16175151,0.025416896,-0.24134848
-0.11234371,0.0329165,0.068150416,-0.12938438,0.029035494,0.055397596,-0.13770673,0.023231491,0.02880073
-0.17625336,0.06907949,0.18893127,-0.1720964,0.05615495,0.16473264,-0.13563316,0.049885347,0.17094243
-0.07274969,0.0349997,-0.044350244,-0.098486416,0.03155443,-0.03984049,-0.08884972,0.040739194,-0.05066956
-0.059632365,0.020626545,-0.012274697,-0.09073011,0.02318126,-0.02931758,-0.071941525,0.024016887,-0.03092786
-0.1720964,0.05615495,0.16473264,-0.1852014,0.05292535,0.13794558,-0.1496793,0.037549585,0.13331224
-0.05470547,0.030965388,-0.035298318,-0.071941525,0.024016887,-0.03092786,-0.07274969,0.0349997,-0.044350244
-0.13535239,0.023289993,-0.21506047,-0.13410388,0.025844097,-0.2564334,-0.08960267,0.021720499,-0.23314473
-0.048302732,0.041763186,-0.077377506,-0.008571956,0.04143235,-0.09689401,-0.004491158,0.042442843,-0.060550917
0.1139898,0.029390901,-0.026657682,0.07646478,0.029515639,0.02519551,0.09483674,0.04145144,-0.014622431
-0.11234371,0.0329165,0.068150416,-0.13290745,0.02408354,0.06722781,-0.12938438,0.029035494,0.055397596
-0.1603756,0.035238445,-0.02396315,-0.17095605,0.024178937,-0.011874765,-0.18121201,0.02443999,-0.043123677
-0.20685937,0.031149536,-0.12148427,-0.19411941,0.02504173,-0.14276646,-0.19755054,0.024426699,-0.11481938
-0.12938438,0.029035494,0.055397596,-0.13290745,0.02408354,0.06722781,-0.13770673,0.023231491,0.02880073
0.34768778,0.60933495,-0.23011872,0.36382374,0.62384427,-0.21506411,0.3588897,0.6080544,-0.21748629
-0.13290745,0.02408354,0.06722781,-0.17023277,0.025863498,0.026990406,-0.13770673,0.023231491,0.02880073
-0.12860936,0.022127494,0.015645511,-0.17095605,0.024178937,-0.011874765,-0.12551388,0.021897495,0.011360828
0.008425191,0.36770126,-0.41932157,-0.006103605,0.37683424,-0.4065391,0.003909096,0.38974503,-0.4221147
0.3588897,0.6080544,-0.21748629,0.3545972,0.60609233,-0.21049222,0.33701152,0.59827757,-0.2342425
-0.031841457,0.029728249,-0.38031524,-0.004547134,0.023894846,-0.36747658,-0.03226693,0.024962798,-0.3753023
-0.044863924,0.24310914,-0.38009244,-0.028234765,0.22215185,-0.38073778,-0.051968575,0.21875772,-0.35602555
0.035140287,0.041470498,0.121112235,0.011917163,0.041170046,0.115794465,0.027086131,0.026296988,0.10982768
-0.21518192,0.07312718,0.14459535,-0.19875732,0.055164903,0.11785011,-0.1852014,0.05292535,0.13794558
0.28275388,0.58616686,-0.2434459,0.3157223,0.593066,-0.2433913,0.33272392,0.5996139,-0.2169227
-0.17981547,0.024299845,-0.19097164,-0.16175151,0.025416896,-0.24134848,-0.13535239,0.023289993,-0.21506047
0.2827757,0.58700776,-0.25631016,0.29229897,0.59235847,-0.26239425,0.3157223,0.593066,-0.2433913
0.28275388,0.58616686,-0.2434459,0.2827757,0.58700776,-0.25631016,0.3157223,0.593066,-0.2433913
0.04794578,0.03852594,0.048931435,0.03800254,0.028226003,0.06532265,0.03097462,0.040825933,0.05162789
-0.110857174,0.024900645,0.11143545,-0.07104442,0.023353547,0.097240314,-0.08109154,0.028999954,0.12203377
-0.110857174,0.024900645,0.11143545,-0.105528295,0.022734553,0.087662034,-0.07104442,0.023353547,0.097240314
-0.105528295,0.022734553,0.087662034,-0.13290745,0.02408354,0.06722781,-0.11234371,0.0329165,0.068150416
-0.21275404,0.08836809,0.1879045,-0.22377655,0.09428689,0.17701471,-0.20216066,0.07286815,0.17281467
0.40339035,0.6520437,-0.1705439,0.39891702,0.6522511,-0.15940039,0.39529777,0.64286625,-0.16826142
-0.20685937,0.031149536,-0.12148427,-0.19973579,0.02988799,-0.15311751,-0.19411941,0.02504173,-0.14276646
-0.17023277,0.025863498,0.026990406,-0.19993326,0.024262205,-0.0138030425,-0.12860936,0.022127494,0.015645511
-0.06375999,0.0367911,0.13027976,-0.07104442,0.023353547,0.097240314,-0.040369418,0.033876598,0.10388867
0.019392492,0.04473093,-0.0076770266,0.05458588,0.04443845,-0.02538701,0.07717112,0.045144737,-0.008897468
-0.1603756,0.035238445,-0.02396315,-0.18121201,0.02443999,-0.043123677,-0.17165636,0.03819701,-0.03580616
-0.048775997,0.028519005,0.05393339,-0.04136291,0.030151993,0.032005347,-0.02906363,0.021163091,0.038836896
-0.051990934,0.019985497,0.0014432222,-0.09073011,0.02318126,-0.02931758,-0.059632365,0.020626545,-0.012274697
-0.17095605,0.024178937,-0.011874765,-0.12631746,0.023743495,-0.016424019,-0.12551388,0.021897495,0.011360828
-0.19973579,0.02988799,-0.15311751,-0.19910096,0.038203835,-0.1637746,-0.19371635,0.031447694,-0.19623888
-0.17095605,0.024178937,-0.011874765,-0.1603756,0.035238445,-0.02396315,-0.12631746,0.023743495,-0.016424019
-0.19755054,0.024426699,-0.11481938,-0.19411941,0.02504173,-0.14276646,-0.15836787,0.024064004,-0.17149669
-0.07274969,0.0349997,-0.044350244,-0.08884972,0.040739194,-0.05066956,-0.050039966,0.0408639,-0.04574792
0.060278624,0.40545473,-0.43856934,0.026581198,0.39583388,-0.43377358,0.054982543,0.41003558,-0.44912016
0.07585785,0.12678725,-0.2665876,0.08966856,0.13841751,-0.2762788,0.106211536,0.13500234,-0.266788
-0.07104442,0.023353547,0.097240314,-0.07300565,0.023120195,0.082675695,-0.046918184,0.021973938,0.0680031
-0.21310152,0.029167354,-0.08840287,-0.22857133,0.042265296,-0.04054096,-0.21593575,0.03981185,-0.0809963
-0.17812479,0.030920237,-0.23995227,-0.17342997,0.046429694,-0.24884221,-0.16799608,0.032699287,-0.25058076
0.13073298,0.41379967,-0.4409543,0.11458627,0.4067742,-0.43524206,0.1306491,0.42375782,-0.45056602
0.12475825,0.6056905,-0.18546854,0.11757093,0.61026156,-0.16070151,0.10760953,0.5886704,-0.19078553
-0.1856176,0.4572462,0.0136123,-0.17683095,0.46259472,0.0026989654,-0.19377027,0.44450763,-0.0044223294
0.12095577,0.55462754,-0.2360408,0.10410746,0.5357882,-0.22950418,0.12659633,0.5336448,-0.23408307
0.11458627,0.4067742,-0.43524206,0.09229211,0.41795847,-0.45054436,0.093863085,0.42944464,-0.46296182
-0.22135577,0.028175548,-0.019001111,-0.21789992,0.0258874,-0.040843952,-0.19993326,0.024262205,-0.0138030425
-0.22135577,0.028175548,-0.019001111,-0.22960027,0.034882993,-0.021740042,-0.21789992,0.0258874,-0.040843952
-0.21789992,0.0258874,-0.040843952,-0.22960027,0.034882993,-0.021740042,-0.22501738,0.031065106,-0.049314678
-0.20532407,0.024074003,-0.07532584,-0.22501738,0.031065106,-0.049314678,-0.21310152,0.029167354,-0.08840287
-0.21789992,0.0258874,-0.040843952,-0.22501738,0.031065106,-0.049314678,-0.20532407,0.024074003,-0.07532584
-0.08884972,0.040739194,-0.05066956,-0.10641235,0.043635353,-0.06812276,-0.050039966,0.0408639,-0.04574792
-0.19973579,0.02988799,-0.15311751,-0.18980524,0.026232034,-0.18073773,-0.19411941,0.02504173,-0.14276646
-0.13770673,0.023231491,0.02880073,-0.17023277,0.025863498,0.026990406,-0.12860936,0.022127494,0.015645511
-0.04136291,0.030151993,0.032005347,-0.04320894,0.025670499,0.01312786,-0.031129468,0.021001041,0.006589072
0.07219349,0.42254344,-0.46146634,0.06775819,0.43549785,-0.47898954,0.093863085,0.42944464,-0.46296182
-0.103918865,0.029080048,0.12895194,-0.110857174,0.024900645,0.11143545,-0.08109154,0.028999954,0.12203377
-0.110857174,0.024900645,0.11143545,-0.13488169,0.025231838,0.09038755,-0.105528295,0.022734553,0.087662034
-0.13488169,0.025231838,0.09038755,-0.13290745,0.02408354,0.06722781,-0.105528295,0.022734553,0.087662034
-0.12631746,0.023743495,-0.016424019,-0.1603756,0.035238445,-0.02396315,-0.14748192,0.034454644,-0.023573361
-0.13488169,0.025231838,0.09038755,-0.16610813,0.02945301,0.048678737,-0.13290745,0.02408354,0.06722781
-0.16610813,0.02945301,0.048678737,-0.17023277,0.025863498,0.026990406,-0.13290745,0.02408354,0.06722781
-0.050701592,0.031198487,0.060286526,-0.07300565,0.023120195,0.082675695,-0.086087346,0.029685497,0.07373186
0.11458627,0.4067742,-0.43524206,0.093863085,0.42944464,-0.46296182,0.1306491,0.42375782,-0.45056602
0.09229211,0.41795847,-0.45054436,0.07219349,0.42254344,-0.46146634,0.093863085,0.42944464,-0.46296182
0.06775819,0.43549785,-0.47898954,0.07219349,0.42254344,-0.46146634,0.054417744,0.41935995,-0.47509122
-0.20664465,0.02820319,0.0034106746,-0.19993326,0.024262205,-0.0138030425,-0.17023277,0.025863498,0.026990406
-0.20664465,0.02820319,0.0034106746,-0.22135577,0.028175548,-0.019001111,-0.19993326,0.024262205,-0.0138030425
-0.07104442,0.023353547,0.097240314,-0.046918184,0.021973938,0.0680031,-0.036249723,0.02421993,0.09351048
-0.22457229,0.07717885,0.12400254,-0.22279468,0.07469764,0.10983887,-0.19875732,0.055164903,0.11785011
0.02212334,0.019143537,-0.18294114,-0.020809337,0.026520997,-0.21549255,0.010709435,0.029457986,-0.19436246
-0.019513594,0.03712085,-0.014318317,-0.03623424,0.027312398,-0.01988582,-0.050039966,0.0408639,-0.04574792
-0.21518192,0.07312718,0.14459535,-0.22457229,0.07717885,0.12400254,-0.19875732,0.055164903,0.11785011
-0.19973579,0.02988799,-0.15311751,-0.20685937,0.031149536,-0.12148427,-0.20218548,0.04494214,-0.14259733
-0.007599568,0.04325679,-0.011581268,-0.004491158,0.042442843,-0.060550917,0.019392492,0.04473093,-0.0076770266
0.09229211,0.41795847,-0.45054436,0.08127842,0.4038678,-0.43597966,0.07219349,0.42254344,-0.46146634
0.024616674,0.42530182,-0.49705285,0.045941338,0.4305767,-0.49162692,0.03359343,0.41831532,-0.4879409
-0.015602535,0.026740998,0.0051902495,-0.031129468,0.021001041,0.006589072,-0.03623424,0.027312398,-0.01988582
0.0080675855,0.041042745,0.026266566,-0.0031495206,0.023295939,0.0398909,-0.015602535,0.026740998,0.0051902495
0.013374073,0.033667,0.04876603,-0.0031495206,0.023295939,0.0398909,0.0080675855,0.041042745,0.026266566
0.03800254,0.028226003,0.06532265,0.026880035,0.023712993,0.07204997,0.03097462,0.040825933,0.05162789
0.1646002,0.18523306,-0.32034743,0.1459874,0.18340346,-0.34366873,0.17802274,0.20209673,-0.3296882
0.08127842,0.4038678,-0.43597966,0.060278624,0.40545473,-0.43856934,0.07219349,0.42254344,-0.46146634
0.07219349,0.42254344,-0.46146634,0.060278624,0.40545473,-0.43856934,0.054982543,0.41003558,-0.44912016
0.054982543,0.41003558,-0.44912016,0.038846835,0.4065859,-0.459529,0.07219349,0.42254344,-0.46146634
0.07219349,0.42254344,-0.46146634,0.038846835,0.4065859,-0.459529,0.054417744,0.41935995,-0.47509122
-0.21310152,0.029167354,-0.08840287,-0.19755054,0.024426699,-0.11481938,-0.20532407,0.024074003,-0.07532584
0.026880035,0.023712993,0.07204997,0.013374073,0.033667,0.04876603,0.03097462,0.040825933,0.05162789
-0.007599568,0.04325679,-0.011581268,0.019392492,0.04473093,-0.0076770266,0.027582841,0.04512234,0.035160918
-0.022294842,0.022081137,0.077587165,-1.804214E-4,0.021677002,0.066834874,0.033306446,0.022417143,0.09530309
0.038846835,0.4065859,-0.459529,0.030610442,0.40907058,-0.4755629,0.054417744,0.41935995,-0.47509122
0.054417744,0.41935995,-0.47509122,0.030610442,0.40907058,-0.4755629,0.03359343,0.41831532,-0.4879409
-0.1979024,0.03526655,0.025484614,-0.17023277,0.025863498,0.026990406,-0.16610813,0.02945301,0.048678737
-0.1979024,0.03526655,0.025484614,-0.20664465,0.02820319,0.0034106746,-0.17023277,0.025863498,0.026990406
-0.07870425,0.025036544,-0.34371942,-0.09201884,0.026034892,-0.30201748,-0.094343424,0.030482695,-0.32457632
0.02758284,0.04512234,0.035160918,0.019392492,0.04473093,-0.007677026,0.048956353,0.04588379,0.018166736
0.02758284,0.04512234,0.035160918,0.048956353,0.04588379,0.018166736,0.04794578,0.03852594,0.048931435
-0.050039966,0.0408639,-0.04574792,-0.048302732,0.041763186,-0.077377506,-0.007599566,0.04325679,-0.011581268
0.05194529,0.024399996,0.104057506,0.033306446,0.022417143,0.09530309,0.07869385,0.021464989,0.07570766
0.033306446,0.022417143,0.09530309,0.047462963,0.021036103,0.077417016,0.07869385,0.021464989,0.07570766
0.030610442,0.40907058,-0.4755629,0.0077578127,0.41241577,-0.48470363,0.03359343,0.41831532,-0.4879409
0.03359343,0.41831532,-0.4879409,0.0077578127,0.41241577,-0.48470363,0.024616674,0.42530182,-0.49705285
-0.07300565,0.023120195,0.082675695,-0.050701592,0.031198487,0.060286526,-0.046918184,0.021973938,0.0680031
-0.22906831,0.1837062,0.21177101,-0.20645502,0.19256523,0.23146206,-0.21040162,0.20100403,0.22139275
0.048956353,0.04588379,0.018166736,0.07717112,0.045144737,-0.008897468,0.0688287,0.04204385,0.020671863
0.10122557,0.027274042,-0.3363421,0.075878754,0.022653192,-0.32445014,0.064680696,0.029503852,-0.32642442
0.0077578127,0.41241577,-0.48470363,0.010005206,0.42490533,-0.49724612,0.024616674,0.42530182,-0.49705285
-0.046918184,0.021973938,0.0680031,-0.02906363,0.021163091,0.038836896,-1.8042326E-4,0.021677002,0.066834874
-0.1852014,0.05292535,0.13794558,-0.19875732,0.055164903,0.11785011,-0.17773159,0.041519642,0.098751836
-0.19875732,0.055164903,0.11785011,-0.19907695,0.05486968,0.096239075,-0.17773159,0.041519642,0.098751836
0.048956353,0.04588379,0.018166736,0.019392492,0.04473093,-0.007677026,0.07717112,0.045144737,-0.008897468
0.07646478,0.029515639,0.02519551,0.061033342,0.032057688,0.043198798,0.0688287,0.04204385,0.020671863
-0.18921101,0.035184547,-0.22668093,-0.18464085,0.044303656,-0.23598492,-0.17812479,0.030920237,-0.23995227
0.038846835,0.4065859,-0.459529,0.013352111,0.40391752,-0.46728623,0.030610442,0.40907058,-0.4755629
0.030610442,0.40907058,-0.4755629,0.013352111,0.40391752,-0.46728623,0.0077578127,0.41241577,-0.48470363
-0.14833918,0.047646,-0.1374903,-0.13544543,0.046611503,-0.16945145,-0.09787154,0.04321754,-0.13255593
0.019392492,0.04473093,-0.0076770266,-0.004491158,0.042442843,-0.060550917,0.05458588,0.04443845,-0.02538701
-0.10641235,0.043635353,-0.06812276,-0.05045038,0.041019455,-0.12523305,-0.048302732,0.041763186,-0.077377506
-0.004490316,0.43122676,-0.4975742,0.010005206,0.42490533,-0.49724612,0.0077578127,0.41241577,-0.48470363
-0.024356902,0.43534043,-0.48858514,-0.009259418,0.44724688,-0.50108415,-0.004490316,0.43122676,-0.4975742
-0.02906363,0.021163091,0.038836896,-0.046918184,0.021973938,0.0680031,-0.048775997,0.028519005,0.05393339
0.11859792,0.76364136,-0.085523196,0.10561333,0.7690443,-0.08189315,0.11402057,0.7797669,-0.05969378
-0.101797774,0.027200893,-0.27106246,-0.13410388,0.025844097,-0.2564334,-0.11756273,0.029623196,-0.26529157
0.054982543,0.41003558,-0.44912016,0.026581198,0.39583388,-0.43377358,0.038846835,0.4065859,-0.459529
0.10585316,0.56682813,-0.22810732,0.12010685,0.58354294,-0.21886586,0.10760953,0.5886704,-0.19078553
-0.1852014,0.05292535,0.13794558,-0.17773159,0.041519642,0.098751836,-0.14771126,0.032236695,0.11319251
-0.09971582,0.044154152,0.16442959,-0.08109154,0.028999954,0.12203377,-0.0797884,0.051047534,0.16877374
0.08463063,0.72493625,-0.1398943,0.09288426,0.72985387,-0.14373176,0.08738848,0.71445334,-0.16469091
0.08144362,0.71183443,-0.15153687,0.08463063,0.72493625,-0.1398943,0.08738848,0.71445334,-0.16469091
0.110193975,0.22805098,-0.4044562,0.07891503,0.23430666,-0.4176051,0.11654145,0.2419605,-0.41622117
-0.024356902,0.43534043,-0.48858514,-0.03157404,0.43244877,-0.47841597,-0.032577664,0.4526312,-0.48376685
0.07891503,0.23430666,-0.4176051,0.08979609,0.25364974,-0.42667025,0.11654145,0.2419605,-0.41622117
0.0703557,0.022298306,0.044951495,0.11499184,0.02180788,-0.017148372,0.09098134,0.020269692,0.034187086
-0.16175151,0.025416896,-0.24134848,-0.16799608,0.032699287,-0.25058076,-0.14428735,0.0317131,-0.25990686
-0.008571956,0.04143235,-0.09689401,-0.05045038,0.041019455,-0.12523305,0.02843963,0.04133004,-0.1070702
0.026581198,0.39583388,-0.43377358,0.011775419,0.39836124,-0.44653004,0.038846835,0.4065859,-0.459529
0.011775419,0.39836124,-0.44653004,0.013352111,0.40391752,-0.46728623,0.038846835,0.4065859,-0.459529
0.013352111,0.40391752,-0.46728623,-0.012252167,0.40811703,-0.4690165,0.0077578127,0.41241577,-0.48470363
-0.018958822,0.41940066,-0.4812117,-0.004490316,0.43122676,-0.4975742,0.0077578127,0.41241577,-0.48470363
-0.018958822,0.41940066,-0.4812117,-0.024356902,0.43534043,-0.48858514,-0.004490316,0.43122676,-0.4975742
-0.14748192,0.034454644,-0.023573361,-0.1475543,0.04502134,-0.035327915,-0.12298597,0.043542206,-0.043619424
-0.09971582,0.044154152,0.16442959,-0.103918865,0.029080048,0.12895194,-0.08109154,0.028999954,0.12203377
-0.1475543,0.04502134,-0.035327915,-0.16048294,0.04753548,-0.051073708,-0.12298597,0.043542206,-0.043619424
0.01633297,0.038561746,-0.36313534,0.016116768,0.025125384,-0.3604116,-0.0018133074,0.029478833,-0.37410384
-0.030771747,0.31974813,0.19166502,-0.052591596,0.33544108,0.19174607,-0.059498083,0.31182548,0.20194134
-0.010093182,0.23786762,-0.40457752,-0.044863924,0.24310914,-0.38009244,-0.023599312,0.2590908,-0.40607554
0.11499184,0.02180788,-0.017148372,0.07646478,0.029515639,0.02519551,0.1139898,0.029390901,-0.026657682
-0.09787154,0.04321754,-0.13255593,-0.07793976,0.042004794,-0.15547502,-0.05045038,0.041019455,-0.12523305
0.0077578127,0.41241577,-0.48470363,-0.012252167,0.40811703,-0.4690165,-0.018958822,0.41940066,-0.4812117
-0.1852014,0.05292535,0.13794558,-0.14771126,0.032236695,0.11319251,-0.1496793,0.037549585,0.13331224
-0.05453697,0.5408828,-0.42518443,-0.04446964,0.5575162,-0.4007935,-0.03848037,0.57317686,-0.40352038
-0.0760984,0.4323525,-0.4189589,-0.07855293,0.43951747,-0.43150216,-0.069089994,0.4269775,-0.43873432
-0.061271623,0.41626814,-0.4294964,-0.0760984,0.4323525,-0.4189589,-0.069089994,0.4269775,-0.43873432
0.0688287,0.04204385,0.020671863,0.07717112,0.045144737,-0.008897468,0.09483674,0.04145144,-0.014622431
0.07646478,0.029515639,0.02519551,0.0688287,0.04204385,0.020671863,0.09483674,0.04145144,-0.014622431
-0.12069638,0.03558916,-0.035427947,-0.08884972,0.040739194,-0.05066956,-0.098486416,0.03155443,-0.03984049
-0.008571956,0.04143235,-0.09689401,0.02843963,0.04133004,-0.1070702,0.051163636,0.04324016,-0.0540646
0.09098134,0.020269692,0.034187086,0.11499184,0.02180788,-0.017148372,0.12000767,0.019477144,-0.004497368
0.017696723,0.38579437,-0.42294896,0.026581198,0.39583388,-0.43377358,0.050472587,0.3939719,-0.4292277
-0.061271623,0.41626814,-0.4294964,-0.06348573,0.42120436,-0.40936178,-0.0760984,0.4323525,-0.4189589
0.022482216,0.44084188,-0.5046217,0.024616674,0.42530182,-0.49705285,0.010005206,0.42490533,-0.49724612
0.03359343,0.41831532,-0.4879409,0.045941338,0.4305767,-0.49162692,0.054417744,0.41935995,-0.47509122
0.11499184,0.02180788,-0.017148372,0.0703557,0.022298306,0.044951495,0.07646478,0.029515639,0.02519551
0.09098134,0.020269692,0.034187086,0.12000767,0.019477144,-0.004497368,0.11300644,0.019145042,0.026724996
-0.014297962,0.39944163,-0.4459251,0.013352111,0.40391752,-0.46728623,0.011775419,0.39836124,-0.44653004
-0.014297962,0.39944163,-0.4459251,-0.012252167,0.40811703,-0.4690165,0.013352111,0.40391752,-0.46728623
-0.018958822,0.41940066,-0.4812117,-0.03157404,0.43244877,-0.47841597,-0.024356902,0.43534043,-0.48858514
0.045941338,0.4305767,-0.49162692,0.06775819,0.43549785,-0.47898954,0.054417744,0.41935995,-0.47509122
-0.15574476,0.0312441,0.088990465,-0.16610813,0.02945301,0.048678737,-0.13488169,0.025231838,0.09038755
-0.15574476,0.0312441,0.088990465,-0.18753427,0.04052289,0.04576739,-0.16610813,0.02945301,0.048678737
-0.04320894,0.025670499,0.013127859,-0.051990934,0.019985497,0.0014432222,-0.031129468,0.021001041,0.006589072
-0.22960027,0.034882993,-0.021740042,-0.23426366,0.054046437,-0.0084235445,-0.22857133,0.042265296,-0.04054096
-0.031841457,0.029728249,-0.38031524,-0.057409763,0.032175094,-0.37554222,-0.049919948,0.045308307,-0.37696958
0.063215315,0.23975328,-0.42437372,0.046256468,0.23169658,-0.41866687,0.066407435,0.25584778,-0.4339429
-0.012252167,0.40811703,-0.4690165,-0.028214976,0.41789815,-0.46419403,-0.018958822,0.41940066,-0.4812117
-0.018958822,0.41940066,-0.4812117,-0.028214976,0.41789815,-0.46419403,-0.03157404,0.43244877,-0.47841597
0.23200198,0.5780815,-0.25115392,0.259672,0.5938903,-0.22908586,0.23268563,0.5900686,-0.23917696
-0.07793976,0.042004794,-0.15547502,-0.11972963,0.045847505,-0.19043437,-0.031519618,0.039325,-0.16008277
-0.048302732,0.041763186,-0.077377506,-0.004491158,0.042442843,-0.060550917,-0.00759957,0.04325679,-0.011581264
-0.18753427,0.04052289,0.04576739,-0.1979024,0.03526655,0.025484614,-0.16610813,0.02945301,0.048678737
-0.25933823,0.15148714,-0.09385205,-0.26380432,0.16367632,-0.07634021,-0.26410788,0.17350063,-0.0934761
0.12332052,0.19828436,-0.3778438,0.10839009,0.20851213,-0.39474958,0.13298303,0.21735302,-0.38987973
0.150265,0.19913223,-0.35627896,0.12249437,0.18278521,-0.3587134,0.12332052,0.19828436,-0.3778438
0.10839009,0.20851213,-0.39474958,0.089170754,0.19085303,-0.38008976,0.07948836,0.20497578,-0.39652652
0.07891503,0.23430666,-0.4176051,0.046256468,0.23169658,-0.41866687,0.063215315,0.23975328,-0.42437372
-0.05045038,0.041019455,-0.12523305,-0.031519618,0.039325,-0.16008277,0.02843963,0.04133004,-0.1070702
-0.17812479,0.030920237,-0.23995227,-0.16799608,0.032699287,-0.25058076,-0.16175151,0.025416896,-0.24134848
0.003909096,0.38974503,-0.4221147,0.011775419,0.39836124,-0.44653004,0.026581198,0.39583388,-0.43377358
0.003909096,0.38974503,-0.4221147,-0.014297962,0.39944163,-0.4459251,0.011775419,0.39836124,-0.44653004
0.1646002,0.18523306,-0.32034743,0.1398086,0.16537377,-0.3188483,0.1459874,0.18340346,-0.34366873
-0.11972963,0.045847505,-0.19043437,-0.075366065,0.040959492,-0.21106684,-0.031519614,0.039325,-0.16008277
-0.20249087,0.43281308,0.02977147,-0.1975264,0.43512186,0.049653076,-0.18674976,0.4559228,0.028030261
0.12249437,0.18278521,-0.3587134,0.089170754,0.19085303,-0.38008976,0.12332052,0.19828436,-0.3778438
0.110193975,0.22805098,-0.4044562,0.07948836,0.20497578,-0.39652652,0.07891503,0.23430666,-0.4176051
-0.10641235,0.043635353,-0.06812276,-0.09787154,0.04321754,-0.13255593,-0.05045038,0.041019455,-0.12523305
0.003909096,0.38974503,-0.4221147,0.026581198,0.39583388,-0.43377358,0.017696723,0.38579437,-0.42294896
-0.18492736,0.028164536,-0.22095259,-0.17812479,0.030920237,-0.23995227,-0.16175151,0.025416896,-0.24134848
-0.22116005,0.035165846,0.002411209,-0.22135577,0.028175548,-0.019001111,-0.20664465,0.02820319,0.0034106746
-0.22116005,0.035165846,0.002411209,-0.22960027,0.034882993,-0.021740042,-0.22135577,0.028175548,-0.019001111
0.07948836,0.20497578,-0.39652652,0.054566756,0.20983508,-0.40352264,0.07891503,0.23430666,-0.4176051
0.054566756,0.20983508,-0.40352264,0.046256468,0.23169658,-0.41866687,0.07891503,0.23430666,-0.4176051
-0.13462442,0.04292959,-0.26404065,-0.14428735,0.0317131,-0.25990686,-0.15952708,0.05147165,-0.25430107
-0.0099708885,0.39478144,-0.4177267,-0.014297962,0.39944163,-0.4459251,0.003909096,0.38974503,-0.4221147
-0.012252167,0.40811703,-0.4690165,-0.04113178,0.41779438,-0.4553008,-0.028214976,0.41789815,-0.46419403
-0.04113178,0.41779438,-0.4553008,-0.038625076,0.4335203,-0.4670697,-0.028214976,0.41789815,-0.46419403
-0.19411941,0.02504173,-0.14276646,-0.17981547,0.024299845,-0.19097164,-0.15836787,0.024064004,-0.17149669
-0.071941525,0.024016887,-0.03092786,-0.09073011,0.02318126,-0.02931758,-0.098486416,0.03155443,-0.03984049
-0.22116005,0.035165846,0.002411209,-0.1979024,0.03526655,0.025484614,-0.219111,0.048812702,0.02263178
0.1459874,0.18340346,-0.34366873,0.11998538,0.16375735,-0.337588,0.12249437,0.18278521,-0.3587134
0.10906385,0.17191294,-0.35250485,0.095106356,0.17199942,-0.35943758,0.12249437,0.18278521,-0.3587134
0.12249437,0.18278521,-0.3587134,0.095106356,0.17199942,-0.35943758,0.089170754,0.19085303,-0.38008976
0.22545512,0.57023096,-0.2834662,0.21980472,0.5695466,-0.27134788,0.21180405,0.5684067,-0.29998776
0.0015245005,0.14776883,-0.29553738,-0.025564939,0.15260828,-0.29977146,-0.038328923,0.17119598,-0.3058075
0.008425191,0.36770126,-0.41932157,0.003909096,0.38974503,-0.4221147,0.017696723,0.38579437,-0.42294896
-0.040382326,0.40771428,-0.440629,-0.012252167,0.40811703,-0.4690165,-0.014297962,0.39944163,-0.4459251
-0.012252167,0.40811703,-0.4690165,-0.040382326,0.40771428,-0.440629,-0.04113178,0.41779438,-0.4553008
-0.17981547,0.024299845,-0.19097164,-0.13535239,0.023289993,-0.21506047,-0.15836787,0.024064004,-0.17149669
-0.1475543,0.04502134,-0.035327915,-0.1603756,0.035238445,-0.02396315,-0.17165636,0.03819701,-0.03580616
-0.031129468,0.021001041,0.006589072,-0.059632365,0.020626545,-0.012274697,-0.03623424,0.027312398,-0.01988582
0.1398086,0.16537377,-0.3188483,0.11998538,0.16375735,-0.337588,0.1459874,0.18340346,-0.34366873
0.11998538,0.16375735,-0.337588,0.10906385,0.17191294,-0.35250485,0.12249437,0.18278521,-0.3587134
-0.1720964,0.05615495,0.16473264,-0.1496793,0.037549585,0.13331224,-0.13563316,0.049885347,0.17094243
-0.0028716587,0.026469693,0.10256876,0.033306446,0.022417143,0.09530309,0.027086131,0.026296988,0.10982768
0.40680227,0.74092615,-0.21000624,0.41555688,0.75030565,-0.17279796,0.4091925,0.7256504,-0.17826806
-0.040382326,0.40771428,-0.440629,-0.014297962,0.39944163,-0.4459251,-0.0099708885,0.39478144,-0.4177267
-0.05470547,0.030965388,-0.035298318,-0.07274969,0.0349997,-0.044350244,-0.050039966,0.0408639,-0.04574792
-0.12361389,0.026023656,-0.02470409,-0.12631746,0.023743495,-0.016424019,-0.14748192,0.034454644,-0.023573361
0.095106356,0.17199942,-0.35943758,0.07934786,0.17528698,-0.36804178,0.089170754,0.19085303,-0.38008976
-0.02906363,0.021163091,0.038836896,-0.031129468,0.021001041,0.00658907,-0.0031495206,0.023295939,0.0398909
-0.05917044,0.42294315,-0.44855177,-0.05862087,0.43370184,-0.4576031,-0.04113178,0.41779438,-0.4553008
0.15793875,0.16646433,-0.29559824,0.14381872,0.15861613,-0.28946367,0.1398086,0.16537377,-0.3188483
0.089170754,0.19085303,-0.38008976,0.049114235,0.18511519,-0.3765156,0.07948836,0.20497578,-0.39652652
0.049114235,0.18511519,-0.3765156,0.044156812,0.19793016,-0.39234185,0.07948836,0.20497578,-0.39652652
0.07948836,0.20497578,-0.39652652,0.044156812,0.19793016,-0.39234185,0.054566756,0.20983508,-0.40352264
-0.0965318,0.15806034,0.2312657,-0.09137635,0.140479,0.23388132,-0.08200414,0.14639404,0.21692021
-0.20216066,0.07286815,0.17281467,-0.1852014,0.05292535,0.13794558,-0.1720964,0.05615495,0.16473264
-0.17625336,0.06907949,0.18893127,-0.20216066,0.07286815,0.17281467,-0.1720964,0.05615495,0.16473264
0.112322256,0.022393897,-0.33344492,0.13109227,0.026996344,-0.34000093,0.14139636,0.022264853,-0.32901093
-0.041377366,0.4053959,-0.4236263,-0.040382326,0.40771428,-0.440629,-0.0099708885,0.39478144,-0.4177267
-0.040382326,0.40771428,-0.440629,-0.05917044,0.42294315,-0.44855177,-0.04113178,0.41779438,-0.4553008
0.09017583,0.040710792,-0.33094272,0.10644926,0.042338535,-0.33255646,0.10122557,0.027274042,-0.3363421
0.16248393,0.02172865,-0.31544235,0.14139636,0.022264853,-0.32901093,0.15542541,0.03127964,-0.3274375
0.14381872,0.15861613,-0.28946367,0.12553108,0.15325734,-0.2977099,0.1398086,0.16537377,-0.3188483
0.12553108,0.15325734,-0.2977099,0.10636972,0.1554524,-0.33004168,0.1398086,0.16537377,-0.3188483
0.1398086,0.16537377,-0.3188483,0.10636972,0.1554524,-0.33004168,0.11998538,0.16375735,-0.337588
0.11998538,0.16375735,-0.337588,0.095106356,0.17199942,-0.35943758,0.10906385,0.17191294,-0.35250485
0.095106356,0.17199942,-0.35943758,0.06900896,0.16683885,-0.358735,0.07934786,0.17528698,-0.36804178
0.044156812,0.19793016,-0.39234185,0.02610831,0.21218523,-0.40281534,0.054566756,0.20983508,-0.40352264
0.02610831,0.21218523,-0.40281534,0.046256468,0.23169658,-0.41866687,0.054566756,0.20983508,-0.40352264
0.02610831,0.21218523,-0.40281534,0.020400897,0.2375553,-0.41729712,0.046256468,0.23169658,-0.41866687
0.106211536,0.13500234,-0.266788,0.12050167,0.14617309,-0.26959518,0.1336238,0.14765081,-0.25457013
0.3358301,0.71778643,-0.24615772,0.3594709,0.71839845,-0.254361,0.32526726,0.69369876,-0.2744339
0.17785475,0.019200504,-0.2860186,0.15561698,0.01858814,-0.30828196,0.16248393,0.02172865,-0.31544235
0.17740282,0.025588587,-0.29585278,0.17785475,0.019200504,-0.2860186,0.16248393,0.02172865,-0.31544235
0.11998538,0.16375735,-0.337588,0.10636972,0.1554524,-0.33004168,0.095106356,0.17199942,-0.35943758
0.10636972,0.1554524,-0.33004168,0.08485791,0.15607324,-0.34064287,0.095106356,0.17199942,-0.35943758
0.095106356,0.17199942,-0.35943758,0.08485791,0.15607324,-0.34064287,0.06900896,0.16683885,-0.358735
0.047462963,0.021036103,0.077417016,0.0703557,0.022298306,0.044951495,0.06980325,0.020828992,0.07011631
0.03097462,0.040825933,0.05162789,0.013374073,0.033667,0.04876603,0.02758284,0.04512234,0.035160918
-0.020041332,0.40110877,-0.3952615,-0.041377366,0.4053959,-0.4236263,-0.0099708885,0.39478144,-0.4177267
-0.041377366,0.4053959,-0.4236263,-0.061271623,0.41626814,-0.4294964,-0.040382326,0.40771428,-0.440629
-0.040382326,0.40771428,-0.440629,-0.061271623,0.41626814,-0.4294964,-0.05917044,0.42294315,-0.44855177
0.13887009,0.71457934,0.020966321,0.14837727,0.72130513,0.020766687,0.14708832,0.7362925,0.021993093
0.16248393,0.02172865,-0.31544235,0.15561698,0.01858814,-0.30828196,0.14139636,0.022264853,-0.32901093
-0.1865942,0.04580009,0.06838282,-0.18753427,0.04052289,0.04576739,-0.15574476,0.0312441,0.088990465
0.06900896,0.16683885,-0.358735,0.049114235,0.18511519,-0.3765156,0.089170754,0.19085303,-0.38008976
0.07934786,0.17528698,-0.36804178,0.06900896,0.16683885,-0.358735,0.089170754,0.19085303,-0.38008976
0.07869385,0.021464989,0.07570766,0.09098134,0.020269692,0.034187086,0.11300644,0.019145042,0.026724994
0.02758284,0.04512234,0.035160918,0.013374073,0.033667,0.04876603,0.0080675855,0.041042745,0.026266566
0.10122557,0.027274042,-0.3363421,0.12187743,0.033946753,-0.340215,0.13109227,0.026996344,-0.34000093
-0.047799245,0.4102507,-0.41035208,-0.041377366,0.4053959,-0.4236263,-0.020041332,0.40110877,-0.3952615
-0.061271623,0.41626814,-0.4294964,-0.069089994,0.4269775,-0.43873432,-0.05917044,0.42294315,-0.44855177
-0.12631746,0.023743495,-0.016424019,-0.09073011,0.02318126,-0.02931758,-0.051990934,0.019985497,0.0014432222
0.16689157,0.01781249,-0.2757893,0.15561698,0.01858814,-0.30828196,0.17785475,0.019200504,-0.2860186
0.12553108,0.15325734,-0.2977099,0.10103455,0.1450372,-0.29187804,0.10636972,0.1554524,-0.33004168
0.08625539,0.14742067,-0.3178505,0.08485791,0.15607324,-0.34064287,0.10636972,0.1554524,-0.33004168
0.08485791,0.15607324,-0.34064287,0.068370946,0.1550085,-0.33840334,0.06900896,0.16683885,-0.358735
0.049114235,0.18511519,-0.3765156,0.016912878,0.19364187,-0.38109687,0.044156812,0.19793016,-0.39234185
0.044156812,0.19793016,-0.39234185,0.016912878,0.19364187,-0.38109687,0.02610831,0.21218523,-0.40281534
-0.16175151,0.025416896,-0.24134848,-0.14428735,0.0317131,-0.25990686,-0.13410388,0.025844097,-0.2564334
0.05458588,0.04443845,-0.02538701,-0.004491158,0.042442843,-0.06055092,0.051163636,0.04324016,-0.0540646
0.051163636,0.04324016,-0.0540646,0.02843963,0.04133004,-0.1070702,0.064049,0.04252605,-0.07709077
-0.047799245,0.4102507,-0.41035208,-0.061271623,0.41626814,-0.4294964,-0.041377366,0.4053959,-0.4236263
-0.12361389,0.026023656,-0.02470409,-0.098486416,0.03155443,-0.03984049,-0.09073011,0.02318126,-0.02931758
-0.12361389,0.026023656,-0.02470409,-0.12069638,0.03558916,-0.035427947,-0.098486416,0.03155443,-0.03984049
0.16689157,0.01781249,-0.2757893,0.13261789,0.017529294,-0.29609242,0.15561698,0.01858814,-0.30828196
0.10827499,0.6869432,8.40798E-6,0.09725339,0.6725,-0.013805218,0.10672531,0.67287576,-0.009391703
0.22545512,0.57023096,-0.2834662,0.25709495,0.58087194,-0.27228326,0.2560876,0.5802604,-0.2505726
0.10103455,0.1450372,-0.29187804,0.08625539,0.14742067,-0.3178505,0.10636972,0.1554524,-0.33004168
0.068370946,0.1550085,-0.33840334,0.053295918,0.16085255,-0.3471094,0.06900896,0.16683885,-0.358735
0.016912878,0.19364187,-0.38109687,0.0072409213,0.20755073,-0.39267847,0.02610831,0.21218523,-0.40281534
-0.0010337085,0.21949512,-0.39932,0.020400897,0.2375553,-0.41729712,0.02610831,0.21218523,-0.40281534
0.0072409213,0.20755073,-0.39267847,-0.0010337085,0.21949512,-0.39932,0.02610831,0.21218523,-0.40281534
0.020400897,0.2375553,-0.41729712,-0.0010337085,0.21949512,-0.39932,-0.010093182,0.23786762,-0.40457752
-0.0018133074,0.029478833,-0.37410384,-0.031841457,0.029728249,-0.38031524,-0.03153357,0.048199505,-0.37687272
0.14355662,0.037863493,-0.33082473,0.13109227,0.026996344,-0.34000093,0.12187743,0.033946753,-0.340215
-0.0421959,0.4164752,-0.38804013,-0.047799245,0.4102507,-0.41035208,-0.020041332,0.40110877,-0.3952615
-0.21593575,0.03981185,-0.0809963,-0.20737888,0.047383994,-0.11363863,-0.21310152,0.029167354,-0.08840287
-0.14428735,0.0317131,-0.25990686,-0.16799608,0.032699287,-0.25058076,-0.15952708,0.05147165,-0.25430107
-0.12631746,0.023743495,-0.016424019,-0.12361389,0.026023656,-0.02470409,-0.09073011,0.02318126,-0.02931758
-0.20216066,0.07286815,0.17281467,-0.21518192,0.07312718,0.14459535,-0.1852014,0.05292535,0.13794558
0.11183797,0.019232199,-0.32051855,0.14139636,0.022264853,-0.32901093,0.15561698,0.01858814,-0.30828196
0.13261789,0.017529294,-0.29609242,0.11183797,0.019232199,-0.32051855,0.15561698,0.01858814,-0.30828196
0.11183797,0.019232199,-0.32051855,0.112322256,0.022393897,-0.33344492,0.14139636,0.022264853,-0.32901093
-0.22116005,0.035165846,0.002411209,-0.23117958,0.050807655,0.00544893,-0.22960027,0.034882993,-0.021740042
0.049114235,0.18511519,-0.3765156,0.028179899,0.17572981,-0.3607823,0.016912878,0.19364187,-0.38109687
-0.12551388,0.021897495,0.011360828,-0.12631746,0.023743495,-0.016424019,-0.099218085,0.024214506,-0.00440187
0.04883662,0.038950235,-0.3173904,0.064680696,0.029503852,-0.32642442,0.035606936,0.02298379,-0.3333396
0.14396626,0.15520129,-0.26073495,0.12553108,0.15325734,-0.2977099,0.14381872,0.15861613,-0.28946367
0.08625539,0.14742067,-0.3178505,0.068370946,0.1550085,-0.33840334,0.08485791,0.15607324,-0.34064287
0.06900896,0.16683885,-0.358735,0.053295918,0.16085255,-0.3471094,0.028179899,0.17572981,-0.3607823
0.06900896,0.16683885,-0.358735,0.028179899,0.17572981,-0.3607823,0.049114235,0.18511519,-0.3765156
-0.20829064,0.06676145,0.056737408,-0.1865942,0.04580009,0.06838282,-0.20817953,0.07666984,0.07705874
-0.031519618,0.039325,-0.16008277,-0.075366065,0.040959492,-0.21106684,-0.010652326,0.038712993,-0.15400004
-0.007599568,0.04325679,-0.011581268,0.0080675855,0.041042745,0.026266564,-0.019513594,0.03712085,-0.014318317
0.1336238,0.14765081,-0.25457013,0.12050167,0.14617309,-0.26959518,0.12553108,0.15325734,-0.2977099
0.14396626,0.15520129,-0.26073495,0.1336238,0.14765081,-0.25457013,0.12553108,0.15325734,-0.2977099
0.12553108,0.15325734,-0.2977099,0.12050167,0.14617309,-0.26959518,0.10103455,0.1450372,-0.29187804
-0.0010337085,0.21949512,-0.39932,-0.028234765,0.22215185,-0.38073778,-0.010093182,0.23786762,-0.40457752
0.12795836,0.38172045,-0.0057878643,0.119323045,0.40014276,-0.013097301,0.11669821,0.39620557,0.014730919
0.41555688,0.75030565,-0.17279796,0.41198242,0.75444436,-0.17264053,0.41285002,0.74995744,-0.15687941
-0.14771126,0.032236695,0.11319251,-0.13488169,0.025231838,0.09038755,-0.110857174,0.024900645,0.11143545
-0.14771126,0.032236695,0.11319251,-0.15574476,0.0312441,0.088990465,-0.13488169,0.025231838,0.09038755
0.17719,0.019369707,-0.22892605,0.16616955,0.017649546,-0.22972098,0.17899767,0.01950109,-0.2531169
0.13226323,0.01731114,-0.26147383,0.16689157,0.01781249,-0.2757893,0.17899767,0.01950109,-0.2531169
0.16616955,0.017649546,-0.22972098,0.13226323,0.01731114,-0.26147383,0.17899767,0.01950109,-0.2531169
0.13226323,0.01731114,-0.26147383,0.13261789,0.017529294,-0.29609242,0.16689157,0.01781249,-0.2757893
0.075878754,0.022653192,-0.32445014,0.112322256,0.022393897,-0.33344492,0.11183797,0.019232199,-0.32051855
0.112322256,0.022393897,-0.33344492,0.075878754,0.022653192,-0.32445014,0.10122557,0.027274042,-0.3363421
0.15030056,0.21512598,-0.37913057,0.1667466,0.23620138,-0.38477507,0.1653153,0.21377519,-0.3637827
0.10103455,0.1450372,-0.29187804,0.12050167,0.14617309,-0.26959518,0.106211536,0.13500234,-0.266788
0.08625539,0.14742067,-0.3178505,0.06306612,0.14417204,-0.31039113,0.068370946,0.1550085,-0.33840334
-0.010875672,0.20101368,-0.37503093,-0.0010337085,0.21949512,-0.39932,0.0072409213,0.20755073,-0.39267847
-0.010875672,0.20101368,-0.37503093,-0.028234765,0.22215185,-0.38073778,-0.0010337085,0.21949512,-0.39932
-0.057409763,0.032175094,-0.37554222,-0.082782134,0.03841555,-0.35728782,-0.067113146,0.04221496,-0.37098992
0.06285877,0.020089298,-0.31400743,0.11183797,0.019232199,-0.32051855,0.13261789,0.017529294,-0.29609242
0.106211536,0.13500234,-0.266788,0.08966856,0.13841751,-0.2762788,0.10103455,0.1450372,-0.29187804
0.07121417,0.1390073,-0.2919452,0.06306612,0.14417204,-0.31039113,0.08625539,0.14742067,-0.3178505
0.06306612,0.14417204,-0.31039113,0.04800047,0.15132597,-0.32396173,0.068370946,0.1550085,-0.33840334
0.068370946,0.1550085,-0.33840334,0.04800047,0.15132597,-0.32396173,0.053295918,0.16085255,-0.3471094
0.016912878,0.19364187,-0.38109687,-0.010875672,0.20101368,-0.37503093,0.0072409213,0.20755073,-0.39267847
0.04794578,0.03852594,0.048931435,0.03097462,0.040825933,0.05162789,0.02758284,0.04512234,0.035160918
-0.14748192,0.034454644,-0.023573361,-0.1603756,0.035238445,-0.02396315,-0.1475543,0.04502134,-0.035327915
-0.21789992,0.0258874,-0.040843952,-0.20532407,0.024074003,-0.07532584,-0.15836787,0.024064004,-0.17149669
-0.086087346,0.029685497,0.07373186,-0.105528295,0.022734553,0.087662034,-0.11234371,0.0329165,0.068150416
0.06285877,0.020089298,-0.31400743,0.075878754,0.022653192,-0.32445014,0.11183797,0.019232199,-0.32051855
-0.14748192,0.034454644,-0.023573361,-0.12069638,0.03558916,-0.035427947,-0.12361389,0.026023656,-0.02470409
0.060278624,0.40545473,-0.43856934,0.050472587,0.3939719,-0.4292277,0.026581198,0.39583388,-0.43377358
0.063519076,0.47389427,-0.13898952,0.056355633,0.47362664,-0.113878705,0.078606,0.46549937,-0.106914915
0.10103455,0.1450372,-0.29187804,0.07121417,0.1390073,-0.2919452,0.08625539,0.14742067,-0.3178505
0.02731967,0.16395131,-0.34070686,0.053295918,0.16085255,-0.3471094,0.04800047,0.15132597,-0.32396173
0.053295918,0.16085255,-0.3471094,0.02731967,0.16395131,-0.34070686,0.028179899,0.17572981,-0.3607823
3.619939E-4,0.1802392,-0.35588798,-0.010875672,0.20101368,-0.37503093,0.016912878,0.19364187,-0.38109687
-0.059632365,0.020626545,-0.012274697,-0.071941525,0.024016887,-0.03092786,-0.05470547,0.030965388,-0.035298318
-0.03623424,0.027312398,-0.01988582,-0.059632365,0.020626545,-0.012274697,-0.05470547,0.030965388,-0.035298318
-0.19938894,0.088865444,0.20271902,-0.20216066,0.07286815,0.17281467,-0.17625336,0.06907949,0.18893127
0.02731967,0.16395131,-0.34070686,3.619939E-4,0.1802392,-0.35588798,0.028179899,0.17572981,-0.3607823
0.028179899,0.17572981,-0.3607823,3.619939E-4,0.1802392,-0.35588798,0.016912878,0.19364187,-0.38109687
-0.19907695,0.05486968,0.096239075,-0.22279468,0.07469764,0.10983887,-0.2074762,0.065767035,0.090858944
0.16938715,0.01864554,-0.20313402,0.16616955,0.017649546,-0.22972098,0.17719,0.019369707,-0.22892605
0.08966856,0.13841751,-0.2762788,0.07121417,0.1390073,-0.2919452,0.10103455,0.1450372,-0.29187804
0.1653153,0.21377519,-0.3637827,0.150265,0.19913223,-0.35627896,0.15030056,0.21512598,-0.37913057
-0.099218085,0.024214506,-0.00440187,-0.12631746,0.023743495,-0.016424019,-0.051990934,0.019985497,0.0014432222
-0.09971582,0.044154152,0.16442959,-0.12364583,0.032633185,0.13716787,-0.103918865,0.029080048,0.12895194
-0.12364583,0.032633185,0.13716787,-0.110857174,0.024900645,0.11143545,-0.103918865,0.029080048,0.12895194
-0.039233588,0.10915664,-0.3015404,-0.063420705,0.12285361,-0.29289597,-0.038811475,0.131206,-0.29777232
0.12623324,0.017489493,-0.2316435,0.13226323,0.01731114,-0.26147383,0.16616955,0.017649546,-0.22972098
0.066465735,0.018113434,-0.28928658,0.13261789,0.017529294,-0.29609242,0.13226323,0.01731114,-0.26147383
0.066465735,0.018113434,-0.28928658,0.06285877,0.020089298,-0.31400743,0.13261789,0.017529294,-0.29609242
-0.12364583,0.032633185,0.13716787,-0.14771126,0.032236695,0.11319251,-0.110857174,0.024900645,0.11143545
-0.19907695,0.05486968,0.096239075,-0.2074762,0.065767035,0.090858944,-0.1865942,0.04580009,0.06838282
0.17740282,0.025588587,-0.29585278,0.17955798,0.03234774,-0.27782875,0.17785475,0.019200504,-0.2860186
0.0292681,0.14992595,-0.31065404,0.04800047,0.15132597,-0.32396173,0.06306612,0.14417204,-0.31039113
0.0292681,0.14992595,-0.31065404,0.02731967,0.16395131,-0.34070686,0.04800047,0.15132597,-0.32396173
-0.20218548,0.04494214,-0.14259733,-0.19910096,0.038203835,-0.1637746,-0.19973579,0.02988799,-0.15311751
0.05458588,0.04443845,-0.02538701,0.051163636,0.04324016,-0.0540646,0.07717112,0.045144737,-0.008897468
-0.18796712,0.43367812,-0.05699894,-0.2002965,0.41831872,-0.027786382,-0.1994452,0.42857477,-0.015302278
0.0292681,0.14992595,-0.31065404,0.0050900877,0.16582638,-0.33141077,0.02731967,0.16395131,-0.34070686
0.0050900877,0.16582638,-0.33141077,3.619939E-4,0.1802392,-0.35588798,0.02731967,0.16395131,-0.34070686
-0.02622655,0.18303654,-0.33879465,-0.03708422,0.2057727,-0.35734224,-0.010875672,0.20101368,-0.37503093
-0.010875672,0.20101368,-0.37503093,-0.03708422,0.2057727,-0.35734224,-0.028234765,0.22215185,-0.38073778
-0.20829064,0.06676145,0.056737408,-0.18753427,0.04052289,0.04576739,-0.1865942,0.04580009,0.06838282
0.12623324,0.017489493,-0.2316435,0.16616955,0.017649546,-0.22972098,0.16938715,0.01864554,-0.20313402
0.40334642,0.7536341,-0.17295656,0.41285002,0.74995744,-0.15687941,0.41198242,0.75444436,-0.17264053
3.619939E-4,0.1802392,-0.35588798,-0.02622655,0.18303654,-0.33879465,-0.010875672,0.20101368,-0.37503093
-0.13544543,0.046611503,-0.16945145,-0.11972963,0.045847505,-0.19043437,-0.07793976,0.042004794,-0.15547502
-0.11756273,0.029623196,-0.26529157,-0.13410388,0.025844097,-0.2564334,-0.14428735,0.0317131,-0.25990686
0.14980191,0.025354639,-0.007951606,0.12788293,0.032222703,0.025796372,0.11300644,0.019145042,0.026724998
0.17617023,0.020681486,-0.17944449,0.16370226,0.018113583,-0.18373393,0.16938715,0.01864554,-0.20313402
0.16370226,0.018113583,-0.18373393,0.12623324,0.017489493,-0.2316435,0.16938715,0.01864554,-0.20313402
0.075878754,0.022653192,-0.32445014,0.06285877,0.020089298,-0.31400743,0.064680696,0.029503852,-0.32642442
0.06285877,0.020089298,-0.31400743,0.035606936,0.02298379,-0.3333396,0.064680696,0.029503852,-0.32642442
0.02999498,0.036447495,-0.349461,0.035560593,0.025432244,-0.34179944,0.016116768,0.025125384,-0.3604116
-0.23819989,0.09401849,0.12549902,-0.24228194,0.11072773,0.12082549,-0.2281139,0.09031199,0.10097855
-0.040304884,0.54640067,-0.45888522,-0.030347764,0.54517853,-0.46792445,-0.04919143,0.5224447,-0.4708478
-0.12298597,0.043542206,-0.043619424,-0.10641235,0.043635353,-0.06812276,-0.08884972,0.040739194,-0.05066956
0.21699408,0.020945504,-0.12874834,0.19712877,0.018318295,-0.14877097,0.19750357,0.0236824,-0.15566978
0.19712877,0.018318295,-0.14877097,0.16370226,0.018113583,-0.18373393,0.19750357,0.0236824,-0.15566978
0.19750357,0.0236824,-0.15566978,0.16370226,0.018113583,-0.18373393,0.17617023,0.020681486,-0.17944449
0.035606936,0.02298379,-0.3333396,-0.004547134,0.023894846,-0.36747658,0.016116768,0.025125384,-0.3604116
0.016116768,0.025125384,-0.3604116,-0.004547134,0.023894846,-0.36747658,-0.0018133074,0.029478833,-0.37410384
-0.02622655,0.18303654,-0.33879465,3.619939E-4,0.1802392,-0.35588798,0.0050900877,0.16582638,-0.33141077
-0.03708422,0.2057727,-0.35734224,-0.051968575,0.21875772,-0.35602555,-0.028234765,0.22215185,-0.38073778
-1.804214E-4,0.021677002,0.066834874,-0.02906363,0.021163091,0.038836896,-0.0031495206,0.023295939,0.0398909
-0.007599568,0.04325679,-0.011581268,-0.019513594,0.03712085,-0.014318317,-0.05003997,0.0408639,-0.04574792
0.21701744,0.018836945,-0.10891083,0.19400132,0.018091083,-0.123582765,0.21699408,0.020945504,-0.12874834
0.19400132,0.018091083,-0.123582765,0.19712877,0.018318295,-0.14877097,0.21699408,0.020945504,-0.12874834
0.19400132,0.018091083,-0.123582765,0.15694515,0.01800245,-0.17334406,0.19712877,0.018318295,-0.14877097
0.15694515,0.01800245,-0.17334406,0.16370226,0.018113583,-0.18373393,0.19712877,0.018318295,-0.14877097
0.056689456,0.017926484,-0.26918608,0.13226323,0.01731114,-0.26147383,0.12623324,0.017489493,-0.2316435
0.056689456,0.017926484,-0.26918608,0.066465735,0.018113434,-0.28928658,0.13226323,0.01731114,-0.26147383
0.06285877,0.020089298,-0.31400743,-0.0035723299,0.021715894,-0.3486542,0.035606936,0.02298379,-0.3333396
0.33701152,0.59827757,-0.2342425,0.33272392,0.5996139,-0.2169227,0.3157223,0.593066,-0.2433913
0.04794578,0.03852594,0.048931435,0.048956353,0.04588379,0.018166736,0.0688287,0.04204385,0.020671863
0.16370226,0.018113583,-0.18373393,0.10790638,0.018026143,-0.2053149,0.12623324,0.017489493,-0.2316435
0.10790638,0.018026143,-0.2053149,0.089497074,0.017509297,-0.21834198,0.12623324,0.017489493,-0.2316435
0.056689456,0.017926484,-0.26918608,0.05018215,0.016549498,-0.27696937,0.066465735,0.018113434,-0.28928658
0.066465735,0.018113434,-0.28928658,0.005645588,0.020640254,-0.3089201,0.06285877,0.020089298,-0.31400743
0.005645588,0.020640254,-0.3089201,-0.0035723299,0.021715894,-0.3486542,0.06285877,0.020089298,-0.31400743
-0.0035723299,0.021715894,-0.3486542,-0.004547134,0.023894846,-0.36747658,0.035606936,0.02298379,-0.3333396
6.11946E-4,0.15915334,-0.31290132,-0.019002609,0.16730785,-0.3154943,0.0050900877,0.16582638,-0.33141077
-0.019002609,0.16730785,-0.3154943,-0.02622655,0.18303654,-0.33879465,0.0050900877,0.16582638,-0.33141077
-0.050616845,0.20141166,-0.3322885,-0.051968575,0.21875772,-0.35602555,-0.03708422,0.2057727,-0.35734224
0.15694515,0.01800245,-0.17334406,0.10790638,0.018026143,-0.2053149,0.16370226,0.018113583,-0.18373393
-0.02622655,0.18303654,-0.33879465,-0.043706246,0.1866135,-0.32495734,-0.03708422,0.2057727,-0.35734224
-0.043706246,0.1866135,-0.32495734,-0.050616845,0.20141166,-0.3322885,-0.03708422,0.2057727,-0.35734224
-0.07104442,0.023353547,0.097240314,-0.105528295,0.022734553,0.087662034,-0.07300565,0.023120195,0.082675695
0.21825045,0.02387999,-0.09125546,0.1939078,0.017893791,-0.08872575,0.21701744,0.018836945,-0.10891083
0.1939078,0.017893791,-0.08872575,0.19400132,0.018091083,-0.123582765,0.21701744,0.018836945,-0.10891083
0.19400132,0.018091083,-0.123582765,0.1456889,0.020029992,-0.15679945,0.15694515,0.01800245,-0.17334406
0.12623324,0.017489493,-0.2316435,0.07913774,0.018228501,-0.24753426,0.056689456,0.017926484,-0.26918608
-0.0035723299,0.021715894,-0.3486542,-0.03226693,0.024962798,-0.3753023,-0.004547134,0.023894846,-0.36747658
-0.22377655,0.09428689,0.17701471,-0.23360449,0.094849795,0.15179244,-0.21518192,0.07312718,0.14459535
0.061033342,0.032057688,0.043198798,0.04794578,0.03852594,0.048931435,0.0688287,0.04204385,0.020671863
0.20715675,0.0180327,-0.08165631,0.1939078,0.017893791,-0.08872575,0.21825045,0.02387999,-0.09125546
0.07358879,0.018518195,-0.21857633,0.12623324,0.017489493,-0.2316435,0.089497074,0.017509297,-0.21834198
0.07358879,0.018518195,-0.21857633,0.07913774,0.018228501,-0.24753426,0.12623324,0.017489493,-0.2316435
0.06941176,0.027747482,-0.22865848,0.056689456,0.017926484,-0.26918608,0.07913774,0.018228501,-0.24753426
0.05018215,0.016549498,-0.27696937,-0.026560001,0.018341482,-0.2476277,0.066465735,0.018113434,-0.28928658
-0.026560001,0.018341482,-0.2476277,0.005645588,0.020640254,-0.3089201,0.066465735,0.018113434,-0.28928658
0.005645588,0.020640254,-0.3089201,-0.032413706,0.02209784,-0.34001344,-0.0035723299,0.021715894,-0.3486542
-0.03226693,0.024962798,-0.3753023,-0.057409763,0.032175094,-0.37554222,-0.031841457,0.029728249,-0.38031524
0.06941176,0.027747482,-0.22865848,0.07913774,0.018228501,-0.24753426,0.07358879,0.018518195,-0.21857633
-0.05046399,0.023452044,-0.36793026,-0.03226693,0.024962798,-0.3753023,-0.0035723299,0.021715894,-0.3486542
0.089170754,0.19085303,-0.38008976,0.10839009,0.20851213,-0.39474958,0.12332052,0.19828436,-0.3778438
-0.038328923,0.17119598,-0.3058075,-0.02622655,0.18303654,-0.33879465,-0.019002609,0.16730785,-0.3154943
0.0703557,0.022298306,0.044951495,0.061033342,0.032057688,0.043198798,0.07646478,0.029515639,0.02519551
0.17053074,0.019176036,-0.11139341,0.1456889,0.020029992,-0.15679945,0.19400132,0.018091083,-0.123582765
0.10790638,0.018026143,-0.2053149,0.15694515,0.01800245,-0.17334406,0.1456889,0.020029992,-0.15679945
0.10086616,0.019277006,-0.18026862,0.10790638,0.018026143,-0.2053149,0.1456889,0.020029992,-0.15679945
-0.05046399,0.023452044,-0.36793026,-0.057409763,0.032175094,-0.37554222,-0.03226693,0.024962798,-0.3753023
-0.1496793,0.037549585,0.13331224,-0.14771126,0.032236695,0.11319251,-0.12364583,0.032633185,0.13716787
-0.038328923,0.17119598,-0.3058075,-0.043706246,0.1866135,-0.32495734,-0.02622655,0.18303654,-0.33879465
0.06980325,0.020828992,0.07011631,0.0703557,0.022298306,0.044951495,0.09098134,0.020269692,0.034187086
-0.050039966,0.0408639,-0.04574792,-0.10641235,0.043635353,-0.06812276,-0.048302732,0.041763186,-0.077377506
-0.19411941,0.02504173,-0.14276646,-0.18980524,0.026232034,-0.18073773,-0.17981547,0.024299845,-0.19097164
0.14991215,0.028401792,-0.13163462,0.1456889,0.020029992,-0.15679945,0.17053074,0.019176036,-0.11139341
0.14991215,0.028401792,-0.13163462,0.12168472,0.03086999,-0.16088179,0.1456889,0.020029992,-0.15679945
0.12168472,0.03086999,-0.16088179,0.10086616,0.019277006,-0.18026862,0.1456889,0.020029992,-0.15679945
-0.032413706,0.02209784,-0.34001344,-0.05046399,0.023452044,-0.36793026,-0.0035723299,0.021715894,-0.3486542
-0.05046399,0.023452044,-0.36793026,-0.066059664,0.027752206,-0.36931604,-0.057409763,0.032175094,-0.37554222
0.2131496,0.044430047,-0.119913965,0.2056863,0.062333047,-0.11027856,0.20865768,0.055125296,-0.085338734
0.15030056,0.21512598,-0.37913057,0.12332052,0.19828436,-0.3778438,0.13298303,0.21735302,-0.38987973
-0.043706246,0.1866135,-0.32495734,-0.052515484,0.1903094,-0.31254458,-0.050616845,0.20141166,-0.3322885
-0.050616845,0.20141166,-0.3322885,-0.064177476,0.20466575,-0.31251696,-0.06400015,0.22343919,-0.34030738
-0.19755054,0.024426699,-0.11481938,-0.21310152,0.029167354,-0.08840287,-0.20685937,0.031149536,-0.12148427
-0.17773159,0.041519642,0.098751836,-0.1865942,0.04580009,0.06838282,-0.15574476,0.0312441,0.088990465
0.17053074,0.019176036,-0.11139341,0.19400132,0.018091083,-0.123582765,0.1939078,0.017893791,-0.08872575
-0.07154327,0.022800103,-0.33466077,-0.05046399,0.023452044,-0.36793026,-0.032413706,0.02209784,-0.34001344
0.4091925,0.7256504,-0.17826806,0.41555688,0.75030565,-0.17279796,0.41740894,0.73328555,-0.15764944
0.1398086,0.16537377,-0.3188483,0.1646002,0.18523306,-0.32034743,0.15793875,0.16646433,-0.29559824
-0.038328923,0.17119598,-0.3058075,-0.052515484,0.1903094,-0.31254458,-0.043706246,0.1866135,-0.32495734
-0.052515484,0.1903094,-0.31254458,-0.064177476,0.20466575,-0.31251696,-0.050616845,0.20141166,-0.3322885
-0.06400015,0.22343919,-0.34030738,-0.07539104,0.21718171,-0.31461015,-0.079135336,0.23074198,-0.32347676
0.15661505,0.027961642,-0.09818155,0.14991215,0.028401792,-0.13163462,0.17053074,0.019176036,-0.11139341
0.15661505,0.027961642,-0.09818155,0.14707159,0.03788519,-0.11312996,0.14991215,0.028401792,-0.13163462
0.14707159,0.03788519,-0.11312996,0.11794966,0.042593002,-0.15378454,0.14991215,0.028401792,-0.13163462
0.11794966,0.042593002,-0.15378454,0.12168472,0.03086999,-0.16088179,0.14991215,0.028401792,-0.13163462
0.06315913,0.018164992,-0.17703876,0.089497074,0.017509297,-0.21834198,0.10790638,0.018026143,-0.2053149
0.010005206,0.42490533,-0.49724612,-0.004490316,0.43122676,-0.4975742,0.022482216,0.44084188,-0.5046217
-0.21310152,0.029167354,-0.08840287,-0.20737888,0.047383994,-0.11363863,-0.20685937,0.031149536,-0.12148427
-0.038328923,0.17119598,-0.3058075,-0.07288312,0.18826064,-0.2968746,-0.052515484,0.1903094,-0.31254458
-0.07288312,0.18826064,-0.2968746,-0.064177476,0.20466575,-0.31251696,-0.052515484,0.1903094,-0.31254458
0.06980325,0.020828992,0.07011631,0.09098134,0.020269692,0.034187086,0.07869385,0.021464989,0.07570766
0.026880035,0.023712993,0.07204997,0.03800254,0.028226003,0.06532265,0.047462963,0.021036103,0.077417016
0.15681578,0.018154845,-0.0537947,0.17053074,0.019176036,-0.11139341,0.1939078,0.017893791,-0.08872575
-0.07870425,0.025036544,-0.34371942,-0.066059664,0.027752206,-0.36931604,-0.05046399,0.023452044,-0.36793026
0.033306446,0.022417143,0.09530309,-1.8041953E-4,0.021677002,0.066834874,0.047462963,0.021036103,0.077417016
-0.20532407,0.024074003,-0.07532584,-0.19755054,0.024426699,-0.11481938,-0.15836787,0.024064004,-0.17149669
-0.0028716587,0.026469693,0.10256876,-0.036249723,0.02421993,0.09351048,0.033306446,0.022417143,0.09530309
0.035560593,0.025432244,-0.34179944,0.035606936,0.02298379,-0.3333396,0.016116768,0.025125384,-0.3604116
0.15664896,0.019550338,-0.07426211,0.17053074,0.019176036,-0.11139341,0.15681578,0.018154845,-0.0537947
0.15664896,0.019550338,-0.07426211,0.15661505,0.027961642,-0.09818155,0.17053074,0.019176036,-0.11139341
0.06315913,0.018164992,-0.17703876,0.07358879,0.018518195,-0.21857633,0.089497074,0.017509297,-0.21834198
0.07358879,0.018518195,-0.21857633,0.03964104,0.031630993,-0.19949503,0.06941176,0.027747482,-0.22865848
-0.031385295,0.022220641,-0.27787244,0.005645588,0.020640254,-0.3089201,-0.026560001,0.018341482,-0.2476277
-0.031385295,0.022220641,-0.27787244,-0.038660727,0.022351354,-0.30935395,0.005645588,0.020640254,-0.3089201
-0.038660727,0.022351354,-0.30935395,-0.032413706,0.02209784,-0.34001344,0.005645588,0.020640254,-0.3089201
-0.07870425,0.025036544,-0.34371942,-0.05046399,0.023452044,-0.36793026,-0.07154327,0.022800103,-0.33466077
-0.08200054,0.029586539,-0.35389787,-0.066059664,0.027752206,-0.36931604,-0.07870425,0.025036544,-0.34371942
-0.066059664,0.027752206,-0.36931604,-0.08200054,0.029586539,-0.35389787,-0.082782134,0.03841555,-0.35728782
-0.036249723,0.02421993,0.09351048,-0.022294842,0.022081137,0.077587165,0.033306446,0.022417143,0.09530309
0.02843963,0.04133004,-0.1070702,-0.031519618,0.039325,-0.16008277,0.026780866,0.040314496,-0.14200804
-0.07288312,0.18826064,-0.2968746,-0.08435848,0.2277517,-0.30739254,-0.064177476,0.20466575,-0.31251696
-0.18980524,0.026232034,-0.18073773,-0.19371635,0.031447694,-0.19623888,-0.17981547,0.024299845,-0.19097164
-0.19371635,0.031447694,-0.19623888,-0.18492736,0.028164536,-0.22095259,-0.17981547,0.024299845,-0.19097164
0.17582393,0.017434984,-0.057089735,0.15681578,0.018154845,-0.0537947,0.1939078,0.017893791,-0.08872575
0.1451594,0.02959299,-0.073082104,0.15661505,0.027961642,-0.09818155,0.15664896,0.019550338,-0.07426211
0.13170889,0.043199047,-0.10599476,0.11794966,0.042593002,-0.15378454,0.14707159,0.03788519,-0.11312996
0.13170889,0.043199047,-0.10599476,0.07664585,0.040977,-0.1470632,0.11794966,0.042593002,-0.15378454
0.06315913,0.018164992,-0.17703876,0.10790638,0.018026143,-0.2053149,0.10086616,0.019277006,-0.18026862
-0.038660727,0.022351354,-0.30935395,-0.07154327,0.022800103,-0.33466077,-0.032413706,0.02209784,-0.34001344
-0.13563316,0.049885347,0.17094243,-0.12364583,0.032633185,0.13716787,-0.09971582,0.044154152,0.16442959
-0.17165636,0.03819701,-0.03580616,-0.16048294,0.04753548,-0.051073708,-0.1475543,0.04502134,-0.035327915
-0.10641235,0.043635353,-0.06812276,-0.15294306,0.0468245,-0.104403414,-0.09787154,0.04321754,-0.13255593
0.07062718,0.04688704,0.110118456,0.070253365,0.02980949,0.102377094,0.09816544,0.0306461,0.070593044
0.13932784,0.042021647,-0.08593792,0.14707159,0.03788519,-0.11312996,0.15661505,0.027961642,-0.09818155
0.13932784,0.042021647,-0.08593792,0.13170889,0.043199047,-0.10599476,0.14707159,0.03788519,-0.11312996
0.07374028,0.04161699,-0.14242776,0.07664585,0.040977,-0.1470632,0.13170889,0.043199047,-0.10599476
0.04834493,0.019686535,-0.1918735,0.07358879,0.018518195,-0.21857633,0.06315913,0.018164992,-0.17703876
0.04834493,0.019686535,-0.1918735,0.03964104,0.031630993,-0.19949503,0.07358879,0.018518195,-0.21857633
-0.060029358,0.23772743,-0.3596304,-0.044863924,0.24310914,-0.38009244,-0.051968575,0.21875772,-0.35602555
-0.14771126,0.032236695,0.11319251,-0.17773159,0.041519642,0.098751836,-0.15574476,0.0312441,0.088990465
-0.036249723,0.02421993,0.09351048,-0.046918184,0.021973938,0.0680031,-0.022294842,0.022081137,0.077587165
0.15661505,0.027961642,-0.09818155,0.1451594,0.02959299,-0.073082104,0.13932784,0.042021647,-0.08593792
-0.0031495206,0.023295939,0.0398909,-0.031129468,0.021001041,0.00658907,-0.015602535,0.026740998,0.0051902495
-0.14748192,0.034454644,-0.023573361,-0.12298597,0.043542206,-0.043619424,-0.12069638,0.03558916,-0.035427947
-0.071941525,0.024016887,-0.03092786,-0.098486416,0.03155443,-0.03984049,-0.07274969,0.0349997,-0.044350244
-1.804214E-4,0.021677002,0.066834874,0.026880035,0.023712993,0.07204997,0.047462963,0.021036103,0.077417016
0.026880035,0.023712993,0.07204997,-0.0031495206,0.023295939,0.0398909,0.013374073,0.033667,0.04876603
0.102810845,0.04292874,-0.08133976,0.13170889,0.043199047,-0.10599476,0.13932784,0.042021647,-0.08593792
-0.072535075,0.0231359,-0.29872864,-0.038660727,0.022351354,-0.30935395,-0.031385295,0.022220641,-0.27787244
-0.022294842,0.022081137,0.077587165,-0.046918184,0.021973938,0.0680031,-1.804214E-4,0.021677002,0.066834874
0.1451594,0.02959299,-0.073082104,0.121977374,0.040322244,-0.051204566,0.13932784,0.042021647,-0.08593792
0.102810845,0.04292874,-0.08133976,0.07374028,0.04161699,-0.14242776,0.13170889,0.043199047,-0.10599476
-0.072535075,0.0231359,-0.29872864,-0.07154327,0.022800103,-0.33466077,-0.038660727,0.022351354,-0.30935395
-0.12069638,0.03558916,-0.035427947,-0.12298597,0.043542206,-0.043619424,-0.08884972,0.040739194,-0.05066956
-0.15294306,0.0468245,-0.104403414,-0.14833918,0.047646,-0.1374903,-0.09787154,0.04321754,-0.13255593
-0.18492736,0.028164536,-0.22095259,-0.19371635,0.031447694,-0.19623888,-0.18921101,0.035184547,-0.22668093
0.10669944,0.04381284,-0.054401428,0.13932784,0.042021647,-0.08593792,0.121977374,0.040322244,-0.051204566
0.10669944,0.04381284,-0.054401428,0.102810845,0.04292874,-0.08133976,0.13932784,0.042021647,-0.08593792
0.06315913,0.018164992,-0.17703876,0.02212334,0.019143537,-0.18294114,0.04834493,0.019686535,-0.1918735
0.04834493,0.019686535,-0.1918735,0.02212334,0.019143537,-0.18294114,0.03964104,0.031630993,-0.19949503
-0.054502606,0.022338599,-0.26173168,-0.072535075,0.0231359,-0.29872864,-0.031385295,0.022220641,-0.27787244
0.14752865,0.018058196,-0.019557074,0.15681578,0.018154845,-0.0537947,0.17582393,0.017434984,-0.057089735
0.1451594,0.02959299,-0.073082104,0.1139898,0.029390901,-0.026657682,0.121977374,0.040322244,-0.051204566
-0.09201884,0.026034892,-0.30201748,-0.07154327,0.022800103,-0.33466077,-0.072535075,0.0231359,-0.29872864
-0.082782134,0.03841555,-0.35728782,-0.08200054,0.029586539,-0.35389787,-0.092718475,0.04156144,-0.33150956
-0.16175151,0.025416896,-0.24134848,-0.13410388,0.025844097,-0.2564334,-0.13535239,0.023289993,-0.21506047
0.027086131,0.026296988,0.10982768,0.033306446,0.022417143,0.09530309,0.05194529,0.024399996,0.104057506
-0.048302732,0.041763186,-0.077377506,-0.05045038,0.041019455,-0.12523305,-0.008571956,0.04143235,-0.09689401
0.11499184,0.02180788,-0.017148372,0.15664896,0.019550338,-0.07426211,0.15681578,0.018154845,-0.0537947
0.11499184,0.02180788,-0.017148372,0.1139898,0.029390901,-0.026657682,0.1451594,0.02959299,-0.073082104
0.15664896,0.019550338,-0.07426211,0.11499184,0.02180788,-0.017148372,0.1451594,0.02959299,-0.073082104
0.02212334,0.019143537,-0.18294114,0.010709435,0.029457986,-0.19436246,0.03964104,0.031630993,-0.19949503
-0.054502606,0.022338599,-0.26173168,-0.031385295,0.022220641,-0.27787244,-0.026560001,0.018341482,-0.2476277
0.0292681,0.14992595,-0.31065404,0.06306612,0.14417204,-0.31039113,0.047360376,0.13654849,-0.28409284
0.06306612,0.14417204,-0.31039113,0.07121417,0.1390073,-0.2919452,0.047360376,0.13654849,-0.28409284
0.07121417,0.1390073,-0.2919452,0.08966856,0.13841751,-0.2762788,0.047360376,0.13654849,-0.28409284
0.08966856,0.13841751,-0.2762788,0.07585785,0.12678725,-0.2665876,0.047360376,0.13654849,-0.28409284
0.07585785,0.12678725,-0.2665876,0.044211797,0.12939075,-0.26564148,0.047360376,0.13654849,-0.28409284
0.044211797,0.12939075,-0.26564148,0.024719633,0.13521534,-0.2835278,0.047360376,0.13654849,-0.28409284
0.024719633,0.13521534,-0.2835278,0.0292681,0.14992595,-0.31065404,0.047360376,0.13654849,-0.28409284
