-0.262768,0.02985,0.064755,-0.233768,0.02985,0.05533,-0.275,0.02985,-0.012500003
-0.244513,0.02985,-0.0125,-0.233768,0.02985,-0.08033,-0.275,0.02985,-0.0125
-0.262768,0.0,-0.089755,-0.275,0.0,-0.012500003,-0.275,0.02985,-0.012500003
-0.262768,0.0,-0.089755,-0.275,0.02985,-0.012500003,-0.262768,0.02985,-0.089755
-0.275,0.02985,-0.0125,-0.275,0.0,-0.0125,-0.262768,0.0,0.064755
-0.275,0.02985,-0.0125,-0.262768,0.0,0.064755,-0.262768,0.02985,0.064755
-0.17195,0.02985,-0.214755,-0.227255,0.0,-0.15945,-0.227255,0.02985,-0.15945
-0.227255,0.0,-0.15945,-0.262768,0.0,-0.089755,-0.262768,0.02985,-0.089755
-0.227255,0.0,-0.15945,-0.262768,0.02985,-0.089755,-0.227255,0.02985,-0.15945
-0.262768,0.02985,-0.089755,-0.275,0.02985,-0.012500003,-0.233768,0.02985,-0.08033
-0.08433,0.38185,0.04683,-0.07872,0.391553,0.04122,-0.090792,0.391553,0.025488
-0.244513,0.02985,-0.0125,-0.244513,0.268658,-0.0125,-0.233768,0.02985,-0.08033
-0.227255,0.02985,0.13445,-0.202585,0.02985,0.116525,-0.262768,0.02985,0.064755
-0.227255,0.02985,0.13445,-0.262768,0.02985,0.064755,-0.227255,0.0,0.13445
-0.262768,0.0,0.064755,-0.227255,0.0,0.13445,-0.262768,0.02985,0.064755
-0.244513,0.02985,-0.0125,-0.275,0.02985,-0.0125,-0.233768,0.02985,0.055330005
-0.233768,0.02985,0.05533,-0.262768,0.02985,0.064755,-0.202585,0.02985,0.116525
-0.202585,0.02985,0.116525,-0.202585,0.268658,0.116525,-0.233768,0.02985,0.05533
-0.233768,0.268658,-0.08033,-0.233768,0.029850006,-0.08033,-0.244513,0.268658,-0.012500003
-0.244513,0.02985,-0.0125,-0.233768,0.02985,0.055330005,-0.244513,0.268658,-0.0125
-0.233768,0.268658,0.05533,-0.244513,0.268658,-0.012500003,-0.233768,0.029850006,0.05533
-0.085975,0.98,-0.0125,-0.066707,0.991,-0.0125,-0.066073,0.991,-0.019745
-0.13061,0.77612,-0.0125,-0.118415,0.754805,-0.0125,-0.117,0.754805,0.0037199995
-0.118415,0.754805,-0.0125,-0.110885,0.746267,-0.00618,-0.117,0.754805,0.0037199995
-0.227255,0.0,-0.15945,-0.227255,0.0,0.13445002,-0.262768,0.0,-0.089755
-0.13061,0.77612,-0.0125,-0.117,0.754805,0.0037199995,-0.129013,0.77612,0.0058429996
-0.202585,0.02985,-0.141525,-0.154025,0.02985,-0.190085,-0.227255,0.02985,-0.15945
-0.233768,0.02985,-0.08033,-0.202585,0.02985,-0.141525,-0.262768,0.02985,-0.089755
-0.227255,0.02985,-0.15945,-0.262768,0.02985,-0.089755,-0.202585,0.02985,-0.141525
-0.17195,0.02985,-0.214755,-0.227255,0.02985,-0.15945,-0.154025,0.02985,-0.190085
-0.110128,0.746267,0.002508,-0.117,0.754805,0.00372,-0.110885,0.746267,-0.00618
-0.110128,0.746267,0.002508,-0.108485,0.746267,0.008635,-0.117,0.754805,0.00372
-0.233768,0.02985,-0.08033,-0.233768,0.268658,-0.08033,-0.202585,0.268658,-0.141525
-0.202585,0.02985,-0.141525,-0.233768,0.02985,-0.08033,-0.202585,0.268658,-0.141525
-0.077805,0.98,-0.042987,-0.082292,0.98,-0.033353,-0.061123,0.991,-0.033353
-0.061123,0.991,-0.033353,-0.082292,0.98,-0.033353,-0.064195,0.991,-0.026768
-0.129013,0.77612,-0.030843,-0.118415,0.754805,-0.012499999,-0.13061,0.77612,-0.012499999
-0.117,0.754805,-0.02872,-0.118415,0.754805,-0.012500001,-0.129013,0.77612,-0.030843
-0.118415,0.754805,-0.0125,-0.11144,0.746267,-0.0125,-0.110885,0.746267,-0.00618
-0.233768,0.268658,0.05533,-0.233768,0.029850006,0.05533,-0.202585,0.268658,0.116525
-0.244513,0.268658,-0.0125,-0.20061,0.298508,-0.0125,-0.233768,0.268658,-0.08033
-0.098378,0.645283,-0.032157,-0.100975,0.645283,-0.012499999,-0.095695,0.656717,-0.03144
-0.20061,0.298508,-0.0125,-0.192013,0.298508,-0.066768,-0.233768,0.268658,-0.08033
-0.192013,0.298508,0.041768,-0.20061,0.298508,-0.012499999,-0.244513,0.268658,-0.012499999
-0.244513,0.268658,-0.0125,-0.233768,0.268658,0.055330005,-0.192013,0.298508,0.041768
-0.11144,0.746267,-0.0125,-0.118415,0.754805,-0.0125,-0.11068,0.746267,-0.02119
-0.117,0.754805,-0.02872,-0.11068,0.746267,-0.02119,-0.118415,0.754805,-0.012500001
-0.233768,0.268658,0.05533,-0.202585,0.268658,0.116525,-0.167073,0.298508,0.09072
-0.110128,0.746267,-0.027507,-0.11068,0.746267,-0.02119,-0.117,0.754805,-0.02872
-0.06695,0.38185,0.060158,-0.062987,0.391553,0.053293,-0.07872,0.391553,0.04122
-0.17195,0.02985,0.189755,-0.227255,0.02985,0.13445,-0.17195,0.0,0.189755
-0.09289,0.77612,0.068402,-0.105903,0.77612,0.05539,-0.08505,0.754805,0.05906
-0.08433,0.38185,0.04683,-0.06695,0.38185,0.060158,-0.07872,0.391553,0.04122
-0.192013,0.298508,-0.066768,-0.20061,0.298508,-0.012499999,-0.198975,0.298508,-0.069025
-0.100975,0.645283,-0.0125,-0.098182,0.656717,-0.0125,-0.095695,0.656717,-0.03144
-0.198975,0.298508,0.044025,-0.207927,0.298508,-0.012499999,-0.20061,0.298508,-0.012499999
-0.091215,0.746267,0.043065,-0.09656,0.754805,0.04755,-0.09622,0.746267,0.035918
-0.207927,0.313433,-0.0125,-0.195733,0.313433,-0.0125,-0.198975,0.313433,-0.069025
-0.198975,0.313433,0.044025,-0.195733,0.313433,-0.012499999,-0.207927,0.313433,-0.012499999
-0.195733,0.313433,0.05039,-0.195733,0.313433,-0.012499999,-0.198975,0.313433,0.044025
-0.195733,0.313433,-0.07539,-0.198975,0.313433,-0.069025,-0.195733,0.313433,-0.012500003
-0.091215,0.746267,0.043065,-0.080565,0.746267,0.053715,-0.08505,0.754805,0.05906
-0.091215,0.746267,0.043065,-0.08505,0.754805,0.05906,-0.09656,0.754805,0.04755
-0.195733,0.313433,-0.07539,-0.198975,0.298508,-0.069025,-0.198975,0.313433,-0.069025
-0.076755,0.402985,0.039255,-0.07872,0.391553,0.04122,-0.062987,0.391553,0.053293
-0.207927,0.298508,-0.0125,-0.207927,0.313433,-0.0125,-0.198975,0.298508,-0.069025
-0.207927,0.313433,-0.0125,-0.198975,0.313433,-0.069025,-0.198975,0.298508,-0.069025
-0.207927,0.313433,-0.0125,-0.207927,0.298508,-0.0125,-0.198975,0.298508,0.044025
-0.207927,0.313433,-0.0125,-0.198975,0.298508,0.044025,-0.198975,0.313433,0.044025
-0.198975,0.298508,0.044025,-0.195733,0.313433,0.05039,-0.198975,0.313433,0.044025
-0.080565,0.746267,0.053715,-0.075368,0.746267,0.057358,-0.08505,0.754805,0.05906
-0.062987,0.391553,0.053293,-0.061598,0.402985,0.050878,-0.076755,0.402985,0.039255
0.052255,0.02985,0.225268,0.04283,0.02985,0.196268,-0.025000002,0.02985,0.2375
-0.025,0.02985,0.207013,-0.09283,0.02985,0.196268,-0.025,0.02985,0.2375
-0.102255,0.02985,0.225268,-0.024999999,0.02985,0.2375,-0.09283,0.02985,0.196268
-0.025,0.02985,0.2375,-0.025,0.0,0.2375,0.052255005,0.0,0.225268
-0.025,0.02985,0.2375,0.052255005,0.0,0.225268,0.052255005,0.02985,0.225268
-0.100975,0.645283,-0.0125,-0.098378,0.645283,0.007157999,-0.098182,0.656717,-0.0125
-0.025,0.0,0.2375,-0.025,0.02985,0.2375,-0.102255,0.02985,0.225268
-0.025,0.0,0.2375,-0.102255,0.02985,0.225268,-0.102255,0.0,0.225268
0.12195,0.02985,0.189755,0.104025,0.02985,0.165085,0.052255005,0.02985,0.225268
0.052255,0.02985,0.225268,0.052255,0.0,0.225268,0.12195,0.0,0.189755
0.052255,0.02985,0.225268,0.12195,0.0,0.189755,0.12195,0.02985,0.189755
-0.07872,0.414418,0.04122,-0.061598,0.402985,0.050878,-0.062987,0.414418,0.053293
-0.025,0.02985,0.207013,-0.025,0.02985,0.2375,0.042830005,0.02985,0.196268
-0.17195,0.0,0.189755,-0.102255,0.0,0.225268,-0.102255,0.02985,0.225268
-0.124245,0.799703,0.044792,-0.105903,0.77612,0.05539,-0.11278,0.799703,0.061158
-0.116463,0.77612,0.040305,-0.105903,0.77612,0.05539,-0.124245,0.799703,0.044792
-0.095695,0.656717,-0.03144,-0.098182,0.656717,-0.012499999,-0.098378,0.66815,-0.032157
-0.129013,0.77612,0.005843,-0.117,0.754805,0.00372,-0.11278,0.754805,0.01945
-0.098182,0.656717,-0.0125,-0.098378,0.645283,0.007157999,-0.095695,0.656717,0.0064399997
-0.098378,0.645283,0.007158,-0.097658,0.635583,0.02945,-0.090792,0.645283,0.025488
-0.129013,0.77612,0.005843,-0.11278,0.754805,0.01945,-0.124245,0.77612,0.023622
-0.062987,0.414418,0.053293,-0.061598,0.402985,0.050878,-0.04394,0.402985,0.058195
-0.025,0.02985,0.207013,0.042830005,0.02985,0.196268,-0.025,0.268658,0.207013
0.04283,0.268658,0.196268,-0.025000002,0.268658,0.207013,0.04283,0.029850006,0.196268
-0.124245,0.77612,0.023622,-0.105903,0.754805,0.034208,-0.116463,0.77612,0.040305
0.04283,0.268658,0.196268,0.04283,0.029850006,0.196268,0.104025,0.268658,0.165085
-0.062987,0.414418,0.053293,-0.08433,0.42412,0.04683,-0.07872,0.414418,0.04122
-0.11278,0.754805,0.01945,-0.105903,0.754805,0.034208,-0.124245,0.77612,0.023622
-0.06695,0.42412,0.060158,-0.08433,0.42412,0.04683,-0.062987,0.414418,0.053293
-0.09283,0.268658,0.196268,-0.09283,0.029850006,0.196268,-0.024999999,0.268658,0.207013
-0.025,0.02985,0.207013,-0.025,0.268658,0.207013,-0.09283,0.02985,0.196268
-0.116463,0.77612,0.040305,-0.105903,0.754805,0.034208,-0.09656,0.754805,0.04755
-0.105903,0.754805,0.034208,-0.09622,0.746267,0.035918,-0.09656,0.754805,0.04755
-0.116463,0.77612,0.040305,-0.09656,0.754805,0.04755,-0.105903,0.77612,0.05539
-0.098182,0.656717,-0.0125,-0.100975,0.66815,-0.0125,-0.098378,0.66815,-0.032157
-0.09283,0.02985,0.196268,-0.154025,0.02985,0.165085,-0.102255,0.02985,0.225268
-0.117,0.754805,0.00372,-0.108485,0.746267,0.008635,-0.11278,0.754805,0.01945
-0.106225,0.746267,0.017063,-0.11278,0.754805,0.01945,-0.108485,0.746267,0.008635
-0.17195,0.02985,0.189755,-0.17195,0.0,0.189755,-0.102255,0.02985,0.225268
-0.11278,0.754805,0.01945,-0.103545,0.746267,0.022815,-0.105903,0.754805,0.034208
-0.08433,0.42412,0.04683,-0.06695,0.42412,0.060158,-0.09272,0.430598,0.05522
-0.09986,0.746267,0.03072,-0.105903,0.754805,0.034208,-0.103545,0.746267,0.022815
-0.095695,0.656717,0.00644,-0.098378,0.645283,0.007158,-0.090792,0.645283,0.025488
-0.106225,0.746267,0.017063,-0.103545,0.746267,0.022815,-0.11278,0.754805,0.01945
-0.09986,0.746267,0.03072,-0.09622,0.746267,0.035918,-0.105903,0.754805,0.034208
-0.095695,0.656717,0.00644,-0.100975,0.66815,-0.012499999,-0.098182,0.656717,-0.012499999
-0.17195,0.0,0.189755,-0.025000006,0.0,-0.2625,-0.102255,0.0,0.225268
0.12195,0.02985,0.189755,0.177255,0.02985,0.13445,0.152585,0.02985,0.116525
-0.095695,0.656717,0.00644,-0.098378,0.66815,0.007158,-0.100975,0.66815,-0.012499999
-0.085975,0.850748,0.09311,-0.08505,0.824835,0.091513,-0.066073,0.824835,0.100353
-0.08505,0.824835,0.091513,-0.082292,0.799703,0.086745,-0.064195,0.799703,0.095183
-0.090792,0.391553,0.025488,-0.088377,0.402985,0.024098,-0.095695,0.402985,0.0064400006
-0.097658,0.38185,0.02945,-0.08433,0.38185,0.04683,-0.090792,0.391553,0.025488
-0.066707,0.991,-0.0125,-0.045853,0.997733,-0.016183,-0.066073,0.991,-0.019745
-0.090792,0.391553,0.025488,-0.07872,0.391553,0.04122,-0.088377,0.402985,0.024098
-0.227255,0.02985,0.13445,-0.17195,0.02985,0.189755,-0.202585,0.02985,0.116525
-0.025,0.628807,0.10945,-0.025,0.626835,0.09728,-0.028923,0.62879,0.10883
0.104025,0.02985,0.165085,0.12195,0.02985,0.189755,0.152585,0.02985,0.116525
0.04283,0.02985,0.196268,0.052255,0.02985,0.225268,0.104025,0.02985,0.165085
0.177255,0.02985,0.13445,0.12195,0.02985,0.189755,0.12195,0.0,0.189755
0.104025,0.02985,0.165085,0.104025,0.268658,0.165085,0.04283,0.02985,0.196268
-0.088377,0.402985,0.024098,-0.07872,0.391553,0.04122,-0.076755,0.402985,0.039255
0.104025,0.268658,0.165085,0.104025,0.029850006,0.165085,0.152585,0.029850006,0.116525
-0.09283,0.02985,0.196268,-0.09283,0.268658,0.196268,-0.154025,0.268658,0.165085
-0.09283,0.02985,0.196268,-0.154025,0.268658,0.165085,-0.154025,0.02985,0.165085
0.029267,0.298508,0.154513,-0.025,0.298508,0.16311,-0.025,0.268658,0.207013
-0.09272,0.375372,-0.08022,-0.10794,0.375372,-0.06039,-0.08433,0.38185,-0.07183
-0.025,0.626835,0.09728,0.001255,0.628695,0.105295,0.0034149997,0.626835,0.093538
-0.025,0.268658,0.207013,0.042830005,0.268658,0.196268,0.029267,0.298508,0.154513
0.07822,0.298508,0.129572,0.029266998,0.298508,0.154513,0.04283,0.268658,0.196268
-0.079268,0.298508,0.154513,-0.154025,0.268658,0.165085,-0.09283,0.268658,0.196268
-0.025,0.298508,0.16311,-0.09283,0.268658,0.196268,-0.025,0.268658,0.207013
-0.17195,0.02985,0.189755,-0.102255,0.02985,0.225268,-0.154025,0.02985,0.165085
-0.154025,0.02985,0.165085,-0.202585,0.02985,0.116525,-0.17195,0.02985,0.189755
-0.227255,0.0,0.13445,-0.17195,0.0,0.189755,-0.227255,0.02985,0.13445
-0.025,0.684627,0.10945,-0.025,0.686613,0.09728,-0.021078,0.684642,0.10883
-0.154025,0.02985,0.165085,-0.154025,0.268658,0.165085,-0.202585,0.268658,0.116525
-0.025,0.684627,0.10945,-0.051255,0.68474,0.105295,-0.025,0.686613,0.09728
0.031525,0.298508,0.161475,-0.024999999,0.298508,0.170428,-0.024999999,0.298508,0.16311
-0.079268,0.298508,0.154513,-0.024999999,0.298508,0.16311,-0.081525,0.298508,0.161475
0.03789,0.313433,0.158232,-0.025000002,0.313433,0.158232,0.031525,0.313433,0.161475
-0.08789,0.313433,0.158232,-0.081525,0.313433,0.161475,-0.024999999,0.313433,0.158232
-0.081525,0.313433,0.161475,-0.024999999,0.313433,0.170428,-0.024999999,0.313433,0.158232
0.031525,0.313433,0.161475,-0.024999999,0.313433,0.158232,-0.024999999,0.313433,0.170428
-0.025,0.298508,0.170428,0.031525,0.298508,0.161475,0.031525,0.313433,0.161475
0.031525,0.298508,0.161475,0.03789,0.313433,0.158232,0.031525,0.313433,0.161475
-0.081525,0.298508,0.161475,-0.081525,0.313433,0.161475,-0.08789,0.313433,0.158232
-0.025,0.629105,0.08328,-0.04672,0.635583,0.06855,-0.049793,0.629105,0.080013
-0.025,0.313433,0.170428,-0.025,0.298508,0.170428,0.031525,0.313433,0.161475
-0.081525,0.298508,0.161475,-0.024999999,0.298508,0.170428,-0.081525,0.313433,0.161475
-0.025,0.313433,0.170428,-0.081525,0.313433,0.161475,-0.025,0.298508,0.170428
-0.049793,0.629105,-0.105012,-0.04672,0.635583,-0.09355,-0.025,0.635583,-0.096403
0.177255,0.0,-0.15945,-0.025000006,0.0,-0.2625,0.12195,0.0,-0.214755
0.225,0.0,-0.0125,-0.025000006,0.0,-0.2625,0.212768,0.0,-0.089755
0.052255,0.0,-0.250268,0.12195,0.0,-0.214755,-0.025000002,0.0,-0.2625
-0.025,0.0,-0.2625,-0.227255,0.0,0.13445002,-0.102255,0.0,-0.250268
-0.025,0.0,0.2375,-0.102255,0.0,0.225268,-0.025,0.0,-0.2625
-0.085975,0.850748,0.09311,-0.066073,0.824835,0.100353,-0.066707,0.850748,0.102098
0.068415,0.946688,-0.0125,0.079013,0.925373,-0.030843,0.067,0.946688,-0.028719999
-0.049793,0.684328,0.080013,-0.04672,0.67785,0.06855,-0.025,0.67785,0.071403
0.068415,0.946688,-0.0125,0.08061,0.925373,-0.0125,0.079013,0.925373,-0.030843
-0.064195,0.799703,0.095183,-0.066073,0.824835,0.100353,-0.08505,0.824835,0.091513
-0.049793,0.629105,0.080013,-0.025,0.626835,0.09728,-0.025,0.629105,0.08328
0.003415,0.626835,0.093538,-0.025,0.629105,0.08328,-0.025,0.626835,0.09728
0.087853,0.90179,-0.032403,0.079013,0.925373,-0.030843,0.08061,0.925373,-0.012499999
-0.082292,0.799703,0.086745,-0.08505,0.824835,0.091513,-0.102195,0.824835,0.0795
-0.04672,0.635583,0.06855,-0.025,0.629105,0.08328,-0.025,0.635583,0.071403
-0.08433,0.38185,-0.07183,-0.062987,0.391553,-0.078293,-0.06695,0.38185,-0.085158
-0.062987,0.391553,-0.078293,-0.08433,0.38185,-0.07183,-0.07872,0.391553,-0.06622
-0.105903,0.77612,0.05539,-0.09289,0.77612,0.068402,-0.11278,0.799703,0.061158
-0.076755,0.402985,-0.064255,-0.061598,0.402985,-0.075878,-0.07872,0.391553,-0.06622
-0.07872,0.391553,-0.06622,-0.061598,0.402985,-0.075878,-0.062987,0.391553,-0.078293
-0.077805,0.77612,0.078962,-0.082292,0.799703,0.086745,-0.098658,0.799703,0.07528
-0.082292,0.799703,0.086745,-0.061123,0.77612,0.086745,-0.064195,0.799703,0.095183
-0.082292,0.799703,0.086745,-0.077805,0.77612,0.078962,-0.061123,0.77612,0.086745
-0.04672,0.635583,0.06855,-0.025,0.635583,0.071403,-0.044657,0.645283,0.060878
-0.064195,0.799703,0.095183,-0.061123,0.77612,0.086745,-0.043343,0.77612,0.091513
0.055902,0.946688,0.034208,0.074245,0.925373,0.023622,0.06278,0.946688,0.01945
0.055902,0.946688,0.034208,0.066463,0.925373,0.040305,0.074245,0.925373,0.023622
-0.085975,0.850748,0.09311,-0.102195,0.876657,0.0795,-0.10339,0.850748,0.080915
-0.062987,0.414418,-0.078293,-0.061598,0.402985,-0.075878,-0.076755,0.402985,-0.064255
-0.07872,0.414418,-0.06622,-0.062987,0.414418,-0.078293,-0.076755,0.402985,-0.064255
-0.117,0.824835,0.064695,-0.102195,0.824835,0.0795,-0.10339,0.850748,0.080915
-0.117,0.824835,0.064695,-0.10339,0.850748,0.080915,-0.118415,0.850748,0.06589
-0.10339,0.850748,0.080915,-0.08505,0.824835,0.091513,-0.085975,0.850748,0.09311
-0.10339,0.850748,0.080915,-0.102195,0.824835,0.0795,-0.08505,0.824835,0.091513
-0.06695,0.42412,-0.085158,-0.07872,0.414418,-0.06622,-0.08433,0.42412,-0.07183
-0.07872,0.414418,-0.06622,-0.06695,0.42412,-0.085158,-0.062987,0.414418,-0.078293
0.055902,0.925373,0.05539,0.074245,0.90179,0.044792,0.066463,0.925373,0.040305
-0.102195,0.824835,0.0795,-0.117,0.824835,0.064695,-0.11278,0.799703,0.061158
-0.098658,0.799703,0.07528,-0.102195,0.824835,0.0795,-0.11278,0.799703,0.061158
-0.049793,0.684328,0.080013,-0.025,0.67785,0.071403,-0.025,0.684328,0.08328
-0.102195,0.824835,0.0795,-0.098658,0.799703,0.07528,-0.082292,0.799703,0.086745
0.082683,0.90179,0.026695,0.074245,0.925373,0.023622,0.066463,0.925373,0.040305
0.087853,0.90179,0.007402,0.074245,0.925373,0.023621999,0.082683,0.90179,0.026694998
-0.098658,0.799703,0.07528,-0.11278,0.799703,0.061158,-0.09289,0.77612,0.068402
-0.09289,0.77612,0.068402,-0.077805,0.77612,0.078962,-0.098658,0.799703,0.07528
-0.025,0.67785,0.071403,-0.0032800008,0.67785,0.06855,-0.025,0.684328,0.08328
0.08061,0.925373,-0.0125,0.079013,0.925373,0.0058419993,0.089598,0.90179,-0.0125
0.089598,0.90179,-0.0125,0.079013,0.925373,0.0058419993,0.087853,0.90179,0.007402
0.087853,0.90179,-0.032403,0.08061,0.925373,-0.012499999,0.089598,0.90179,-0.012499999
-0.025,0.684328,0.08328,-0.0032800008,0.67785,0.06855,-2.0699948E-4,0.684328,0.080013
-0.09656,0.754805,0.04755,-0.08505,0.754805,0.05906,-0.105903,0.77612,0.05539
-0.09289,0.77612,0.068402,-0.071708,0.754805,0.068402,-0.077805,0.77612,0.078962
-0.08505,0.754805,0.05906,-0.071708,0.754805,0.068402,-0.09289,0.77612,0.068402
0.079013,0.925373,-0.030843,0.087853,0.90179,-0.032403,0.082683,0.90179,-0.051695
-0.077805,0.77612,0.078962,-0.071708,0.754805,0.068402,-0.05695,0.754805,0.07528
-0.025,0.684328,0.08328,-2.0699948E-4,0.684328,0.080013,-0.025,0.686613,0.09728
0.006347,0.628673,0.10449,0.012683,0.628918,0.103488,0.003415,0.626835,0.093538
-0.077805,0.77612,0.078962,-0.05695,0.754805,0.07528,-0.061123,0.77612,0.086745
0.095098,0.876657,-0.0125,0.089598,0.90179,-0.0125,0.087853,0.90179,0.007402
0.006347,0.628673,0.10449,0.003415,0.626835,0.093538,0.001255,0.628695,0.105295
-0.085308,0.431112,-0.116955,-0.07989,0.43288,-0.107572,-0.089478,0.430972,-0.11483
0.001255,0.628695,0.105295,-0.025,0.626835,0.09728,-0.025,0.628807,0.10945
0.093268,0.876657,0.008352,0.095098,0.876657,-0.012499999,0.087853,0.90179,0.007402
-0.11017,0.43114,-0.09767,-0.102623,0.43288,-0.090122,-0.11394,0.431025,-0.0939
-0.075368,0.746267,0.057358,-0.06822,0.746267,0.06236,-0.071708,0.754805,0.068402
0.089598,0.90179,-0.0125,0.095098,0.876657,-0.0125,0.093268,0.876657,-0.033353
-0.075368,0.746267,0.057358,-0.071708,0.754805,0.068402,-0.08505,0.754805,0.05906
-0.11017,0.374835,-0.09767,-0.102623,0.373105,-0.090122,-0.1064,0.374948,-0.10144
-0.06822,0.746267,0.06236,-0.062467,0.746267,0.06504,-0.071708,0.754805,0.068402
0.089598,0.90179,-0.0125,0.093268,0.876657,-0.033353,0.087853,0.90179,-0.032403
-0.054562,0.746267,0.068725,-0.05695,0.754805,0.07528,-0.062467,0.746267,0.06504
-0.071708,0.754805,0.068402,-0.062467,0.746267,0.06504,-0.05695,0.754805,0.07528
-0.054562,0.746267,0.068725,-0.048435,0.746267,0.070365,-0.05695,0.754805,0.07528
-0.07989,0.373105,-0.107572,-0.1064,0.374948,-0.10144,-0.102623,0.373105,-0.090122
0.093268,0.876657,0.008352,0.09695,0.850748,-0.012499999,0.095098,0.876657,-0.012499999
0.177255,0.0,0.13445,-0.025000006,0.0,-0.2625,0.212768,0.0,0.064755
-0.090792,0.414418,0.025488,-0.088377,0.402985,0.024098,-0.076755,0.402985,0.039255
-0.025,0.686613,0.09728,0.0034149997,0.686613,0.093538,-0.021078,0.684642,0.10883
0.177255,0.0,-0.15945,0.212768,0.0,-0.089755,-0.025000006,0.0,-0.2625
0.006347,0.684762,0.10449,0.003415,0.686613,0.093538,0.00997,0.684622,0.103918
-0.021078,0.684642,0.10883,0.0034149997,0.686613,0.093538,0.0063470006,0.684762,0.10449
-0.076755,0.402985,0.039255,-0.07872,0.414418,0.04122,-0.090792,0.414418,0.025488
0.225,0.0,-0.0125,0.212768,0.0,0.064755,-0.025000006,0.0,-0.2625
0.177255,0.0,0.13445,0.12195,0.0,0.189755,-0.025000006,0.0,-0.2625
0.073658,0.746267,-0.084183,0.04986,0.746267,-0.05572,0.090987,0.746267,-0.050182
0.053545,0.746267,-0.047815,0.090987,0.746267,-0.050182,0.04986,0.746267,-0.05572
0.030378,0.628663,0.09447,0.0034149997,0.626835,0.093538,0.012683,0.628918,0.103488
-0.076755,0.402985,0.039255,-0.061598,0.402985,0.050878,-0.07872,0.414418,0.04122
0.058485,0.746267,-0.033635,0.090987,0.746267,-0.050182,0.056225,0.746267,-0.042063
-0.025,0.0,-0.2625,-0.17195,0.0,0.189755,-0.227255,0.0,0.13445002
-0.262768,0.0,0.064755,-0.275,0.0,-0.012500003,-0.227255,0.0,0.13445
0.052255,0.0,0.225268,-0.025000002,0.0,0.2375,-0.025000002,0.0,-0.2625
0.12195,0.0,0.189755,0.052255005,0.0,0.225268,-0.025000006,0.0,-0.2625
0.056225,0.746267,-0.042063,0.090987,0.746267,-0.050182,0.053545,0.746267,-0.047815
-0.102255,0.0,-0.250268,-0.227255,0.0,0.13444999,-0.17195,0.0,-0.214755
0.00997,0.684622,0.103918,0.02989,0.686613,0.082573,0.012683,0.684515,0.103488
-0.090792,0.414418,0.025488,-0.07872,0.414418,0.04122,-0.097658,0.42412,0.02945
-0.07289,0.375372,-0.09544,-0.07989,0.373105,-0.107572,-0.102623,0.373105,-0.090122
-0.275,0.0,-0.0125,-0.262768,0.0,-0.089755,-0.227255,0.0,0.13445
0.035308,0.628592,0.091955,0.02989,0.626835,0.082573,0.030378,0.628663,0.09447
-0.025,0.629105,0.08328,0.0034149997,0.626835,0.093538,-2.0699948E-4,0.629105,0.080013
-0.064195,0.991,-0.026768,-0.08505,0.98,-0.023085,-0.066073,0.991,-0.019745
-0.227255,0.0,-0.15945,-0.17195,0.0,-0.214755,-0.227255,0.0,0.13445002
-0.082292,0.98,-0.033353,-0.08505,0.98,-0.023085,-0.064195,0.991,-0.026768
0.212768,0.02985,-0.089755,0.183767,0.02985,-0.08033,0.225,0.02985,-0.012500003
0.194513,0.02985,-0.0125,0.183767,0.02985,0.055330005,0.225,0.02985,-0.0125
0.225,0.02985,-0.0125,0.183767,0.02985,0.055330005,0.212768,0.02985,0.064755
0.177255,0.0,0.13445,0.212768,0.0,0.064755,0.177255,0.02985,0.13445
-0.097658,0.42412,0.02945,-0.07872,0.414418,0.04122,-0.08433,0.42412,0.04683
0.212768,0.0,0.064755,0.225,0.0,-0.012500003,0.225,0.02985,-0.012500003
0.212768,0.0,0.064755,0.225,0.02985,-0.012500003,0.212768,0.02985,0.064755
0.212768,0.0,-0.089755,0.212768,0.02985,-0.089755,0.225,0.02985,-0.012500003
0.212768,0.0,-0.089755,0.225,0.02985,-0.012500003,0.225,0.0,-0.012500003
-0.08505,0.98,-0.023085,-0.085975,0.98,-0.0125,-0.066073,0.991,-0.019745
0.212768,0.0,-0.089755,0.177255,0.02985,-0.15945,0.212768,0.02985,-0.089755
-0.102255,0.02985,-0.250268,-0.09283,0.02985,-0.221268,-0.024999999,0.02985,-0.2625
-2.07E-4,0.629105,0.080013,-0.00328,0.635583,0.06855,-0.025,0.635583,0.071403
-0.025,0.02985,-0.232013,0.042830005,0.02985,-0.221268,-0.025,0.02985,-0.2625
0.052255,0.0,-0.250268,-0.025000002,0.0,-0.2625,-0.025000002,0.02985,-0.2625
0.052255,0.0,-0.250268,-0.025000002,0.02985,-0.2625,0.052255,0.02985,-0.250268
-0.025,0.0,-0.2625,-0.102255,0.0,-0.250268,-0.102255,0.02985,-0.250268
-0.025,0.0,-0.2625,-0.102255,0.02985,-0.250268,-0.025,0.02985,-0.2625
-0.14199,0.374943,0.018848,-0.131038,0.373105,0.015915,-0.142795,0.374965,0.013755
-2.07E-4,0.629105,0.080013,0.02289,0.629105,0.07044,-0.00328,0.635583,0.06855
-0.025,0.629105,0.08328,-2.0699948E-4,0.629105,0.080013,-0.025,0.635583,0.071403
0.177255,0.02985,-0.15945,0.152585,0.02985,-0.141525,0.212768,0.02985,-0.089755
0.177255,0.0,-0.15945,0.177255,0.02985,-0.15945,0.212768,0.0,-0.089755
0.177255,0.02985,-0.15945,0.177255,0.0,-0.15945,0.12195,0.02985,-0.214755
0.12195,0.0,-0.214755,0.12195,0.02985,-0.214755,0.177255,0.0,-0.15945
0.194513,0.02985,-0.0125,0.225,0.02985,-0.0125,0.183767,0.02985,-0.08033
0.12195,0.02985,-0.214755,0.104025,0.02985,-0.190085,0.177255,0.02985,-0.15945
0.183767,0.02985,-0.08033,0.212768,0.02985,-0.089755,0.152585,0.02985,-0.141525
0.12195,0.0,-0.214755,0.052255005,0.0,-0.250268,0.12195,0.02985,-0.214755
0.12195,0.02985,-0.214755,0.052255005,0.0,-0.250268,0.052255005,0.02985,-0.250268
0.152585,0.02985,-0.141525,0.183767,0.268658,-0.08033,0.183767,0.02985,-0.08033
0.152585,0.02985,-0.141525,0.177255,0.02985,-0.15945,0.104025,0.02985,-0.190085
0.104025,0.02985,-0.190085,0.12195,0.02985,-0.214755,0.052255,0.02985,-0.250268
0.104025,0.02985,-0.190085,0.052255,0.02985,-0.250268,0.04283,0.02985,-0.221268
0.194513,0.02985,-0.0125,0.183767,0.02985,-0.08033,0.183767,0.268658,-0.08033
0.152585,0.02985,-0.141525,0.152585,0.268658,-0.141525,0.183767,0.268658,-0.08033
0.104025,0.02985,-0.190085,0.104025,0.268658,-0.190085,0.152585,0.268658,-0.141525
0.104025,0.02985,-0.190085,0.152585,0.268658,-0.141525,0.152585,0.02985,-0.141525
0.104025,0.02985,-0.190085,0.04283,0.02985,-0.221268,0.104025,0.268658,-0.190085
0.152585,0.268658,-0.141525,0.117073,0.298508,-0.11572,0.183767,0.268658,-0.08033
0.117073,0.298508,-0.11572,0.142013,0.298508,-0.066768,0.183767,0.268658,-0.08033
0.117073,0.298508,-0.11572,0.152585,0.268658,-0.141525,0.07822,0.298508,-0.154573
0.104025,0.268658,-0.190085,0.07822,0.298508,-0.154573,0.152585,0.268658,-0.141525
0.029267,0.298508,-0.179513,0.07822,0.298508,-0.154573,0.104025,0.268658,-0.190085
0.052255,0.02985,-0.250268,-0.025000002,0.02985,-0.2625,0.04283,0.02985,-0.221268
-0.17195,0.0,-0.214755,-0.17195,0.02985,-0.214755,-0.102255,0.0,-0.250268
0.04283,0.02985,-0.221268,-0.025000002,0.02985,-0.232013,0.04283,0.268658,-0.221268
-0.085975,0.98,-0.0125,-0.08505,0.98,-0.0019150004,-0.066707,0.991,-0.0125
-0.025,0.02985,-0.232013,-0.025,0.02985,-0.2625,-0.09283,0.02985,-0.221268
-0.154025,0.02985,-0.190085,-0.09283,0.02985,-0.221268,-0.102255,0.02985,-0.250268
-0.10605,0.38185,0.00922,-0.117513,0.375372,0.012292,-0.10794,0.375372,0.03539
-0.08505,0.98,-0.001915,-0.066073,0.991,-0.005255,-0.066707,0.991,-0.0125
-0.154025,0.02985,-0.190085,-0.09283,0.268658,-0.221268,-0.09283,0.02985,-0.221268
-0.08505,0.98,-0.001915,-0.082292,0.98,0.008352,-0.066073,0.991,-0.005255
0.104025,0.268658,-0.190085,0.04283,0.029850006,-0.221268,0.04283,0.268658,-0.221268
-0.025,0.686613,0.09728,-2.0699948E-4,0.684328,0.080013,0.0034149997,0.686613,0.093538
0.04283,0.268658,-0.221268,-0.025000002,0.029850006,-0.232013,-0.025000002,0.268658,-0.232013
-0.08505,0.98,-0.001915,-0.098658,0.965075,0.014304999,-0.082292,0.98,0.008352
-0.025,0.02985,-0.232013,-0.09283,0.02985,-0.221268,-0.025,0.268658,-0.232013
-0.09283,0.268658,-0.221268,-0.024999999,0.268658,-0.232013,-0.09283,0.029850006,-0.221268
-0.066073,0.991,-0.005255,-0.082292,0.98,0.008352,-0.064195,0.991,0.0017669997
0.04283,0.268658,-0.221268,0.029267,0.298508,-0.179513,0.104025,0.268658,-0.190085
-0.025,0.268658,-0.232013,-0.025,0.298508,-0.18811,0.042830005,0.268658,-0.221268
-0.061123,0.991,0.008352,-0.071708,0.98,0.026695,-0.05695,0.991,0.014305
-0.025,0.298508,-0.18811,0.029267,0.298508,-0.179513,0.042830005,0.268658,-0.221268
-0.079268,0.298508,-0.179513,-0.024999999,0.298508,-0.18811,-0.024999999,0.268658,-0.232013
-0.09283,0.268658,-0.221268,-0.079268,0.298508,-0.179513,-0.024999999,0.268658,-0.232013
0.003415,0.686613,0.093538,0.02289,0.684328,0.07044,0.02989,0.686613,0.082573
-0.12822,0.298508,-0.154573,-0.079268,0.298508,-0.179513,-0.09283,0.268658,-0.221268
-2.07E-4,0.684328,0.080013,0.02289,0.684328,0.07044,0.003415,0.686613,0.093538
0.177255,0.02985,0.13445,0.12195,0.0,0.189755,0.177255,0.0,0.13445
0.212768,0.02985,0.064755,0.177255,0.02985,0.13445,0.212768,0.0,0.064755
0.183767,0.02985,0.05533,0.152585,0.02985,0.116525,0.212768,0.02985,0.064755
0.177255,0.02985,0.13445,0.212768,0.02985,0.064755,0.152585,0.02985,0.116525
0.194513,0.02985,-0.0125,0.183767,0.268658,0.055330005,0.183767,0.02985,0.055330005
-0.064195,0.991,0.001767,-0.077805,0.98,0.017987,-0.061123,0.991,0.008352
-0.082292,0.98,0.008352,-0.077805,0.98,0.017987,-0.064195,0.991,0.0017670002
0.104025,0.268658,0.165085,0.152585,0.029850006,0.116525,0.152585,0.268658,0.116525
0.035308,0.628592,0.091955,0.046683,0.628972,0.086158,0.02989,0.626835,0.082573
0.152585,0.02985,0.116525,0.183767,0.02985,0.05533,0.152585,0.268658,0.116525
0.183767,0.268658,0.05533,0.152585,0.268658,0.116525,0.183767,0.029850006,0.05533
-0.077805,0.98,0.017987,-0.071708,0.98,0.026695,-0.061123,0.991,0.008352
-0.10605,0.42412,0.00922,-0.097658,0.42412,0.02945,-0.117513,0.430598,0.012292
0.194513,0.02985,-0.0125,0.194513,0.268658,-0.0125,0.183767,0.268658,0.055330005
0.003415,0.626835,0.093538,0.030378,0.628663,0.09447,0.02989,0.626835,0.082573
0.183767,0.268658,-0.08033,0.194513,0.268658,-0.012500003,0.194513,0.029850006,-0.012500003
-0.05695,0.991,0.014305,-0.071708,0.98,0.026695,-0.051805,0.991,0.01945
-0.064195,0.98,0.034208,-0.051805,0.991,0.01945,-0.071708,0.98,0.026695
0.02989,0.626835,0.082573,-2.0699948E-4,0.629105,0.080013,0.0034149997,0.626835,0.093538
0.104025,0.268658,0.165085,0.07822,0.298508,0.129572,0.04283,0.268658,0.196268
-0.051805,0.991,0.01945,-0.064195,0.98,0.034208,-0.055488,0.98,0.040305
0.02989,0.626835,0.082573,0.02289,0.629105,0.07044,-2.0699948E-4,0.629105,0.080013
0.152585,0.268658,0.116525,0.07822,0.298508,0.129572,0.104025,0.268658,0.165085
0.117073,0.298508,0.09072,0.07822,0.298508,0.129572,0.152585,0.268658,0.116525
-0.117513,0.430598,0.012292,-0.13478,0.43288,-0.0125,-0.12078,0.430598,-0.0125
0.142013,0.298508,0.041768,0.117073,0.298508,0.09072,0.152585,0.268658,0.116525
0.183767,0.268658,0.05533,0.142013,0.298508,0.041768,0.152585,0.268658,0.116525
-0.10794,0.430598,0.03539,-0.117513,0.430598,0.012292001,-0.097658,0.42412,0.02945
0.194513,0.268658,-0.0125,0.15061,0.298508,-0.0125,0.183767,0.268658,0.055330005
0.15061,0.298508,-0.0125,0.142013,0.298508,0.041768,0.183767,0.268658,0.055330005
0.142013,0.298508,-0.066768,0.15061,0.298508,-0.012499999,0.194513,0.268658,-0.012499999
0.183767,0.268658,-0.08033,0.142013,0.298508,-0.066768,0.194513,0.268658,-0.012500003
-0.071708,0.98,0.026695,-0.07539,0.965075,0.04755,-0.064195,0.98,0.034208
-0.064195,0.98,0.034208,-0.064195,0.965075,0.05539,-0.055488,0.98,0.040305
-0.142795,0.374965,0.013755,-0.13478,0.373105,-0.0125,-0.14695,0.375078,-0.0125
-0.167073,0.298508,0.09072,-0.154025,0.268658,0.165085,-0.12822,0.298508,0.129572
-0.064195,0.98,0.034208,-0.07539,0.965075,0.04755,-0.064195,0.965075,0.05539
-0.154025,0.268658,0.165085,-0.167073,0.298508,0.09072,-0.202585,0.268658,0.116525
-0.055488,0.98,0.040305,-0.064195,0.965075,0.05539,-0.051805,0.965075,0.061157
-0.154025,0.268658,0.165085,-0.079268,0.298508,0.154513,-0.12822,0.298508,0.129572
-0.14695,0.375078,-0.0125,-0.13478,0.373105,-0.0125,-0.14633,0.37506,-0.016423
-0.09283,0.268658,0.196268,-0.024999999,0.298508,0.16311,-0.079268,0.298508,0.154513
-0.102255,0.02985,-0.250268,-0.17195,0.02985,-0.214755,-0.154025,0.02985,-0.190085
-0.102255,0.02985,-0.250268,-0.102255,0.0,-0.250268,-0.17195,0.02985,-0.214755
-0.227255,0.0,-0.15945,-0.17195,0.02985,-0.214755,-0.17195,0.0,-0.214755
-0.09283,0.268658,-0.221268,-0.154025,0.029850006,-0.190085,-0.154025,0.268658,-0.190085
0.046683,0.746267,-0.111157,0.012683,0.746267,-0.128488,0.01822,0.746267,-0.08736
-0.154025,0.02985,-0.190085,-0.202585,0.02985,-0.141525,-0.202585,0.268658,-0.141525
-0.154025,0.02985,-0.190085,-0.202585,0.268658,-0.141525,-0.154025,0.268658,-0.190085
-0.154025,0.268658,-0.190085,-0.12822,0.298508,-0.154573,-0.09283,0.268658,-0.221268
0.01822,0.746267,-0.08736,0.025368,0.746267,-0.082358,0.046683,0.746267,-0.111157
-0.12822,0.298508,-0.154573,-0.202585,0.268658,-0.141525,-0.167073,0.298508,-0.11572
0.06278,0.946688,-0.04445,0.055902,0.946688,-0.059208,0.048658,0.965075,-0.039305
-0.202585,0.268658,-0.141525,-0.12822,0.298508,-0.154573,-0.154025,0.268658,-0.190085
0.004563,0.746267,-0.093725,0.012467,0.746267,-0.09004,0.012683,0.746267,-0.128488
-0.192013,0.298508,-0.066768,-0.167073,0.298508,-0.11572,-0.202585,0.268658,-0.141525
-0.233768,0.268658,-0.08033,-0.192013,0.298508,-0.066768,-0.202585,0.268658,-0.141525
0.06278,0.946688,-0.04445,0.074245,0.925373,-0.048623,0.066463,0.925373,-0.065305
0.06278,0.946688,-0.04445,0.066463,0.925373,-0.065305,0.055902,0.946688,-0.059208
0.055902,0.946688,-0.059208,0.04289,0.965075,-0.051695,0.048658,0.965075,-0.039305
-0.154025,0.02985,0.165085,-0.202585,0.268658,0.116525,-0.202585,0.02985,0.116525
-0.167073,0.298508,0.09072,-0.192013,0.298508,0.041768,-0.233768,0.268658,0.05533
0.06278,0.946688,-0.04445,0.067,0.946688,-0.02872,0.074245,0.925373,-0.048623
0.067,0.946688,-0.02872,0.079013,0.925373,-0.030843,0.074245,0.925373,-0.048623
0.01822,0.746267,-0.08736,0.012683,0.746267,-0.128488,0.012467,0.746267,-0.09004
-0.131038,0.43288,0.015915,-0.14633,0.430912,-0.008578001,-0.13478,0.43288,-0.012500001
0.142013,0.298508,-0.066768,0.117073,0.298508,-0.11572,0.148975,0.298508,-0.069025
0.157927,0.298508,-0.0125,0.15061,0.298508,-0.0125,0.148975,0.298508,-0.069025
0.122988,0.298508,-0.120025,0.148975,0.298508,-0.069025,0.117073,0.298508,-0.11572
-0.14695,0.430895,-0.0125,-0.142795,0.43101,-0.038755,-0.13478,0.43288,-0.0125
0.073658,0.746267,-0.084183,0.046683,0.746267,-0.111157,0.041215,0.746267,-0.068065
0.122988,0.298508,-0.120025,0.07822,0.298508,-0.154573,0.082525,0.298508,-0.160488
0.117073,0.298508,-0.11572,0.07822,0.298508,-0.154573,0.122988,0.298508,-0.120025
0.055902,0.946688,-0.059208,0.066463,0.925373,-0.065305,0.055902,0.925373,-0.08039
0.082525,0.298508,-0.160488,0.07822,0.298508,-0.154573,0.031525,0.298508,-0.186475
0.029267,0.298508,-0.179513,0.031525,0.298508,-0.186475,0.07822,0.298508,-0.154573
0.074245,0.925373,-0.048623,0.079013,0.925373,-0.030843,0.082683,0.90179,-0.051695
-0.081525,0.298508,-0.186475,-0.024999999,0.298508,-0.195428,-0.024999999,0.298508,-0.18811
0.029267,0.298508,-0.179513,-0.025,0.298508,-0.18811,0.031525,0.298508,-0.186475
-0.025,0.298508,-0.195428,0.031525,0.298508,-0.186475,-0.025,0.298508,-0.18811
0.04622,0.746267,-0.060918,0.073658,0.746267,-0.084183,0.041215,0.746267,-0.068065
0.073658,0.746267,-0.084183,0.04622,0.746267,-0.060918,0.04986,0.746267,-0.05572
-0.025,0.298508,-0.18811,-0.079268,0.298508,-0.179513,-0.081525,0.298508,-0.186475
0.041215,0.746267,-0.068065,0.046683,0.746267,-0.111157,0.030565,0.746267,-0.078715
-0.079268,0.298508,-0.179513,-0.12822,0.298508,-0.154573,-0.081525,0.298508,-0.186475
-0.132525,0.298508,-0.160488,-0.081525,0.298508,-0.186475,-0.12822,0.298508,-0.154573
0.030565,0.746267,-0.078715,0.046683,0.746267,-0.111157,0.025368,0.746267,-0.082358
0.06278,0.90179,-0.086158,0.055902,0.925373,-0.08039,0.066463,0.925373,-0.065305
-0.172988,0.298508,-0.120025,-0.132525,0.298508,-0.160488,-0.12822,0.298508,-0.154573
0.082525,0.298508,0.135487,0.117073,0.298508,0.09072,0.122988,0.298508,0.095025
0.07822,0.298508,0.129572,0.117073,0.298508,0.09072,0.082525,0.298508,0.135487
0.074245,0.90179,-0.069793,0.066463,0.925373,-0.065305,0.074245,0.925373,-0.048623
0.142013,0.298508,0.041768,0.148975,0.298508,0.044025,0.117073,0.298508,0.09072
0.122988,0.298508,0.095025,0.117073,0.298508,0.09072,0.148975,0.298508,0.044025
0.142013,0.298508,0.041768,0.15061,0.298508,-0.012499999,0.148975,0.298508,0.044025
0.157927,0.298508,-0.0125,0.148975,0.298508,0.044025,0.15061,0.298508,-0.0125
0.074245,0.925373,-0.048623,0.082683,0.90179,-0.051695,0.074245,0.90179,-0.069793
-0.12078,0.375372,-0.0125,-0.13478,0.373105,-0.0125,-0.131038,0.373105,0.015915003
0.06278,0.90179,-0.086158,0.066463,0.925373,-0.065305,0.074245,0.90179,-0.069793
0.142013,0.298508,-0.066768,0.148975,0.298508,-0.069025,0.15061,0.298508,-0.012499999
0.029267,0.298508,0.154513,0.07822,0.298508,0.129572,0.031525,0.298508,0.161475
-0.025,0.298508,0.16311,0.029267,0.298508,0.154513,0.031525,0.298508,0.161475
0.082525,0.298508,0.135487,0.031525,0.298508,0.161475,0.07822,0.298508,0.129572
-0.132525,0.298508,0.135487,-0.167073,0.298508,0.09072,-0.12822,0.298508,0.129572
0.004563,0.746267,-0.093725,0.012683,0.746267,-0.128488,-0.001565,0.746267,-0.095365
-0.079268,0.298508,0.154513,-0.081525,0.298508,0.161475,-0.12822,0.298508,0.129572
-0.132525,0.298508,0.135487,-0.12822,0.298508,0.129572,-0.081525,0.298508,0.161475
0.087853,0.90179,-0.032403,0.087853,0.876657,-0.053573,0.082683,0.90179,-0.051695
0.012683,0.746267,-0.128488,-0.025000002,0.746267,-0.13445,-0.009992,0.746267,-0.097628
-0.009992,0.746267,-0.097628,-0.001565,0.746267,-0.095365,0.012683,0.746267,-0.128488
-0.01631,0.746267,-0.09818,-0.009992,0.746267,-0.097628,-0.025,0.746267,-0.13445
-0.025,0.746267,-0.09894,-0.01631,0.746267,-0.09818,-0.025,0.746267,-0.13445
0.087853,0.90179,-0.032403,0.093268,0.876657,-0.033353,0.087853,0.876657,-0.053573
-0.12078,0.375372,-0.0125,-0.108903,0.38185,-0.0125,-0.10605,0.38185,-0.03422
-0.025,0.298508,0.170428,-0.081525,0.298508,0.161475,-0.025,0.298508,0.16311
0.079013,0.876657,-0.07255,0.074245,0.90179,-0.069793,0.082683,0.90179,-0.051695
-0.12822,0.298508,-0.154573,-0.167073,0.298508,-0.11572,-0.172988,0.298508,-0.120025
-0.025,0.746267,-0.09894,-0.025,0.746267,-0.13445,-0.03132,0.746267,-0.098385
-0.025,0.746267,-0.13445,-0.062683,0.746267,-0.128488,-0.040007,0.746267,-0.097628
-0.192013,0.298508,-0.066768,-0.198975,0.298508,-0.069025,-0.167073,0.298508,-0.11572
-0.172988,0.298508,-0.120025,-0.167073,0.298508,-0.11572,-0.198975,0.298508,-0.069025
-0.040007,0.746267,-0.097628,-0.03132,0.746267,-0.098385,-0.025,0.746267,-0.13445
0.087853,0.876657,-0.053573,0.079013,0.876657,-0.07255,0.082683,0.90179,-0.051695
-0.117513,0.375372,0.012292,-0.108903,0.38185,-0.0125,-0.12078,0.375372,-0.0125
0.074245,0.90179,-0.069793,0.079013,0.876657,-0.07255,0.067,0.876657,-0.089695
-0.207927,0.298508,-0.0125,-0.198975,0.298508,-0.069025,-0.20061,0.298508,-0.0125
-0.20061,0.298508,-0.0125,-0.192013,0.298508,0.041768,-0.198975,0.298508,0.044025
0.079013,0.876657,-0.07255,0.068415,0.850748,-0.09089,0.067,0.876657,-0.089695
-0.108903,0.38185,-0.0125,-0.117513,0.375372,0.012292,-0.10605,0.38185,0.009219999
-0.096683,0.746267,-0.111157,-0.06822,0.746267,-0.08736,-0.062683,0.746267,-0.128488
-0.172988,0.298508,0.095025,-0.198975,0.298508,0.044025,-0.167073,0.298508,0.09072
-0.192013,0.298508,0.041768,-0.167073,0.298508,0.09072,-0.198975,0.298508,0.044025
0.079013,0.876657,-0.07255,0.08061,0.850748,-0.073475,0.068415,0.850748,-0.09089
0.074245,0.90179,-0.069793,0.067,0.876657,-0.089695,0.06278,0.90179,-0.086158
-0.132525,0.298508,0.135487,-0.172988,0.298508,0.095025,-0.167073,0.298508,0.09072
0.067,0.876657,-0.089695,0.052195,0.876657,-0.1045,0.048658,0.90179,-0.10028
0.067,0.876657,-0.089695,0.048658,0.90179,-0.10028,0.06278,0.90179,-0.086158
-0.10605,0.38185,-0.03422,-0.108903,0.38185,-0.012499999,-0.098378,0.391553,-0.032157
0.082525,0.298508,0.135487,0.03789,0.313433,0.158232,0.031525,0.298508,0.161475
0.082525,0.313433,0.135487,0.03789,0.313433,0.158232,0.082525,0.298508,0.135487
0.122988,0.298508,0.095025,0.122988,0.313433,0.095025,0.082525,0.298508,0.135487
0.122988,0.313433,0.095025,0.082525,0.313433,0.135487,0.082525,0.298508,0.135487
0.122988,0.298508,0.095025,0.148975,0.298508,0.044025,0.148975,0.313433,0.044025
0.148975,0.313433,0.044025,0.122988,0.313433,0.095025,0.122988,0.298508,0.095025
0.157927,0.298508,-0.0125,0.157927,0.313433,-0.0125,0.148975,0.298508,0.044025
0.148975,0.298508,0.044025,0.157927,0.313433,-0.012499999,0.148975,0.313433,0.044025
0.148975,0.298508,-0.069025,0.148975,0.313433,-0.069025,0.157927,0.298508,-0.012499999
0.157927,0.298508,-0.0125,0.148975,0.313433,-0.069025,0.157927,0.313433,-0.0125
0.093268,0.876657,-0.033353,0.089598,0.850748,-0.054208,0.087853,0.876657,-0.053573
0.148975,0.298508,-0.069025,0.122988,0.298508,-0.120025,0.122988,0.313433,-0.120025
0.148975,0.298508,-0.069025,0.122988,0.313433,-0.120025,0.148975,0.313433,-0.069025
0.122988,0.298508,-0.120025,0.082525,0.298508,-0.160488,0.082525,0.313433,-0.160488
0.122988,0.298508,-0.120025,0.082525,0.313433,-0.160488,0.122988,0.313433,-0.120025
0.087853,0.876657,-0.053573,0.08061,0.850748,-0.073475,0.079013,0.876657,-0.07255
0.082525,0.298508,-0.160488,0.031525,0.298508,-0.186475,0.031525,0.313433,-0.186475
0.082525,0.298508,-0.160488,0.031525,0.313433,-0.186475,0.082525,0.313433,-0.160488
-0.025,0.298508,-0.195428,-0.025,0.313433,-0.195428,0.031525,0.298508,-0.186475
0.031525,0.298508,-0.186475,-0.024999999,0.313433,-0.195428,0.031525,0.313433,-0.186475
-0.060315,0.746267,-0.091045,-0.054562,0.746267,-0.093725,-0.062683,0.746267,-0.128488
-0.081525,0.313433,-0.186475,-0.024999999,0.313433,-0.195428,-0.081525,0.298508,-0.186475
-0.025,0.298508,-0.195428,-0.081525,0.298508,-0.186475,-0.025,0.313433,-0.195428
-0.123658,0.746267,-0.084183,-0.080565,0.746267,-0.078715,-0.096683,0.746267,-0.111157
-0.081525,0.298508,-0.186475,-0.132525,0.298508,-0.160488,-0.132525,0.313433,-0.160488
-0.081525,0.298508,-0.186475,-0.132525,0.313433,-0.160488,-0.081525,0.313433,-0.186475
0.052195,0.876657,-0.1045,0.067,0.876657,-0.089695,0.068415,0.850748,-0.09089
-0.172988,0.298508,-0.120025,-0.132525,0.313433,-0.160488,-0.132525,0.298508,-0.160488
-0.172988,0.313433,0.095025,-0.132525,0.298508,0.135487,-0.132525,0.313433,0.135487
-0.046135,0.746267,-0.095985,-0.040007,0.746267,-0.097628,-0.062683,0.746267,-0.128488
0.095098,0.876657,-0.0125,0.095098,0.850748,-0.03367,0.093268,0.876657,-0.033353
-0.060315,0.746267,-0.091045,-0.062683,0.746267,-0.128488,-0.06822,0.746267,-0.08736
-0.054562,0.746267,-0.093725,-0.046135,0.746267,-0.095985,-0.062683,0.746267,-0.128488
-0.096683,0.746267,-0.111157,-0.073418,0.746267,-0.08372,-0.06822,0.746267,-0.08736
-0.108903,0.42412,-0.0125,-0.098378,0.414418,0.007157999,-0.10605,0.42412,0.009219999
-0.117513,0.430598,-0.037293,-0.10605,0.42412,-0.03422,-0.108903,0.42412,-0.012499999
-0.073418,0.746267,-0.08372,-0.096683,0.746267,-0.111157,-0.080565,0.746267,-0.078715
-0.10605,0.42412,0.00922,-0.12078,0.430598,-0.012499999,-0.108903,0.42412,-0.012499999
-0.117513,0.430598,0.012292,-0.12078,0.430598,-0.0125,-0.10605,0.42412,0.00922
0.074245,0.90179,0.044792,0.055902,0.925373,0.05539,0.06278,0.90179,0.061157
0.066463,0.925373,0.040305,0.074245,0.90179,0.044792,0.082683,0.90179,0.026695
0.074245,0.90179,0.044792,0.06278,0.90179,0.061157,0.079013,0.876657,0.04755
0.052622,0.626835,0.065123,0.02289,0.629105,0.07044,0.02989,0.626835,0.082573
-0.13478,0.43288,-0.0125,-0.131038,0.43288,-0.040915,-0.12078,0.430598,-0.0125
0.082683,0.90179,0.026695,0.074245,0.90179,0.044792,0.087853,0.876657,0.028572
-0.098378,0.391553,-0.032157,-0.095695,0.402985,-0.03144,-0.088377,0.402985,-0.049098
0.074245,0.90179,0.044792,0.079013,0.876657,0.04755,0.087853,0.876657,0.028572
-0.108903,0.38185,-0.0125,-0.100975,0.391553,-0.0125,-0.098378,0.391553,-0.032157
0.035308,0.684845,0.091955,0.02989,0.686613,0.082573,0.039478,0.684705,0.08983
-0.098378,0.391553,-0.032157,-0.100975,0.391553,-0.012499999,-0.095695,0.402985,-0.03144
0.082683,0.90179,0.026695,0.087853,0.876657,0.028572,0.093268,0.876657,0.008352
0.039478,0.684705,0.08983,0.052622,0.686613,0.065123,0.046683,0.684462,0.086158
0.035308,0.684845,0.091955,0.012683,0.684515,0.103488,0.02989,0.686613,0.082573
-0.100975,0.391553,-0.0125,-0.108903,0.38185,-0.0125,-0.10605,0.38185,0.009219999
0.003415,0.686613,0.093538,0.02989,0.686613,0.082573,0.00997,0.684622,0.103918
0.082683,0.90179,0.026695,0.093268,0.876657,0.008352,0.087853,0.90179,0.007402001
0.079013,0.876657,0.04755,0.089598,0.850748,0.029207,0.087853,0.876657,0.028572
-0.100975,0.391553,-0.0125,-0.098182,0.402985,-0.0125,-0.095695,0.402985,-0.03144
-0.044657,0.645283,0.060878,-0.025,0.645283,0.063475,-0.04394,0.656717,0.058195
-0.10605,0.38185,0.00922,-0.098378,0.391553,0.007158,-0.100975,0.391553,-0.012499999
0.055902,0.925373,0.05539,0.04289,0.925373,0.068402,0.06278,0.90179,0.061157
-0.025,0.645283,0.063475,-0.044657,0.645283,0.060878,-0.025,0.635583,0.071403
-0.132525,0.313433,0.135487,-0.132525,0.298508,0.135487,-0.08789,0.313433,0.158232
-0.081525,0.298508,0.161475,-0.08789,0.313433,0.158232,-0.132525,0.298508,0.135487
-0.172988,0.298508,-0.120025,-0.172988,0.313433,-0.120025,-0.132525,0.313433,-0.160488
0.06278,0.90179,0.061157,0.048658,0.90179,0.07528,0.067,0.876657,0.064695
0.052195,0.876657,0.0795,0.067,0.876657,0.064695,0.048658,0.90179,0.07528
-0.172988,0.313433,-0.120025,-0.172988,0.298508,-0.120025,-0.195733,0.313433,-0.07539
-0.198975,0.298508,-0.069025,-0.195733,0.313433,-0.07539,-0.172988,0.298508,-0.120025
0.079013,0.876657,0.04755,0.06278,0.90179,0.061157,0.067,0.876657,0.064695
-0.172988,0.313433,0.095025,-0.195733,0.313433,0.05039,-0.172988,0.298508,0.095025
-0.198975,0.298508,0.044025,-0.172988,0.298508,0.095025,-0.195733,0.313433,0.05039
-0.172988,0.298508,0.095025,-0.132525,0.298508,0.135487,-0.172988,0.313433,0.095025
0.148975,0.313433,-0.069025,0.137378,0.313433,-0.065255,0.157927,0.313433,-0.012499999
0.122988,0.313433,-0.120025,0.113123,0.313433,-0.112853,0.148975,0.313433,-0.069025
0.145733,0.313433,-0.0125,0.137378,0.313433,0.040255,0.157927,0.313433,-0.0125
0.067,0.876657,0.064695,0.052195,0.876657,0.0795,0.068415,0.850748,0.06589
-0.025,0.313433,-0.183233,0.027754998,0.313433,-0.174878,-0.025,0.313433,-0.195428
-0.081525,0.313433,-0.186475,-0.077755,0.313433,-0.174878,-0.024999999,0.313433,-0.195428
-0.132525,0.313433,-0.160488,-0.125353,0.313433,-0.150623,-0.081525,0.313433,-0.186475
0.031525,0.313433,-0.186475,-0.024999999,0.313433,-0.195428,0.027755,0.313433,-0.174878
0.145733,0.313433,-0.0125,0.157927,0.313433,-0.0125,0.137378,0.313433,-0.065255
-0.025,0.645283,0.063475,-0.025,0.635583,0.071403,-0.0032800008,0.635583,0.06855
0.082525,0.313433,-0.160488,0.075353,0.313433,-0.150623,0.122988,0.313433,-0.120025
0.137378,0.313433,-0.065255,0.148975,0.313433,-0.069025,0.113123,0.313433,-0.112853
0.031525,0.313433,-0.186475,0.075353,0.313433,-0.150623,0.082525,0.313433,-0.160488
0.113123,0.313433,-0.112853,0.122988,0.313433,-0.120025,0.075353,0.313433,-0.150623
0.087853,0.876657,0.028572,0.095098,0.850748,0.00867,0.093268,0.876657,0.008352
0.031525,0.313433,-0.186475,0.027755,0.313433,-0.174878,0.075353,0.313433,-0.150623
-0.025,0.313433,-0.183233,-0.025,0.313433,-0.195428,-0.077755,0.313433,-0.174878
-0.025,0.656717,0.060683,-0.04394,0.656717,0.058195,-0.025,0.645283,0.063475
0.087853,0.876657,0.028572,0.089598,0.850748,0.029207,0.095098,0.850748,0.00867
-0.077755,0.313433,-0.174878,-0.081525,0.313433,-0.186475,-0.125353,0.313433,-0.150623
-0.125353,0.313433,-0.150623,-0.132525,0.313433,-0.160488,-0.172988,0.313433,-0.120025
-0.00328,0.635583,-0.09355,-0.025,0.629105,-0.10828,-0.025,0.635583,-0.096403
0.09695,0.850748,-0.0125,0.093268,0.876657,0.008351999,0.095098,0.850748,0.008670001
-0.163123,0.313433,-0.112853,-0.125353,0.313433,-0.150623,-0.172988,0.313433,-0.120025
-0.172988,0.313433,-0.120025,-0.195733,0.313433,-0.07539,-0.163123,0.313433,-0.112853
-0.187377,0.313433,-0.065255,-0.163123,0.313433,-0.112853,-0.195733,0.313433,-0.07539
-0.187377,0.313433,-0.065255,-0.195733,0.313433,-0.07539,-0.195733,0.313433,-0.012499999
-0.025,0.313433,0.158232,0.037890002,0.313433,0.158232,0.027754998,0.313433,0.149878
0.082525,0.313433,0.135487,0.075353,0.313433,0.125622,0.03789,0.313433,0.158232
0.122988,0.313433,0.095025,0.075353,0.313433,0.125622,0.082525,0.313433,0.135487
0.027755,0.313433,0.149878,0.03789,0.313433,0.158232,0.075353,0.313433,0.125622
-0.025,0.645283,0.063475,-0.0032800008,0.635583,0.06855,-0.005342001,0.645283,0.060878
0.075353,0.313433,0.125622,0.122988,0.313433,0.095025,0.113123,0.313433,0.087853
0.095098,0.850748,-0.03367,0.095098,0.876657,-0.012499999,0.09695,0.850748,-0.012499999
0.148975,0.313433,0.044025,0.157927,0.313433,-0.012499999,0.137378,0.313433,0.040255
0.122988,0.313433,0.095025,0.148975,0.313433,0.044025,0.113123,0.313433,0.087853
0.113123,0.313433,0.087853,0.148975,0.313433,0.044025,0.137378,0.313433,0.040255
-0.172988,0.313433,0.095025,-0.163123,0.313433,0.087853,-0.195733,0.313433,0.05039
-0.195733,0.313433,-0.0125,-0.195733,0.313433,0.05039,-0.187377,0.313433,0.040255
-0.163123,0.313433,0.087853,-0.172988,0.313433,0.095025,-0.132525,0.313433,0.135487
-0.025,0.645283,0.063475,-0.005342001,0.645283,0.060878,-0.025,0.656717,0.060683
0.089598,0.850748,0.029207,0.093268,0.824835,0.008352,0.095098,0.850748,0.00867
-0.187377,0.313433,0.040255,-0.195733,0.313433,0.05039,-0.163123,0.313433,0.087853
0.095098,0.850748,0.00867,0.095098,0.824835,-0.012500001,0.09695,0.850748,-0.012500001
-0.125353,0.313433,0.125622,-0.163123,0.313433,0.087853,-0.132525,0.313433,0.135487
-0.08789,0.313433,0.158232,-0.024999999,0.313433,0.158232,-0.077755,0.313433,0.149878
-0.132525,0.313433,0.135487,-0.08789,0.313433,0.158232,-0.125353,0.313433,0.125622
-0.077755,0.313433,0.149878,-0.125353,0.313433,0.125622,-0.08789,0.313433,0.158232
-0.025,0.656717,0.060683,-0.025,0.66815,0.063475,-0.044657,0.66815,0.060878
0.095098,0.850748,0.00867,0.093268,0.824835,0.008352,0.095098,0.824835,-0.012500001
0.09695,0.850748,-0.0125,0.095098,0.824835,-0.0125,0.093268,0.824835,-0.033353
-0.025,0.629105,-0.10828,-0.049793,0.629105,-0.105012,-0.025,0.635583,-0.096403
-0.00606,0.656717,0.058195,-0.005342,0.645283,0.060878,0.012987999,0.645283,0.053293
-0.154573,0.686567,0.02222,-0.159148,0.686567,-0.012499999,-0.14695,0.686567,-0.012499999
-0.14695,0.686567,-0.0125,-0.140988,0.686567,0.025183,-0.154573,0.686567,0.02222
0.09695,0.850748,-0.0125,0.093268,0.824835,-0.033353,0.095098,0.850748,-0.03367
-0.140988,0.686567,-0.050182,-0.14695,0.686567,-0.012499999,-0.154573,0.686567,-0.04722
-0.025,0.645283,-0.088475,-0.025,0.635583,-0.096403,-0.04672,0.635583,-0.09355
-0.04394,0.656717,0.058195,-0.025,0.656717,0.060683,-0.044657,0.66815,0.060878
-0.00328,0.635583,-0.09355,-0.025,0.635583,-0.096403,-0.005342,0.645283,-0.085878
-0.159148,0.701492,-0.0125,-0.14695,0.701492,-0.0125,-0.154573,0.701492,-0.04722
-0.14117,0.701492,0.054573,-0.140988,0.701492,0.025183,-0.154573,0.701492,0.02222
-0.159148,0.701492,-0.0125,-0.154573,0.701492,0.02222,-0.14695,0.701492,-0.0125
-0.154573,0.686567,-0.04722,-0.159148,0.686567,-0.012499999,-0.159148,0.701492,-0.012499999
-0.154573,0.686567,-0.04722,-0.159148,0.701492,-0.012499999,-0.154573,0.701492,-0.04722
-0.154573,0.686567,0.02222,-0.14117,0.686567,0.054573,-0.14117,0.701492,0.054573
-0.123658,0.746267,-0.084183,-0.091215,0.746267,-0.068065,-0.080565,0.746267,-0.078715
-0.159148,0.701492,-0.0125,-0.159148,0.686567,-0.0125,-0.154573,0.686567,0.02222
-0.159148,0.701492,-0.0125,-0.154573,0.686567,0.02222,-0.154573,0.701492,0.02222
0.093268,0.824835,0.008352,0.087853,0.799703,0.007402,0.089598,0.799703,-0.012499999
-0.154573,0.686567,0.02222,-0.14117,0.701492,0.054573,-0.154573,0.701492,0.02222
-0.025,0.686567,0.121647,-0.025,0.686567,0.10945,0.0097199995,0.686567,0.117073
-0.005342,0.645283,-0.085878,-0.024999999,0.635583,-0.096403,-0.024999999,0.645283,-0.088475
0.00972,0.701492,0.117073,-0.024999999,0.701492,0.10945,-0.024999999,0.701492,0.121647
0.093268,0.824835,0.008352,0.089598,0.799703,-0.012499999,0.095098,0.824835,-0.012499999
-0.025,0.701492,0.121647,-0.025,0.701492,0.10945,-0.059719995,0.701492,0.117073
0.00972,0.686567,0.117073,0.00972,0.701492,0.117073,-0.024999999,0.701492,0.121647
0.00972,0.686567,0.117073,-0.024999999,0.701492,0.121647,-0.024999999,0.686567,0.121647
0.095098,0.824835,-0.0125,0.087853,0.799703,-0.032403,0.093268,0.824835,-0.033353
-0.140988,0.746267,-0.050182,-0.09986,0.746267,-0.05572,-0.123658,0.746267,-0.084183
-0.005342,0.645283,-0.085878,-0.024999999,0.645283,-0.088475,-0.00606,0.656717,-0.083195
0.095098,0.824835,-0.0125,0.089598,0.799703,-0.0125,0.087853,0.799703,-0.032403
-0.05972,0.686567,0.117073,-0.025000002,0.686567,0.121647,-0.05972,0.701492,0.117073
-0.025,0.701492,0.121647,-0.059719995,0.701492,0.117073,-0.025,0.686567,0.121647
0.104572,0.686567,0.02222,0.09695,0.686567,-0.012499999,0.109148,0.686567,-0.012499999
-0.025,0.645283,-0.088475,-0.04672,0.635583,-0.09355,-0.044657,0.645283,-0.085878
0.090987,0.701492,-0.050182,0.09695,0.701492,-0.012499999,0.104572,0.701492,-0.04722
0.104572,0.686567,-0.04722,0.09117,0.686567,-0.079572,0.104572,0.701492,-0.04722
0.109148,0.686567,-0.0125,0.104572,0.686567,-0.04722,0.104572,0.701492,-0.04722
-0.091215,0.746267,-0.068065,-0.123658,0.746267,-0.084183,-0.094858,0.746267,-0.062867
0.104572,0.686567,0.02222,0.109148,0.686567,-0.012499999,0.109148,0.701492,-0.012499999
0.104572,0.686567,0.02222,0.109148,0.701492,-0.012499999,0.104572,0.701492,0.02222
0.104572,0.701492,-0.04722,0.109148,0.701492,-0.012499999,0.109148,0.686567,-0.012499999
-0.025,0.645283,-0.088475,-0.025,0.656717,-0.085683,-0.0060600005,0.656717,-0.083195
0.012683,0.686567,-0.128488,-0.025000002,0.686567,-0.13445,0.00972,0.686567,-0.142072
-0.094858,0.746267,-0.062867,-0.123658,0.746267,-0.084183,-0.09986,0.746267,-0.05572
-0.025,0.656717,-0.085683,-0.025,0.645283,-0.088475,-0.044657,0.645283,-0.085878
0.089598,0.799703,-0.0125,0.079013,0.77612,-0.030843,0.087853,0.799703,-0.032403
-0.025,0.686567,-0.146647,-0.059719995,0.686567,-0.142072,-0.025,0.701492,-0.146647
-0.025,0.656717,0.060683,-0.005342001,0.645283,0.060878,-0.0060600005,0.656717,0.058195
0.00972,0.686567,-0.142072,-0.024999999,0.686567,-0.146647,-0.024999999,0.701492,-0.146647
0.00972,0.686567,-0.142072,-0.024999999,0.701492,-0.146647,0.00972,0.701492,-0.142072
-0.05972,0.686567,-0.142072,-0.05972,0.701492,-0.142072,-0.025000002,0.701492,-0.146647
0.067,0.876657,0.064695,0.068415,0.850748,0.06589,0.08061,0.850748,0.048475
0.079013,0.876657,0.04755,0.067,0.876657,0.064695,0.08061,0.850748,0.048475
0.089598,0.850748,0.029207,0.079013,0.876657,0.04755,0.08061,0.850748,0.048475
-0.025,0.656717,-0.085683,-0.025,0.66815,-0.088475,-0.005342001,0.66815,-0.085878
0.001805,0.991,-0.04445,0.00695,0.991,-0.039305,0.014195,0.98,-0.059208
0.021708,0.98,-0.051695,0.014195,0.98,-0.059208,0.0069500003,0.991,-0.039305
0.08061,0.850748,0.048475,0.079013,0.824835,0.04755,0.087853,0.824835,0.028572
0.014195,0.98,-0.059208,0.005488,0.98,-0.065305,0.001805,0.991,-0.04445
-0.025,0.656717,0.060683,-0.0060600005,0.656717,0.058195,-0.025,0.66815,0.063475
-0.025,0.66815,-0.088475,-0.0032800008,0.67785,-0.09355,-0.005342001,0.66815,-0.085878
0.08061,0.850748,0.048475,0.087853,0.824835,0.028572,0.089598,0.850748,0.029207
0.089598,0.850748,0.029207,0.087853,0.824835,0.028572,0.093268,0.824835,0.008352
-0.025,0.66815,0.063475,-0.04672,0.67785,0.06855,-0.044657,0.66815,0.060878
-0.044657,0.66815,-0.085878,-0.025,0.67785,-0.096403,-0.025,0.66815,-0.088475
-0.025,0.67785,0.071403,-0.04672,0.67785,0.06855,-0.025,0.66815,0.063475
-0.00606,0.656717,0.058195,-0.005342,0.66815,0.060878,-0.025,0.66815,0.063475
-0.00328,0.67785,-0.09355,-0.025,0.66815,-0.088475,-0.025,0.67785,-0.096403
-0.044657,0.66815,-0.085878,-0.04672,0.67785,-0.09355,-0.025,0.67785,-0.096403
0.03505,0.965075,-0.06289,0.021708,0.98,-0.051695,0.027805,0.98,-0.042987
0.021708,0.98,-0.051695,0.03505,0.965075,-0.06289,0.014195,0.98,-0.059208
0.005488,0.98,-0.065305,0.014195,0.98,-0.059208,0.014195,0.965075,-0.08039
-0.025,0.67785,0.071403,-0.005342001,0.66815,0.060878,-0.0032800008,0.67785,0.06855
0.074245,0.799703,0.044792,0.079013,0.824835,0.04755,0.067,0.824835,0.064695
-0.005342,0.66815,0.060878,-0.024999999,0.67785,0.071403,-0.024999999,0.66815,0.063475
0.079013,0.824835,0.04755,0.082683,0.799703,0.026695,0.087853,0.824835,0.028572
0.079013,0.824835,0.04755,0.074245,0.799703,0.044792,0.082683,0.799703,0.026695
-0.00328,0.67785,0.06855,-0.005342,0.66815,0.060878,0.012988,0.66815,0.053293
0.087853,0.824835,0.028572,0.087853,0.799703,0.007401999,0.093268,0.824835,0.008352
-0.04672,0.67785,-0.09355,-0.025,0.684328,-0.10828,-0.025,0.67785,-0.096403
0.02289,0.629105,0.07044,0.01695,0.635583,0.060158,-0.0032800008,0.635583,0.06855
-0.049793,0.684328,-0.105012,-0.025,0.684328,-0.10828,-0.04672,0.67785,-0.09355
0.087853,0.824835,0.028572,0.082683,0.799703,0.026695,0.087853,0.799703,0.007401999
0.01695,0.635583,0.060158,0.012988,0.645283,0.053293,-0.005341999,0.645283,0.060878
0.074245,0.799703,0.044792,0.074245,0.77612,0.023622,0.082683,0.799703,0.026695
-0.005342,0.645283,0.060878,-0.00328,0.635583,0.06855,0.01695,0.635583,0.060158
-0.025,0.686613,-0.12228,-0.025,0.684328,-0.10828,-0.049793,0.684328,-0.105012
-0.056348,0.628673,-0.12949,-0.053415,0.626835,-0.118538,-0.051255,0.628695,-0.130295
0.079013,0.77612,0.005843,0.087853,0.799703,0.007402,0.082683,0.799703,0.026695
-0.051255,0.628695,-0.130295,-0.025,0.626835,-0.12228,-0.025,0.628807,-0.13445
0.082683,0.799703,0.026695,0.074245,0.77612,0.023622,0.079013,0.77612,0.0058430005
-0.00606,0.656717,0.058195,0.012987999,0.645283,0.053293,0.011598,0.656717,0.050878
0.087853,0.799703,0.007402,0.079013,0.77612,0.005843,0.08061,0.77612,-0.0125
-0.025,0.628807,-0.13445,-0.025,0.626835,-0.12228,-0.021078,0.62879,-0.13383
0.012988,0.645283,0.053293,0.01695,0.635583,0.060158,0.03433,0.635583,0.04683
0.02872,0.645283,0.04122,0.012987999,0.645283,0.053293,0.03433,0.635583,0.04683
0.08061,0.77612,-0.0125,0.089598,0.799703,-0.0125,0.087853,0.799703,0.007402
-0.025,0.626835,-0.12228,-0.053415,0.626835,-0.118538,-0.025,0.629105,-0.10828
0.079013,0.77612,-0.030843,0.089598,0.799703,-0.012499999,0.08061,0.77612,-0.012499999
0.012988,0.66815,0.053293,-0.005342,0.66815,0.060878,0.011598,0.656717,0.050878
-0.025,0.626835,-0.12228,-0.051255,0.628695,-0.130295,-0.053415,0.626835,-0.118538
-0.025,0.629105,-0.10828,-0.053415,0.626835,-0.118538,-0.049793,0.629105,-0.105012
-0.005342,0.66815,0.060878,-0.00606,0.656717,0.058195,0.011598001,0.656717,0.050878
0.011598,0.656717,0.050878,0.02872,0.645283,0.04122,0.026755,0.656717,0.039255
-0.100975,0.391553,-0.0125,-0.098378,0.391553,0.007157999,-0.098182,0.402985,-0.0125
-0.053415,0.686613,-0.118538,-0.025,0.686613,-0.12228,-0.049793,0.684328,-0.105012
-0.00328,0.67785,0.06855,0.012988,0.66815,0.053293,0.01695,0.67785,0.060158
0.001805,0.991,-0.04445,-0.01139,0.997733,-0.02872,0.00695,0.991,-0.039305
-0.025,0.684627,-0.13445,-0.025,0.686613,-0.12228,-0.028923,0.684642,-0.13383
0.01695,0.67785,0.060158,0.02289,0.684328,0.07044,-2.0699948E-4,0.684328,0.080013
0.001805,0.991,-0.04445,0.005488,0.98,-0.065305,-0.004148,0.991,-0.048623
-0.025,0.686613,-0.12228,-0.053415,0.686613,-0.118538,-0.028923,0.684642,-0.13383
0.01695,0.67785,0.060158,0.02872,0.66815,0.04122,0.03433,0.67785,0.04683
-0.095695,0.402985,-0.03144,-0.098182,0.402985,-0.012499999,-0.098378,0.414418,-0.032157
-0.00328,0.67785,0.06855,0.01695,0.67785,0.060158,-2.0699995E-4,0.684328,0.080013
-0.097658,0.38185,0.02945,-0.090792,0.391553,0.025488,-0.098378,0.391553,0.007158
0.02289,0.684328,0.07044,0.01695,0.67785,0.060158,0.03433,0.67785,0.04683
0.04272,0.629105,0.05522,0.02289,0.629105,0.07044,0.052622,0.626835,0.065123
0.04272,0.629105,0.05522,0.03433,0.635583,0.04683,0.01695,0.635583,0.060158
-0.032245,0.991,-0.053573,-0.025,0.997733,-0.03367,-0.025,0.991,-0.054208
-0.025,0.626835,-0.12228,-0.025,0.629105,-0.10828,-2.0699948E-4,0.629105,-0.105012
-2.07E-4,0.629105,-0.105012,0.003415,0.626835,-0.118538,-0.025,0.626835,-0.12228
-0.098182,0.402985,-0.0125,-0.100975,0.414418,-0.0125,-0.098378,0.414418,-0.032157
0.02289,0.629105,0.07044,0.04272,0.629105,0.05522,0.01695,0.635583,0.060158
-0.098378,0.391553,0.007158,-0.095695,0.402985,0.00644,-0.098182,0.402985,-0.012499999
-0.095695,0.402985,0.00644,-0.098378,0.391553,0.007158,-0.090792,0.391553,0.025488
0.005488,0.98,-0.065305,-0.004148,0.98,-0.069793,-0.004148,0.991,-0.048623
-0.098182,0.402985,-0.0125,-0.095695,0.402985,0.0064399997,-0.100975,0.414418,-0.0125
-0.004148,0.991,-0.048623,-0.004148,0.98,-0.069793,-0.010733,0.991,-0.051695
-0.00328,0.635583,-0.09355,-2.0699995E-4,0.629105,-0.105012,-0.025,0.629105,-0.10828
-0.095695,0.402985,0.00644,-0.098378,0.414418,0.007158,-0.100975,0.414418,-0.012499999
-0.010733,0.991,-0.051695,-0.014415,0.98,-0.07255,-0.017755,0.991,-0.053573
-0.004148,0.98,-0.069793,-0.014415,0.98,-0.07255,-0.010733,0.991,-0.051695
-0.10605,0.42412,-0.03422,-0.098378,0.414418,-0.032157,-0.100975,0.414418,-0.012499999
-0.025,0.98,-0.073475,-0.025,0.991,-0.054208,-0.017755,0.991,-0.053573
-0.100975,0.414418,-0.0125,-0.108903,0.42412,-0.0125,-0.10605,0.42412,-0.03422
-0.014415,0.98,-0.07255,-0.025,0.98,-0.073475,-0.017755,0.991,-0.053573
-0.005342,0.645283,-0.085878,0.012988,0.645283,-0.078293,-0.00328,0.635583,-0.09355
-0.025,0.98,-0.073475,-0.035585,0.98,-0.07255,-0.025,0.991,-0.054208
-0.090792,0.414418,0.025488,-0.098378,0.414418,0.007158,-0.088377,0.402985,0.024098
-0.088377,0.402985,0.024098,-0.098378,0.414418,0.007158,-0.095695,0.402985,0.0064400006
0.01695,0.67785,-0.085158,-0.005341999,0.66815,-0.085878,-0.0032800008,0.67785,-0.09355
0.012988,0.645283,0.053293,0.028720003,0.645283,0.04122,0.011598,0.656717,0.050878
-0.108903,0.42412,-0.0125,-0.100975,0.414418,-0.0125,-0.098378,0.414418,0.007157999
-0.025,0.991,-0.054208,-0.035585,0.98,-0.07255,-0.032245,0.991,-0.053573
-0.098378,0.414418,0.007158,-0.090792,0.414418,0.025488,-0.10605,0.42412,0.00922
0.012988,0.66815,0.053293,0.011598,0.656717,0.050878,0.026755,0.656717,0.039255
0.02872,0.66815,0.04122,0.012987999,0.66815,0.053293,0.026755,0.656717,0.039255
-0.00328,0.67785,-0.09355,-2.0699995E-4,0.684328,-0.105012,0.02289,0.684328,-0.09544
-0.025,0.684328,-0.10828,-2.0699948E-4,0.684328,-0.105012,-0.025,0.67785,-0.096403
-0.025,0.67785,-0.096403,-2.0699948E-4,0.684328,-0.105012,-0.0032800008,0.67785,-0.09355
-0.025,0.375078,0.10945,-0.025,0.373105,0.09728,-0.028923,0.37506,0.10883
-0.045853,0.98,-0.069793,-0.032245,0.991,-0.053573,-0.035585,0.98,-0.07255
-0.032245,0.991,-0.053573,-0.045853,0.98,-0.069793,-0.039268,0.991,-0.051695
0.01695,0.67785,0.060158,0.012988,0.66815,0.053293,0.02872,0.66815,0.04122
-0.025,0.373105,0.09728,0.001255,0.374965,0.105295,0.0034149997,0.373105,0.093538
-0.055488,0.98,-0.065305,-0.045853,0.991,-0.048623,-0.039268,0.991,-0.051695
-0.045853,0.991,-0.048623,-0.064195,0.98,-0.059208,-0.051805,0.991,-0.04445
-0.055488,0.98,-0.065305,-0.064195,0.98,-0.059208,-0.045853,0.991,-0.048623
-0.025,0.375372,0.08328,-0.025,0.373105,0.09728,0.0034149997,0.373105,0.093538
0.03433,0.67785,0.04683,0.04272,0.684328,0.05522,0.02289,0.684328,0.07044
-0.03861,0.997733,-0.02872,-0.051805,0.991,-0.04445,-0.05695,0.991,-0.039305
0.03433,0.67785,0.04683,0.047658,0.67785,0.02945,0.04272,0.684328,0.05522
-0.045853,0.98,-0.069793,-0.055488,0.98,-0.065305,-0.039268,0.991,-0.051695
0.04272,0.684328,0.05522,0.02989,0.686613,0.082573,0.02289,0.684328,0.07044
-0.051805,0.991,-0.04445,-0.064195,0.98,-0.059208,-0.05695,0.991,-0.039305
-0.071708,0.98,-0.051695,-0.05695,0.991,-0.039305,-0.064195,0.98,-0.059208
0.003415,0.626835,-0.118538,0.02289,0.629105,-0.09544,0.02989,0.626835,-0.107572
-0.025,0.430895,0.10945,-0.025,0.43288,0.09728,-0.021078,0.430912,0.10883
-0.071708,0.98,-0.051695,-0.077805,0.98,-0.042987,-0.05695,0.991,-0.039305
0.02989,0.686613,0.082573,0.04272,0.684328,0.05522,0.052622,0.686613,0.065123
-0.05695,0.991,-0.039305,-0.077805,0.98,-0.042987,-0.061123,0.991,-0.033353
-0.025,0.430895,0.10945,-0.051255,0.43101,0.105295,-0.025,0.43288,0.09728
-0.056348,0.43103,0.10449,-0.053415,0.43288,0.093538,-0.051255,0.43101,0.105295
0.03433,0.635583,0.04683,0.047658,0.635583,0.02945,0.02872,0.645283,0.04122
-0.025,0.373105,0.09728,-0.025,0.375372,0.08328,-0.049793,0.375372,0.080013
-0.064195,0.98,-0.059208,-0.08505,0.965075,-0.06289,-0.071708,0.98,-0.051695
0.047658,0.635583,0.02945,0.040793,0.645283,0.025488,0.02872,0.645283,0.04122
-0.071708,0.98,-0.051695,-0.09289,0.965075,-0.051695,-0.077805,0.98,-0.042987
-0.09289,0.965075,-0.051695,-0.098658,0.965075,-0.039305,-0.077805,0.98,-0.042987
0.052622,0.686613,-0.090122,0.04272,0.684328,-0.08022,0.02289,0.684328,-0.09544
0.02989,0.686613,-0.107572,0.02289,0.684328,-0.09544,-2.0699948E-4,0.684328,-0.105012
-0.077805,0.98,-0.042987,-0.098658,0.965075,-0.039305,-0.082292,0.98,-0.033353
0.02989,0.686613,-0.107572,-2.0699948E-4,0.684328,-0.105012,0.0034149997,0.686613,-0.118538
-0.049793,0.375372,0.080013,-0.025,0.375372,0.08328,-0.04672,0.38185,0.06855
0.02872,0.645283,0.04122,0.040793,0.645283,0.025488,0.026755,0.656717,0.039255
0.003415,0.686613,-0.118538,0.030378,0.684772,-0.11947,0.02989,0.686613,-0.107572
-0.062987,0.391553,0.053293,-0.04672,0.38185,0.06855,-0.044657,0.391553,0.060878
0.046683,0.684462,-0.111157,0.0564,0.684758,-0.10144,0.02989,0.686613,-0.107572
-0.04672,0.38185,0.06855,-0.025,0.38185,0.071403,-0.044657,0.391553,0.060878
-0.021078,0.62879,-0.13383,0.0034149997,0.626835,-0.118538,0.0063470006,0.628673,-0.12949
0.003415,0.626835,-0.118538,-0.021078,0.62879,-0.13383,-0.025,0.626835,-0.12228
0.016073,0.991,-0.019745,0.016708,0.991,-0.0125,0.03505,0.98,-0.023085
0.016073,0.991,-0.019745,0.03505,0.98,-0.023085,0.032293,0.98,-0.033353
0.006347,0.628673,-0.12949,0.003415,0.626835,-0.118538,0.00997,0.628812,-0.128918
0.016073,0.991,-0.019745,0.032293,0.98,-0.033353,0.014195,0.991,-0.026768
-2.07E-4,0.629105,-0.105012,0.02289,0.629105,-0.09544,0.003415,0.626835,-0.118538
-0.07289,0.430598,0.07044,-0.04672,0.42412,0.06855,-0.049793,0.430598,0.080013
0.040793,0.645283,0.025488,0.038378,0.656717,0.024098,0.026755,0.656717,0.039255
-0.049793,0.430598,0.080013,-0.04672,0.42412,0.06855,-0.025,0.42412,0.071403
-0.025,0.684328,-0.10828,0.0034149997,0.686613,-0.118538,-2.0699948E-4,0.684328,-0.105012
0.035975,0.98,-0.0125,0.016708,0.991,-0.0125,0.016073,0.991,-0.005255
0.003415,0.686613,-0.118538,-0.025,0.684328,-0.10828,-0.025,0.686613,-0.12228
0.001255,0.68474,-0.130295,-0.025,0.686613,-0.12228,-0.025,0.684627,-0.13445
-0.053415,0.43288,0.093538,-0.049793,0.430598,0.080013,-0.025,0.430598,0.08328
0.006347,0.684762,-0.12949,0.003415,0.686613,-0.118538,0.001255,0.68474,-0.130295
0.03505,0.98,-0.023085,0.016708,0.991,-0.0125,0.035975,0.98,-0.0125
0.038378,0.656717,0.024098,0.040793,0.66815,0.025488,0.02872,0.66815,0.04122
0.001255,0.68474,-0.130295,0.003415,0.686613,-0.118538,-0.025,0.686613,-0.12228
0.030378,0.684772,-0.11947,0.0034149997,0.686613,-0.118538,0.012683,0.684515,-0.128488
0.012683,0.684515,-0.128488,0.0034149997,0.686613,-0.118538,0.006347,0.684762,-0.12949
0.038378,0.656717,0.024098,0.02872,0.66815,0.04122,0.026755,0.656717,0.039255
0.003415,0.626835,-0.118538,0.02989,0.626835,-0.107572,0.00997,0.628812,-0.128918
0.040793,0.66815,0.025488,0.038378,0.656717,0.024098,0.045695,0.656717,0.0064400006
-0.04672,0.38185,0.06855,-0.025,0.375372,0.08328,-0.025,0.38185,0.071403
0.00997,0.628812,-0.128918,0.02989,0.626835,-0.107572,0.012683,0.628918,-0.128488
0.035308,0.628592,-0.116955,0.012683,0.628918,-0.128488,0.02989,0.626835,-0.107572
0.039478,0.628733,-0.11483,0.052622,0.626835,-0.090122,0.046683,0.628972,-0.111157
0.035308,0.628592,-0.116955,0.02989,0.626835,-0.107572,0.039478,0.628733,-0.11483
0.014195,0.991,-0.026768,0.027805,0.98,-0.042987,0.011123,0.991,-0.033353
0.040793,0.66815,0.025488,0.03433,0.67785,0.04683,0.02872,0.66815,0.04122
0.032293,0.98,-0.033353,0.027805,0.98,-0.042987,0.014194999,0.991,-0.026768
0.040793,0.66815,0.025488,0.047658,0.67785,0.02945,0.03433,0.67785,0.04683
0.011123,0.991,-0.033353,0.021708,0.98,-0.051695,0.00695,0.991,-0.039305
0.027805,0.98,-0.042987,0.021708,0.98,-0.051695,0.011123,0.991,-0.033353
0.035308,0.684845,-0.116955,0.02989,0.686613,-0.107572,0.030378,0.684772,-0.11947
0.02989,0.686613,-0.107572,0.035308,0.684845,-0.116955,0.046683,0.684462,-0.111157
0.052195,0.876657,-0.1045,0.068415,0.850748,-0.09089,0.05339,0.850748,-0.105915
0.03505,0.98,-0.023085,0.052195,0.965075,-0.02611,0.048658,0.965075,-0.039305
0.05339,0.850748,-0.105915,0.068415,0.850748,-0.09089,0.052195,0.824835,-0.1045
0.067,0.824835,-0.089695,0.052195,0.824835,-0.1045,0.068415,0.850748,-0.09089
-0.09986,0.746267,-0.05572,-0.140988,0.746267,-0.050182,-0.10254,0.746267,-0.049968
-0.10254,0.746267,-0.049968,-0.140988,0.746267,-0.050182,-0.106225,0.746267,-0.042063
0.052195,0.824835,-0.1045,0.067,0.824835,-0.089695,0.048658,0.799703,-0.10028
0.06278,0.799703,-0.086158,0.048658,0.799703,-0.10028,0.067,0.824835,-0.089695
0.048658,0.799703,-0.10028,0.032293,0.799703,-0.111745,0.052195,0.824835,-0.1045
0.011123,0.991,0.008352,0.014195,0.991,0.0017670002,-0.0066570006,0.997733,-0.0019150004
0.011123,0.991,0.008352,0.00695,0.991,0.014305,0.027805,0.98,0.017987
0.011123,0.991,0.008352,0.027805,0.98,0.017987,0.032293,0.98,0.008352
0.09695,0.746267,-0.0125,0.060128,0.746267,0.0025080005,0.090987,0.746267,0.025183
0.011123,0.991,0.008352,0.032293,0.98,0.008352,0.014195,0.991,0.0017670002
0.060885,0.746267,-0.01882,0.06144,0.746267,-0.0125,0.09695,0.746267,-0.0125
0.016708,0.991,-0.0125,-0.004148001,0.997733,-0.008818,0.016073,0.991,-0.005255
0.058485,0.746267,-0.033635,0.060128,0.746267,-0.027507,0.090987,0.746267,-0.050182
0.060128,0.746267,-0.027507,0.09695,0.746267,-0.0125,0.090987,0.746267,-0.050182
0.060885,0.746267,-0.01882,0.09695,0.746267,-0.0125,0.060128,0.746267,-0.027507
0.089598,0.850748,-0.054208,0.093268,0.876657,-0.033353,0.095098,0.850748,-0.03367
0.08061,0.850748,-0.073475,0.087853,0.876657,-0.053573,0.089598,0.850748,-0.054208
0.089598,0.850748,-0.054208,0.079013,0.824835,-0.07255,0.08061,0.850748,-0.073475
0.089598,0.850748,-0.054208,0.087853,0.824835,-0.053573,0.079013,0.824835,-0.07255
0.056225,0.746267,0.017063,0.090987,0.746267,0.025183,0.057865,0.746267,0.010935
0.06068,0.746267,-0.00381,0.09695,0.746267,-0.0125,0.06144,0.746267,-0.0125
0.060128,0.746267,0.002508,0.09695,0.746267,-0.012500001,0.06068,0.746267,-0.0038100001
0.014195,0.991,0.001767,0.03505,0.98,-0.0019150001,0.016073,0.991,-0.0052549997
0.089598,0.850748,-0.054208,0.095098,0.850748,-0.03367,0.087853,0.824835,-0.053573
0.014195,0.991,0.001767,0.032293,0.98,0.008352,0.03505,0.98,-0.0019150001
0.095098,0.850748,-0.03367,0.093268,0.824835,-0.033353,0.087853,0.824835,-0.053573
0.016073,0.991,-0.005255,0.03505,0.98,-0.0019149999,0.035975,0.98,-0.0125
0.08061,0.850748,-0.073475,0.079013,0.824835,-0.07255,0.067,0.824835,-0.089695
0.06278,0.799703,-0.086158,0.067,0.824835,-0.089695,0.079013,0.824835,-0.07255
0.09199,0.628673,-0.043848,0.090987,0.628918,-0.050182,0.081037,0.626835,-0.040915
0.08061,0.850748,-0.073475,0.067,0.824835,-0.089695,0.068415,0.850748,-0.09089
0.093268,0.824835,-0.033353,0.087853,0.799703,-0.032403,0.082683,0.799703,-0.051695
0.09199,0.628673,-0.043848,0.081037,0.626835,-0.040915,0.092795,0.628695,-0.038755
0.087853,0.824835,-0.053573,0.093268,0.824835,-0.033353,0.082683,0.799703,-0.051695
0.087853,0.824835,-0.053573,0.082683,0.799703,-0.051695,0.074245,0.799703,-0.069793
0.090987,0.746267,0.025183,0.04986,0.746267,0.03072,0.073658,0.746267,0.059183
0.087853,0.824835,-0.053573,0.074245,0.799703,-0.069793,0.079013,0.824835,-0.07255
0.079013,0.824835,-0.07255,0.074245,0.799703,-0.069793,0.06278,0.799703,-0.086158
0.067513,0.684328,-0.037293,0.05794,0.684328,-0.06039,0.081037,0.686613,-0.040915
0.00695,0.991,-0.039305,-0.008779999,0.997733,-0.02611,-0.006657,0.997733,-0.023085
0.011123,0.991,-0.033353,0.00695,0.991,-0.039305,-0.0066570006,0.997733,-0.023085
0.09199,0.684762,-0.043848,0.081037,0.686613,-0.040915,0.091417,0.684622,-0.04747
0.04986,0.746267,0.03072,0.090987,0.746267,0.025183,0.05254,0.746267,0.024968
0.057865,0.746267,0.010935,0.090987,0.746267,0.025183,0.060128,0.746267,0.0025080005
-0.00878,0.997733,-0.02611,0.0069499994,0.991,-0.039305,-0.01139,0.997733,-0.02872
0.082683,0.799703,-0.051695,0.066463,0.77612,-0.065305,0.074245,0.799703,-0.069793
0.001805,0.991,-0.04445,-0.004148,0.991,-0.048623,-0.01139,0.997733,-0.02872
-0.014415,0.997733,-0.030843,-0.01139,0.997733,-0.02872,-0.004148,0.991,-0.048623
0.074245,0.799703,-0.069793,0.055902,0.77612,-0.08039,0.06278,0.799703,-0.086158
0.081037,0.686613,-0.040915,0.09199,0.684762,-0.043848,0.09633,0.684642,-0.016423
-0.004148,0.991,-0.048623,-0.010733,0.991,-0.051695,-0.014415,0.997733,-0.030843
0.087853,0.799703,-0.032403,0.079013,0.77612,-0.030843,0.074245,0.77612,-0.048623
-0.014415,0.997733,-0.030843,-0.010733,0.991,-0.051695,-0.017755,0.997733,-0.032403
0.056225,0.746267,0.017063,0.05254,0.746267,0.024968,0.090987,0.746267,0.025183
-0.017755,0.997733,-0.032403,-0.017755,0.991,-0.053573,-0.021318,0.997733,-0.033353
0.070073,0.626835,-0.06739,0.067513,0.629105,-0.037293,0.081037,0.626835,-0.040915
0.087853,0.799703,-0.032403,0.074245,0.77612,-0.048623,0.082683,0.799703,-0.051695
-0.010733,0.991,-0.051695,-0.017755,0.991,-0.053573,-0.017755,0.997733,-0.032403
0.066463,0.77612,-0.065305,0.082683,0.799703,-0.051695,0.074245,0.77612,-0.048623
0.070073,0.626835,-0.06739,0.05794,0.629105,-0.06039,0.067513,0.629105,-0.037293
-0.021318,0.997733,-0.033353,-0.025,0.991,-0.054208,-0.025,0.997733,-0.03367
-0.017755,0.991,-0.053573,-0.025,0.991,-0.054208,-0.021318,0.997733,-0.033353
0.070073,0.626835,-0.06739,0.052622,0.626835,-0.090122,0.05794,0.629105,-0.06039
0.055902,0.77612,-0.08039,0.074245,0.799703,-0.069793,0.066463,0.77612,-0.065305
0.048658,0.799703,-0.10028,0.06278,0.799703,-0.086158,0.055902,0.77612,-0.08039
0.041215,0.746267,0.043065,0.030565,0.746267,0.053715,0.073658,0.746267,0.059183
0.074245,0.77612,-0.048623,0.079013,0.77612,-0.030843,0.06278,0.754805,-0.04445
0.030565,0.746267,0.053715,0.023418,0.746267,0.05872,0.046683,0.746267,0.086158
0.074245,0.77612,-0.048623,0.055902,0.754805,-0.059207,0.066463,0.77612,-0.065305
0.044857,0.746267,0.037868,0.073658,0.746267,0.059183,0.04986,0.746267,0.03072
0.06278,0.754805,-0.04445,0.055902,0.754805,-0.059207,0.074245,0.77612,-0.048623
0.04272,0.684328,-0.08022,0.05794,0.684328,-0.06039,0.03433,0.67785,-0.07183
0.081037,0.686613,-0.040915,0.05794,0.684328,-0.06039,0.070073,0.686613,-0.06739
-0.00383,0.997733,-0.0125,0.016708,0.991,-0.0125,0.016073,0.991,-0.019745
0.041215,0.746267,0.043065,0.073658,0.746267,0.059183,0.044857,0.746267,0.037868
0.04656,0.754805,-0.07255,0.055902,0.77612,-0.08039,0.066463,0.77612,-0.065305
-0.00383,0.997733,-0.0125,0.016073,0.991,-0.019745,-0.004148,0.997733,-0.016183
-0.004148,0.997733,-0.016183,0.016073,0.991,-0.019745,0.014195,0.991,-0.026768
0.058485,0.746267,-0.033635,0.056225,0.746267,-0.042063,0.06278,0.754805,-0.04445
-0.004148,0.997733,-0.016183,0.014195,0.991,-0.026768,-0.005098,0.997733,-0.019745
0.05794,0.684328,-0.06039,0.04272,0.684328,-0.08022,0.070073,0.686613,-0.06739
0.04986,0.746267,-0.05572,0.055902,0.754805,-0.059207,0.053545,0.746267,-0.047815
0.053545,0.746267,-0.047815,0.055902,0.754805,-0.059207,0.06278,0.754805,-0.04445
-0.006657,0.997733,-0.023085,-0.005098,0.997733,-0.019745,0.011123,0.991,-0.033353
0.06278,0.754805,-0.04445,0.056225,0.746267,-0.042063,0.053545,0.746267,-0.047815
-0.005098,0.997733,-0.019745,0.014194999,0.991,-0.026768,0.011123,0.991,-0.033353
0.04272,0.684328,-0.08022,0.052622,0.686613,-0.090122,0.070073,0.686613,-0.06739
0.04622,0.746267,-0.060918,0.055902,0.754805,-0.059207,0.04986,0.746267,-0.05572
0.079455,0.684845,-0.072808,0.070073,0.686613,-0.06739,0.07733,0.684705,-0.076977
0.073658,0.746267,0.059183,0.030565001,0.746267,0.053715,0.046683,0.746267,0.086158
0.01822,0.746267,0.06236,0.046683,0.746267,0.086158,0.023418,0.746267,0.05872
0.079455,0.684845,-0.072808,0.090987,0.684515,-0.050182,0.070073,0.686613,-0.06739
0.081037,0.686613,-0.040915,0.070073,0.686613,-0.06739,0.091417,0.684622,-0.04747
0.06394,0.628678,-0.0939,0.070073,0.626835,-0.06739,0.073658,0.628972,-0.084183
0.08197,0.628663,-0.067878,0.081037,0.626835,-0.040915,0.090987,0.628918,-0.050182
0.073658,0.628972,-0.084183,0.070073,0.626835,-0.06739,0.079455,0.628592,-0.072808
0.004563,0.746267,0.068725,0.012683,0.746267,0.103488,0.010315,0.746267,0.066045
0.010315,0.746267,0.066045,0.012683,0.746267,0.103488,0.01822,0.746267,0.06236
-0.003865,0.746267,0.070985,0.012683,0.746267,0.103488,0.004563,0.746267,0.068725
0.079455,0.628592,-0.072808,0.070073,0.626835,-0.06739,0.08197,0.628663,-0.067878
0.08197,0.628663,-0.067878,0.070073,0.626835,-0.06739,0.081037,0.626835,-0.040915
0.07733,0.684705,-0.076977,0.052622,0.686613,-0.090122,0.073658,0.684462,-0.084183
0.091417,0.684622,-0.04747,0.070073,0.686613,-0.06739,0.090987,0.684515,-0.050182
0.06017,0.628565,-0.09767,0.046683,0.628972,-0.111157,0.052622,0.626835,-0.090122
0.052622,0.626835,-0.090122,0.039478,0.628733,-0.11483,0.02989,0.626835,-0.107572
0.021708,0.946688,-0.093403,0.011123,0.925373,-0.111745,0.0069500003,0.946688,-0.10028
0.06017,0.628565,-0.09767,0.052622,0.626835,-0.090122,0.06394,0.628678,-0.0939
0.070073,0.626835,-0.06739,0.06394,0.628678,-0.0939,0.052622,0.626835,-0.090122
0.027805,0.925373,-0.103963,0.011123,0.925373,-0.111745,0.021708,0.946688,-0.093403
0.046683,0.746267,0.086158,0.01822,0.746267,0.06236,0.012683,0.746267,0.103488
0.06278,0.90179,-0.086158,0.048658,0.90179,-0.10028,0.055902,0.925373,-0.08039
0.052622,0.686613,-0.090122,0.02289,0.684328,-0.09544,0.02989,0.686613,-0.107572
-0.03369,0.746267,0.07318,-0.040007,0.746267,0.072628,-0.025,0.746267,0.10945
0.032293,0.90179,-0.111745,0.014194999,0.90179,-0.120183,0.027805,0.925373,-0.103963
0.02989,0.686613,-0.107572,0.0564,0.684758,-0.10144,0.052622,0.686613,-0.090122
0.06017,0.68487,-0.09767,0.052622,0.686613,-0.090122,0.0564,0.684758,-0.10144
-0.01868,0.746267,0.073385,-0.025,0.746267,0.10945,-0.009992,0.746267,0.072628
-0.009992,0.746267,0.072628,0.012683,0.746267,0.103488,-0.0038649999,0.746267,0.070985
-0.03369,0.746267,0.07318,-0.025,0.746267,0.10945,-0.025,0.746267,0.07394
-0.048435,0.746267,0.070365,-0.062683,0.746267,0.103488,-0.040007,0.746267,0.072628
-0.01868,0.746267,0.073385,-0.025,0.746267,0.07394,-0.025,0.746267,0.10945
0.070073,0.686613,-0.06739,0.052622,0.686613,-0.090122,0.07733,0.684705,-0.076977
0.027805,0.925373,-0.103963,0.014195,0.90179,-0.120183,0.011123,0.925373,-0.111745
0.012683,0.746267,0.103488,-0.009992,0.746267,0.072628,-0.025000002,0.746267,0.10945
0.06017,0.68487,-0.09767,0.073658,0.684462,-0.084183,0.052622,0.686613,-0.090122
-0.025,0.686567,0.10945,0.012683002,0.686567,0.103488,0.0097199995,0.686567,0.117073
0.069853,0.701492,0.082353,0.046683,0.701492,0.086158,0.042073,0.701492,0.10367
0.046683,0.701492,0.086158,0.012683,0.701492,0.103488,0.042073,0.701492,0.10367
-0.025,0.701492,0.10945,0.0097199995,0.701492,0.117073,0.012683002,0.701492,0.103488
0.042073,0.686567,0.10367,0.069853,0.701492,0.082353,0.042073,0.701492,0.10367
0.04289,0.965075,-0.051695,0.027805,0.98,-0.042987,0.032293,0.98,-0.033353
0.042073,0.686567,0.10367,0.042073,0.701492,0.10367,0.009720001,0.701492,0.117073
0.042073,0.686567,0.10367,0.009720001,0.701492,0.117073,0.009720001,0.686567,0.117073
0.012683,0.628918,0.103488,0.006347,0.628673,0.10449,-0.025000002,0.489075,0.10945
0.04289,0.965075,-0.051695,0.032293,0.98,-0.033353,0.048658,0.965075,-0.039305
0.04289,0.965075,-0.051695,0.03505,0.965075,-0.06289,0.027805,0.98,-0.042987
0.012683,0.686567,0.103488,-0.025000002,0.686567,0.10945,0.006347,0.684762,0.10449
-0.021078,0.684642,0.10883,0.0063470006,0.684762,0.10449,-0.025,0.686567,0.10945
0.03505,0.965075,-0.06289,0.02539,0.965075,-0.07255,0.014194999,0.98,-0.059208
-0.025,0.684627,0.10945,-0.021078,0.684642,0.10883,-0.025,0.686567,0.10945
0.001255,0.628695,0.105295,-0.025,0.489075,0.10945,0.006347,0.628673,0.10449
-0.025,0.628807,0.10945,-0.025,0.489075,0.10945,0.001255,0.628695,0.105295
0.02539,0.965075,-0.07255,0.014195,0.965075,-0.08039,0.014195,0.98,-0.059208
0.005488,0.98,-0.065305,0.014195,0.965075,-0.08039,0.001805,0.965075,-0.086158
0.012683,0.684515,0.103488,0.012683,0.686567,0.103488,0.00997,0.684622,0.103918
0.079013,0.77612,-0.030843,0.08061,0.77612,-0.012499999,0.067,0.754805,-0.02872
0.006347,0.684762,0.10449,0.00997,0.684622,0.103918,0.012683,0.686567,0.103488
0.079013,0.77612,-0.030843,0.067,0.754805,-0.02872,0.06278,0.754805,-0.04445
-0.025,0.746267,0.10945,-0.025,0.701492,0.10945,0.012683002,0.701492,0.103488
-0.025,0.746267,0.10945,0.012683002,0.701492,0.103488,0.012683002,0.746267,0.103488
-0.07989,0.43288,-0.107572,-0.09272,0.430598,-0.08022,-0.102623,0.43288,-0.090122
-0.09272,0.430598,-0.08022,-0.10794,0.430598,-0.06039,-0.102623,0.43288,-0.090122
0.042073,0.686567,0.10367,0.046683,0.686567,0.086158,0.069853,0.686567,0.082353
0.046683,0.686567,0.086158,0.042073,0.686567,0.10367,0.012683,0.686567,0.103488
0.042073,0.686567,0.10367,0.009720001,0.686567,0.117073,0.012683,0.686567,0.103488
0.09117,0.701492,0.054573,0.073658,0.701492,0.059183,0.069853,0.701492,0.082353
0.073658,0.701492,0.059183,0.046683,0.701492,0.086158,0.069853,0.701492,0.082353
0.079013,0.77612,0.005843,0.068415,0.754805,-0.012499999,0.08061,0.77612,-0.012499999
0.00972,0.701492,0.117073,0.042073,0.701492,0.10367,0.012683,0.701492,0.103488
-0.102623,0.43288,-0.090122,-0.089478,0.430972,-0.11483,-0.07989,0.43288,-0.107572
0.069853,0.701492,0.082353,0.042073,0.686567,0.10367,0.069853,0.686567,0.082353
0.069853,0.686567,0.082353,0.09117,0.701492,0.054573,0.069853,0.701492,0.082353
0.079013,0.77612,0.005843,0.067,0.754805,0.00372,0.068415,0.754805,-0.012499999
-0.11017,0.43114,-0.09767,-0.096683,0.43073,-0.111157,-0.102623,0.43288,-0.090122
0.08061,0.77612,-0.0125,0.068415,0.754805,-0.0125,0.067,0.754805,-0.028719999
-0.085308,0.431112,-0.116955,-0.062683,0.430785,-0.128488,-0.07989,0.43288,-0.107572
0.06144,0.746267,-0.0125,0.068415,0.754805,-0.0125,0.06068,0.746267,-0.0038099997
0.06068,0.746267,-0.00381,0.068415,0.754805,-0.0125,0.067,0.754805,0.0037200002
-0.049793,0.375372,-0.105012,-0.07989,0.373105,-0.107572,-0.07289,0.375372,-0.09544
0.060128,0.746267,0.002508,0.067,0.754805,0.00372,0.057865,0.746267,0.010934999
0.057865,0.746267,0.010935,0.067,0.754805,0.00372,0.06278,0.754805,0.01945
-0.07289,0.375372,-0.09544,-0.102623,0.373105,-0.090122,-0.09272,0.375372,-0.08022
0.067,0.754805,0.00372,0.060128,0.746267,0.002508,0.06068,0.746267,-0.0038100001
0.035308,0.628592,0.091955,0.030378,0.628663,0.09447,0.046683,0.489075,0.086158
0.012683,0.628918,0.103488,0.046683,0.489075,0.086158,0.030378,0.628663,0.09447
-0.025,0.391553,0.063475,-0.025,0.38185,0.071403,-0.0032800008,0.38185,0.06855
0.039478,0.684705,0.08983,0.046683,0.686567,0.086158,0.035308,0.684845,0.091955
-0.025,0.414418,0.063475,-0.025,0.42412,0.071403,-0.04672,0.42412,0.06855
-0.025,0.430598,0.08328,-0.049793,0.430598,0.080013,-0.025,0.42412,0.071403
-0.00328,0.42412,0.06855,-0.025,0.430598,0.08328,-0.025,0.42412,0.071403
0.046683,0.684462,0.086158,0.046683,0.686567,0.086158,0.039478,0.684705,0.08983
0.012683,0.686567,0.103488,0.035308,0.684845,0.091955,0.046683,0.686567,0.086158
0.012683,0.686567,0.103488,0.012683,0.684515,0.103488,0.035308,0.684845,0.091955
0.012683,0.701492,0.103488,0.046683,0.701492,0.086158,0.046683,0.746267,0.086158
0.012683,0.701492,0.103488,0.046683,0.746267,0.086158,0.012683,0.746267,0.103488
0.046683,0.628972,0.086158,0.035308,0.628592,0.091955,0.046683,0.489075,0.086158
0.068415,0.754805,-0.0125,0.06144,0.746267,-0.0125,0.060885,0.746267,-0.01882
0.060128,0.746267,-0.027507,0.067,0.754805,-0.02872,0.060885,0.746267,-0.01882
0.068415,0.754805,-0.0125,0.060885,0.746267,-0.01882,0.067,0.754805,-0.028719999
0.09117,0.686567,0.054573,0.069853,0.686567,0.082353,0.073658,0.686567,0.059183
0.046683,0.686567,0.086158,0.073658,0.686567,0.059183,0.069853,0.686567,0.082353
-0.11068,0.746267,-0.02119,-0.110128,0.746267,-0.027507,-0.14695,0.746267,-0.0125
0.067,0.754805,-0.02872,0.058485,0.746267,-0.033635,0.06278,0.754805,-0.04445
0.104572,0.701492,0.02222,0.090987,0.701492,0.025183,0.09117,0.701492,0.054573
0.067,0.754805,-0.02872,0.060128,0.746267,-0.027507,0.058485,0.746267,-0.033635
0.09117,0.701492,0.054573,0.069853,0.686567,0.082353,0.09117,0.686567,0.054573
0.104572,0.701492,0.02222,0.09117,0.701492,0.054573,0.104572,0.686567,0.02222
0.09117,0.686567,0.054573,0.104572,0.686567,0.02222,0.09117,0.701492,0.054573
-0.021318,0.997733,0.008352,-0.017755,0.997733,0.007402,-0.025,1.0,-0.012499999
-0.017755,0.997733,0.007402,-0.014415,0.997733,0.005842,-0.025,1.0,-0.0125
0.066463,0.77612,0.040305,0.06278,0.799703,0.061158,0.055902,0.77612,0.05539
0.06017,0.628565,0.07267,0.0564,0.628678,0.07644,0.046683,0.489075,0.086158
0.066463,0.77612,0.040305,0.074245,0.799703,0.044792,0.06278,0.799703,0.061158
0.046683,0.628972,0.086158,0.046683,0.489075,0.086158,0.0564,0.628678,0.07644
0.074245,0.77612,0.023622,0.074245,0.799703,0.044792,0.066463,0.77612,0.040305
0.055902,0.77612,0.05539,0.04289,0.77612,0.068402,0.04656,0.754805,0.04755
-0.11144,0.746267,-0.0125,-0.14695,0.746267,-0.0125,-0.110885,0.746267,-0.00618
0.055902,0.77612,0.05539,0.055902,0.754805,0.034208,0.066463,0.77612,0.040305
0.073658,0.686567,0.059183,0.06017,0.68487,0.07267,0.06394,0.684758,0.0689
-0.025,1.0,-0.0125,-0.0038300008,0.997733,-0.0125,-0.004148001,0.997733,-0.016183
0.073658,0.686567,0.059183,0.046683,0.686567,0.086158,0.06017,0.68487,0.07267
0.055902,0.77612,0.05539,0.04656,0.754805,0.04755,0.055902,0.754805,0.034208
0.046683,0.684462,0.086158,0.06017,0.68487,0.07267,0.046683,0.686567,0.086158
-0.004148,0.997733,-0.016183,-0.005098,0.997733,-0.019745,-0.024999999,1.0,-0.0125
-0.14695,0.746267,-0.0125,-0.140988,0.746267,0.025183,-0.110128,0.746267,0.0025080005
0.066463,0.77612,0.040305,0.055902,0.754805,0.034208,0.06278,0.754805,0.01945
-0.005098,0.997733,-0.019745,-0.006657,0.997733,-0.023085,-0.025,1.0,-0.0125
-0.006657,0.997733,-0.023085,-0.00878,0.997733,-0.02611,-0.025,1.0,-0.0125
-0.107865,0.746267,-0.035935,-0.140988,0.746267,-0.050182,-0.110128,0.746267,-0.027507
0.066463,0.77612,0.040305,0.06278,0.754805,0.01945,0.074245,0.77612,0.023622
-0.00878,0.997733,-0.02611,-0.01139,0.997733,-0.02872,-0.024999999,1.0,-0.0125
0.074245,0.77612,0.023622,0.067,0.754805,0.0037200004,0.079013,0.77612,0.0058430005
-0.01139,0.997733,-0.02872,-0.014415,0.997733,-0.030843,-0.025,1.0,-0.012500001
0.067,0.754805,0.00372,0.074245,0.77612,0.023622,0.06278,0.754805,0.01945
-0.140988,0.746267,-0.050182,-0.14695,0.746267,-0.012499999,-0.110128,0.746267,-0.027507
-0.014415,0.997733,-0.030843,-0.017755,0.997733,-0.032403,-0.025,1.0,-0.012499999
-0.11068,0.746267,-0.02119,-0.14695,0.746267,-0.0125,-0.11144,0.746267,-0.0125
0.073658,0.686567,0.059183,0.06394,0.684758,0.0689,0.073658,0.684462,0.059183
-0.017755,0.997733,-0.032403,-0.021318,0.997733,-0.033353,-0.025,1.0,-0.012499999
0.04986,0.746267,0.03072,0.055902,0.754805,0.034208,0.044857,0.746267,0.037868
0.046683,0.746267,0.086158,0.046683,0.701492,0.086158,0.073658,0.746267,0.059183
0.073658,0.701492,0.059183,0.073658,0.746267,0.059183,0.046683,0.701492,0.086158
0.055902,0.754805,0.034208,0.04986,0.746267,0.03072,0.05254,0.746267,0.024968
-0.021318,0.997733,-0.033353,-0.025,0.997733,-0.03367,-0.025,1.0,-0.012499999
-0.110885,0.746267,-0.00618,-0.14695,0.746267,-0.0125,-0.110128,0.746267,0.002508
0.056225,0.746267,0.017063,0.06278,0.754805,0.01945,0.05254,0.746267,0.024968
0.073658,0.628972,0.059183,0.06017,0.628565,0.07267,0.046683,0.489075,0.086158
0.055902,0.754805,0.034208,0.05254,0.746267,0.024968,0.06278,0.754805,0.01945
0.104572,0.686567,0.02222,0.09117,0.686567,0.054573,0.090987,0.686567,0.025183
0.073658,0.686567,0.059183,0.090987,0.686567,0.025183,0.09117,0.686567,0.054573
0.073658,0.701492,0.059183,0.09117,0.701492,0.054573,0.090987,0.701492,0.025183
0.056225,0.746267,0.017063,0.057865,0.746267,0.010935,0.06278,0.754805,0.01945
-0.032245,0.997733,-0.032403,-0.035585,0.997733,-0.030843,-0.025,1.0,-0.012499999
0.079455,0.628592,0.047807,0.07733,0.628733,0.051977,0.090987,0.489075,0.025183
0.073658,0.628972,0.059183,0.090987,0.489075,0.025183,0.07733,0.628733,0.051977
-0.035585,0.997733,-0.030843,-0.03861,0.997733,-0.02872,-0.025,1.0,-0.012499999
0.05339,0.850748,0.080915,0.068415,0.850748,0.06589,0.052195,0.876657,0.0795
-0.140988,0.746267,-0.050182,-0.107865,0.746267,-0.035935,-0.106225,0.746267,-0.042063
-0.03861,0.997733,-0.02872,-0.04122,0.997733,-0.02611,-0.025,1.0,-0.012500001
0.090987,0.686567,0.025183,0.073658,0.686567,0.059183,0.08197,0.684772,0.042878
-0.04122,0.997733,-0.02611,-0.043343,0.997733,-0.023085,-0.025,1.0,-0.0125
0.073658,0.684462,0.059183,0.079455,0.684845,0.047807,0.073658,0.686567,0.059183
-0.043343,0.997733,-0.023085,-0.044902,0.997733,-0.019745,-0.025,1.0,-0.0125
0.052195,0.824835,0.0795,0.067,0.824835,0.064695,0.068415,0.850748,0.06589
0.052195,0.824835,0.0795,0.068415,0.850748,0.06589,0.05339,0.850748,0.080915
0.068415,0.850748,0.06589,0.079013,0.824835,0.04755,0.08061,0.850748,0.048475
-0.044902,0.997733,-0.019745,-0.045853,0.997733,-0.016183,-0.025,1.0,-0.0125
0.068415,0.850748,0.06589,0.067,0.824835,0.064695,0.079013,0.824835,0.04755
0.08197,0.684772,0.042878,0.090987,0.684515,0.025183,0.090987,0.686567,0.025183
0.079455,0.684845,0.047807,0.08197,0.684772,0.042878,0.073658,0.686567,0.059183
0.073658,0.701492,0.059183,0.090987,0.701492,0.025183,0.090987,0.746267,0.025183
0.073658,0.701492,0.059183,0.090987,0.746267,0.025183,0.073658,0.746267,0.059183
-0.045853,0.997733,-0.008818,-0.025,1.0,-0.0125,-0.04617,0.997733,-0.0125
0.090987,0.628918,0.025183,0.079455,0.628592,0.047807,0.090987,0.489075,0.025183
-0.08433,0.42412,-0.07183,-0.07289,0.430598,-0.09544,-0.06695,0.42412,-0.085158
0.09695,0.686567,-0.0125,0.104572,0.686567,0.02222,0.090987,0.686567,0.025183
-0.045853,0.997733,-0.008818,-0.044902,0.997733,-0.005255,-0.025,1.0,-0.0125
0.109148,0.701492,-0.0125,0.09695,0.701492,-0.0125,0.104572,0.701492,0.02222
0.090987,0.701492,0.025183,0.104572,0.701492,0.02222,0.09695,0.701492,-0.012499999
0.091417,0.628812,0.02247,0.090987,0.489075,0.025183,0.09199,0.628673,0.018848
-0.025,1.0,-0.0125,-0.044902,0.997733,-0.005255,-0.043343,0.997733,-0.0019150004
-0.09622,0.746267,0.035918,-0.123658,0.746267,0.059183,-0.091215,0.746267,0.043065
0.090987,0.628918,0.025183,0.090987,0.489075,0.025183,0.091417,0.628812,0.02247
-0.07989,0.43288,-0.107572,-0.053415,0.43288,-0.118538,-0.07289,0.430598,-0.09544
0.090987,0.686567,0.025183,0.090987,0.684515,0.025183,0.09199,0.684762,0.018848
0.09199,0.684762,0.018848,0.092795,0.68474,0.013755,0.090987,0.686567,0.025183
0.090987,0.489075,0.025183,0.09695,0.628807,-0.012499999,0.09633,0.62879,-0.008577999
-0.07289,0.430598,-0.09544,-0.08433,0.42412,-0.07183,-0.09272,0.430598,-0.08022
-0.07989,0.43288,-0.107572,-0.07289,0.430598,-0.09544,-0.09272,0.430598,-0.08022
-0.096683,0.746267,0.086158,-0.080565,0.746267,0.053715,-0.123658,0.746267,0.059183
-0.053415,0.43288,-0.118538,-0.07989,0.43288,-0.107572,-0.05997,0.43089,-0.128918
-0.09986,0.746267,0.03072,-0.103545,0.746267,0.022815,-0.140988,0.746267,0.025183
-0.108485,0.746267,0.008635,-0.110128,0.746267,0.002508,-0.140988,0.746267,0.025183
-0.07989,0.373105,-0.107572,-0.096683,0.37524,-0.111157,-0.1064,0.374948,-0.10144
0.09695,0.686567,-0.0125,0.090987,0.686567,0.025183,0.092795,0.68474,0.013755
-0.096683,0.37524,-0.111157,-0.07989,0.373105,-0.107572,-0.085308,0.37486,-0.116955
-0.140988,0.746267,0.025183,-0.123658,0.746267,0.059183,-0.09986,0.746267,0.03072
-0.07989,0.373105,-0.107572,-0.080378,0.374932,-0.11947,-0.085308,0.37486,-0.116955
0.09695,0.686567,-0.0125,0.092795,0.68474,0.013755,0.09695,0.684627,-0.0125
-0.106225,0.746267,0.017063,-0.108485,0.746267,0.008635,-0.140988,0.746267,0.025183
-0.089478,0.430972,-0.11483,-0.102623,0.43288,-0.090122,-0.096683,0.43073,-0.111157
0.09695,0.746267,-0.0125,0.090987,0.746267,0.025183,0.09695,0.701492,-0.0125
0.090987,0.701492,0.025183,0.09695,0.701492,-0.012499999,0.090987,0.746267,0.025183
-0.05997,0.43089,-0.128918,-0.07989,0.43288,-0.107572,-0.062683,0.430785,-0.128488
-0.09986,0.746267,0.03072,-0.123658,0.746267,0.059183,-0.09622,0.746267,0.035918
0.09633,0.62879,-0.008578,0.09199,0.628673,0.018848002,0.090987,0.489075,0.025183
0.104572,0.686567,-0.04722,0.109148,0.686567,-0.012499999,0.09695,0.686567,-0.012499999
-0.056348,0.374943,-0.12949,-0.062683,0.375187,-0.128488,-0.053415,0.373105,-0.118538
-0.053415,0.373105,-0.118538,-0.062683,0.375187,-0.128488,-0.080378,0.374932,-0.11947
0.109148,0.701492,-0.0125,0.104572,0.701492,-0.04722,0.09695,0.701492,-0.0125
-0.025,1.0,-0.0125,-0.045853,0.997733,-0.016183,-0.04617,0.997733,-0.0125
0.09695,0.684627,-0.0125,0.09633,0.684642,-0.016423,0.09695,0.686567,-0.0125
-0.07989,0.373105,-0.107572,-0.053415,0.373105,-0.118538,-0.080378,0.374932,-0.11947
0.09695,0.701492,-0.0125,0.090987,0.701492,-0.050182,0.09695,0.746267,-0.0125
0.090987,0.746267,-0.050182,0.09695,0.746267,-0.012499999,0.090987,0.701492,-0.050182
-0.025,1.0,-0.0125,-0.043343,0.997733,-0.0019150004,-0.04122,0.997733,0.0011099996
-0.106225,0.746267,0.017063,-0.140988,0.746267,0.025183,-0.103545,0.746267,0.022815
0.090987,0.489075,-0.050182,0.092795,0.628695,-0.038755,0.09695,0.628807,-0.012499999
-0.03861,0.997733,0.00372,-0.025,1.0,-0.012499999,-0.04122,0.997733,0.0011100001
-0.140988,0.701492,-0.050182,-0.154573,0.701492,-0.04722,-0.14695,0.701492,-0.012499999
-0.025,0.746267,0.10945,-0.040007,0.746267,0.072628,-0.062683,0.746267,0.103488
-0.025,1.0,-0.0125,-0.03861,0.997733,0.0037199995,-0.035585,0.997733,0.0058419993
-0.091215,0.746267,0.043065,-0.123658,0.746267,0.059183,-0.080565,0.746267,0.053715
-0.032245,0.997733,0.007402,-0.025,1.0,-0.0125,-0.035585,0.997733,0.005842
-0.080565,0.746267,0.053715,-0.096683,0.746267,0.086158,-0.075368,0.746267,0.057358
-0.025,1.0,-0.0125,-0.032245,0.997733,0.007402,-0.028683,0.997733,0.008351999
-0.14695,0.684627,-0.0125,-0.14695,0.686567,-0.0125,-0.142795,0.68474,-0.038755
-0.075368,0.746267,0.057358,-0.096683,0.746267,0.086158,-0.06822,0.746267,0.06236
-0.048435,0.746267,0.070365,-0.054562,0.746267,0.068725,-0.062683,0.746267,0.103488
-0.14695,0.701492,-0.0125,-0.14695,0.746267,-0.0125,-0.140988,0.746267,-0.050182
-0.025,0.43288,-0.12228,-0.053415,0.43288,-0.118538,-0.028923,0.430912,-0.13383
-0.056348,0.43103,-0.12949,-0.053415,0.43288,-0.118538,-0.05997,0.43089,-0.128918
-0.062683,0.746267,0.103488,-0.06822,0.746267,0.06236,-0.096683,0.746267,0.086158
-0.14117,0.686567,0.054573,-0.154573,0.686567,0.02222,-0.140988,0.686567,0.025183
-0.053415,0.43288,-0.118538,-0.056348,0.43103,-0.12949,-0.028923,0.430912,-0.13383
-0.14695,0.701492,-0.0125,-0.154573,0.701492,0.02222,-0.140988,0.701492,0.025183
-0.025,1.0,-0.0125,-0.01139,0.997733,0.0037199995,-0.008780001,0.997733,0.0011099996
-0.054562,0.746267,0.068725,-0.062467,0.746267,0.06504,-0.062683,0.746267,0.103488
-0.025,1.0,-0.0125,-0.008780001,0.997733,0.0011099996,-0.0066570006,0.997733,-0.0019150004
-0.06822,0.746267,0.06236,-0.062683,0.746267,0.103488,-0.062467,0.746267,0.06504
-0.14199,0.684762,0.018848,-0.141418,0.684622,0.02247,-0.140988,0.686567,0.025183
-0.140988,0.684515,0.025183,-0.140988,0.686567,0.025183,-0.141418,0.684622,0.02247
0.09117,0.686567,-0.079572,0.104572,0.686567,-0.04722,0.090987,0.686567,-0.050182
0.09695,0.686567,-0.0125,0.090987,0.686567,-0.050182,0.104572,0.686567,-0.04722
-0.142795,0.628695,0.013755,-0.140988,0.489075,0.025183,-0.14199,0.628673,0.018848
0.073658,0.701492,-0.084183,0.090987,0.701492,-0.050182,0.09117,0.701492,-0.079572
-0.025,0.997733,-0.03367,-0.032245,0.991,-0.053573,-0.028683,0.997733,-0.033353
0.104572,0.701492,-0.04722,0.09117,0.686567,-0.079572,0.09117,0.701492,-0.079572
-0.14633,0.684642,-0.008578,-0.14199,0.684762,0.018848002,-0.14695,0.686567,-0.0125
-0.140988,0.686567,0.025183,-0.14695,0.686567,-0.012499999,-0.14199,0.684762,0.018848
-0.032245,0.991,-0.053573,-0.039268,0.991,-0.051695,-0.028683,0.997733,-0.033353
-0.032245,0.997733,-0.032403,-0.028683,0.997733,-0.033353,-0.039268,0.991,-0.051695
0.092795,0.628695,-0.038755,0.090987,0.489075,-0.050182,0.09199,0.628673,-0.043848
-0.032245,0.997733,-0.032403,-0.045853,0.991,-0.048623,-0.035585,0.997733,-0.030843
-0.039268,0.991,-0.051695,-0.045853,0.991,-0.048623,-0.032245,0.997733,-0.032403
-0.051805,0.991,-0.04445,-0.03861,0.997733,-0.02872,-0.035585,0.997733,-0.030843
-0.061598,0.402985,-0.075878,-0.04394,0.402985,-0.083195,-0.062987,0.391553,-0.078293
-0.045853,0.991,-0.048623,-0.051805,0.991,-0.04445,-0.035585,0.997733,-0.030843
-0.04394,0.402985,-0.083195,-0.025,0.414418,-0.088475,-0.025,0.402985,-0.085683
-0.04122,0.997733,-0.02611,-0.03861,0.997733,-0.02872,-0.05695,0.991,-0.039305
0.09695,0.686567,-0.0125,0.09633,0.684642,-0.016423,0.09199,0.684762,-0.043848
0.090987,0.684515,-0.050182,0.090987,0.686567,-0.050182,0.091417,0.684622,-0.04747
-0.05695,0.991,-0.039305,-0.061123,0.991,-0.033353,-0.04122,0.997733,-0.02611
0.09199,0.684762,-0.043848,0.091417,0.684622,-0.04747,0.090987,0.686567,-0.050182
0.09695,0.686567,-0.0125,0.09199,0.684762,-0.043848,0.090987,0.686567,-0.050182
-0.14695,0.684627,-0.0125,-0.14633,0.684642,-0.008578,-0.14695,0.686567,-0.0125
-0.043343,0.997733,-0.023085,-0.04122,0.997733,-0.02611,-0.061123,0.991,-0.033353
-0.062987,0.414418,-0.078293,-0.044657,0.414418,-0.085878,-0.061598,0.402985,-0.075878
-0.140988,0.701492,0.025183,-0.14695,0.746267,-0.012499999,-0.14695,0.701492,-0.012499999
-0.140988,0.746267,0.025183,-0.14695,0.746267,-0.012499999,-0.140988,0.701492,0.025183
0.090987,0.628918,-0.050182,0.09199,0.628673,-0.043848,0.090987,0.489075,-0.050182
-0.04394,0.402985,-0.083195,-0.061598,0.402985,-0.075878,-0.044657,0.414418,-0.085878
-0.061123,0.991,-0.033353,-0.064195,0.991,-0.026768,-0.043343,0.997733,-0.023085
-0.140988,0.628918,0.025183,-0.14199,0.628673,0.018848,-0.140988,0.489075,0.025183
0.069853,0.686567,-0.107352,0.09117,0.686567,-0.079572,0.073658,0.686567,-0.084183
0.090987,0.686567,-0.050182,0.073658,0.686567,-0.084183,0.09117,0.686567,-0.079572
0.104572,0.701492,-0.04722,0.09117,0.701492,-0.079572,0.090987,0.701492,-0.050182
-0.140988,0.686567,0.025183,-0.123658,0.686567,0.059183,-0.14117,0.686567,0.054573
0.069853,0.686567,-0.107352,0.069853,0.701492,-0.107352,0.09117,0.701492,-0.079572
0.069853,0.686567,-0.107352,0.09117,0.701492,-0.079572,0.09117,0.686567,-0.079572
0.048377,0.391553,-0.032157,0.047658,0.38185,-0.05445,0.040793,0.391553,-0.050487
-0.140988,0.701492,0.025183,-0.14117,0.701492,0.054573,-0.123658,0.701492,0.059183
-0.119852,0.686567,0.082353,-0.119852,0.701492,0.082353,-0.14117,0.686567,0.054573
-0.14117,0.701492,0.054573,-0.14117,0.686567,0.054573,-0.119852,0.701492,0.082353
0.040793,0.391553,-0.050487,0.047658,0.38185,-0.05445,0.03433,0.38185,-0.07183
-0.028683,0.997733,-0.033353,-0.025,1.0,-0.012499999,-0.025,0.997733,-0.03367
-0.140988,0.489075,0.025183,-0.123658,0.489075,0.059183,-0.13197,0.628663,0.042878
-0.025,1.0,-0.0125,-0.028683,0.997733,-0.033353,-0.032245,0.997733,-0.032403
-0.12733,0.684705,0.051977,-0.123658,0.686567,0.059183,-0.129455,0.684845,0.047807
0.090987,0.628918,-0.050182,0.090987,0.489075,-0.050182,0.08197,0.628663,-0.067878
0.079455,0.628592,-0.072808,0.08197,0.628663,-0.067878,0.090987,0.489075,-0.050182
0.073658,0.684462,-0.084183,0.073658,0.686567,-0.084183,0.07733,0.684705,-0.076977
0.090987,0.686567,-0.050182,0.079455,0.684845,-0.072808,0.073658,0.686567,-0.084183
0.07733,0.684705,-0.076977,0.073658,0.686567,-0.084183,0.079455,0.684845,-0.072808
0.090987,0.686567,-0.050182,0.090987,0.684515,-0.050182,0.079455,0.684845,-0.072808
-0.123658,0.628972,0.059183,-0.129455,0.628592,0.047807,-0.123658,0.489075,0.059183
0.090987,0.701492,-0.050182,0.073658,0.701492,-0.084183,0.073658,0.746267,-0.084183
0.090987,0.701492,-0.050182,0.073658,0.746267,-0.084183,0.090987,0.746267,-0.050182
-0.04617,0.997733,-0.0125,-0.066707,0.991,-0.0125,-0.066073,0.991,-0.005255
0.073658,0.628972,-0.084183,0.079455,0.628592,-0.072808,0.090987,0.489075,-0.050182
0.042073,0.686567,-0.12867,0.069853,0.686567,-0.107352,0.046683,0.686567,-0.111157
0.073658,0.686567,-0.084183,0.046683,0.686567,-0.111157,0.069853,0.686567,-0.107352
-0.04617,0.997733,-0.0125,-0.066073,0.991,-0.005255,-0.045853,0.997733,-0.008818
0.046683,0.686567,-0.111157,0.012683,0.686567,-0.128488,0.042073,0.686567,-0.12867
0.04289,0.965075,-0.051695,0.04656,0.946688,-0.07255,0.03505,0.965075,-0.06289
-0.043343,0.997733,-0.023085,-0.064195,0.991,-0.026768,-0.044902,0.997733,-0.019745
0.042073,0.701492,-0.12867,0.046683,0.701492,-0.111157,0.069853,0.701492,-0.107352
0.073658,0.701492,-0.084183,0.069853,0.701492,-0.107352,0.046683,0.701492,-0.111157
0.09117,0.701492,-0.079572,0.069853,0.701492,-0.107352,0.073658,0.701492,-0.084183
0.040793,0.414418,-0.050487,0.038378,0.402985,-0.049098,0.026755,0.402985,-0.064255
0.04289,0.965075,-0.051695,0.055902,0.946688,-0.059208,0.04656,0.946688,-0.07255
-0.044902,0.997733,-0.019745,-0.066073,0.991,-0.019745,-0.045853,0.997733,-0.016183
0.00972,0.701492,-0.142072,0.012683,0.701492,-0.128488,0.042073,0.701492,-0.12867
0.042073,0.701492,-0.12867,0.069853,0.701492,-0.107352,0.042073,0.686567,-0.12867
0.069853,0.686567,-0.107352,0.042073,0.686567,-0.12867,0.069853,0.701492,-0.107352
-0.064195,0.991,-0.026768,-0.066073,0.991,-0.019745,-0.044902,0.997733,-0.019745
0.02539,0.965075,-0.07255,0.03505,0.965075,-0.06289,0.03505,0.946688,-0.08406
0.04656,0.946688,-0.07255,0.03505,0.946688,-0.08406,0.03505,0.965075,-0.06289
0.00972,0.701492,-0.142072,0.042073,0.701492,-0.12867,0.00972,0.686567,-0.142072
0.042073,0.686567,-0.12867,0.009720001,0.686567,-0.142072,0.042073,0.701492,-0.12867
-0.045853,0.997733,-0.016183,-0.066707,0.991,-0.0125,-0.04617,0.997733,-0.0125
0.03505,0.946688,-0.08406,0.021708,0.946688,-0.093403,0.02539,0.965075,-0.07255
0.027805,0.925373,-0.103963,0.021708,0.946688,-0.093403,0.03505,0.946688,-0.08406
0.02539,0.965075,-0.07255,0.021708,0.946688,-0.093403,0.014195,0.965075,-0.08039
0.014195,0.965075,-0.08039,0.00695,0.946688,-0.10028,0.001805,0.965075,-0.086158
-0.025,0.997733,0.00867,-0.025,1.0,-0.012500001,-0.028683,0.997733,0.008352
0.067,0.824835,0.064695,0.052195,0.824835,0.0795,0.06278,0.799703,0.061158
0.021708,0.946688,-0.093403,0.0069500003,0.946688,-0.10028,0.014195,0.965075,-0.08039
-0.025,1.0,-0.0125,-0.025,0.997733,0.008670001,-0.021318,0.997733,0.008351999
0.055902,0.946688,-0.059208,0.055902,0.925373,-0.08039,0.04656,0.946688,-0.07255
0.052195,0.824835,0.0795,0.048658,0.799703,0.07528,0.06278,0.799703,0.061158
0.04656,0.946688,-0.07255,0.04289,0.925373,-0.093403,0.03505,0.946688,-0.08406
0.067,0.824835,0.064695,0.06278,0.799703,0.061158,0.074245,0.799703,0.044792
0.055902,0.925373,-0.08039,0.04289,0.925373,-0.093403,0.04656,0.946688,-0.07255
0.04289,0.925373,-0.093403,0.027805,0.925373,-0.103963,0.03505,0.946688,-0.08406
0.04289,0.77612,0.068402,0.06278,0.799703,0.061158,0.048658,0.799703,0.07528
-0.004148,0.98,-0.069793,0.001805,0.965075,-0.086158,-0.01139,0.965075,-0.089695
-0.025,1.0,-0.0125,-0.0066570006,0.997733,-0.0019150004,-0.005098,0.997733,-0.005255
-0.025,1.0,-0.0125,-0.005098,0.997733,-0.005255,-0.004148001,0.997733,-0.008818
0.052195,0.965075,0.00111,0.03505,0.98,-0.001915,0.032293,0.98,0.008352
-0.004148,0.997733,-0.008818,-0.00383,0.997733,-0.0125,-0.024999999,1.0,-0.0125
-0.025,0.965075,-0.09089,-0.03861,0.965075,-0.089695,-0.025,0.98,-0.073475
0.052195,0.965075,-0.02611,0.035975,0.98,-0.0125,0.05339,0.965075,-0.0125
0.006347,0.374943,0.10449,0.012683,0.375187,0.103488,0.003415,0.373105,0.093538
0.03505,0.98,-0.023085,0.035975,0.98,-0.0125,0.052195,0.965075,-0.02611
0.032293,0.98,-0.033353,0.03505,0.98,-0.023085,0.048658,0.965075,-0.039305
-0.006657,0.997733,-0.001915,0.014194999,0.991,0.0017670001,-0.005098,0.997733,-0.005255
0.006347,0.374943,0.10449,0.003415,0.373105,0.093538,0.001255,0.374965,0.105295
-0.005098,0.997733,-0.005255,0.016073,0.991,-0.005255,-0.004148,0.997733,-0.008818
0.001255,0.374965,0.105295,-0.025,0.373105,0.09728,-0.025,0.375078,0.10945
-0.005098,0.997733,-0.005255,0.014194999,0.991,0.0017669997,0.016073,0.991,-0.005255
-0.00383,0.997733,-0.0125,-0.004148,0.997733,-0.008818,0.016708,0.991,-0.0125
-0.025,0.946688,-0.105915,-0.025,0.965075,-0.09089,-0.01139,0.965075,-0.089695
-0.025,0.965075,-0.09089,-0.04122,0.946688,-0.1045,-0.03861,0.965075,-0.089695
-0.025,0.946688,-0.105915,-0.04122,0.946688,-0.1045,-0.025,0.965075,-0.09089
-0.04122,0.946688,-0.1045,-0.05695,0.946688,-0.10028,-0.03861,0.965075,-0.089695
-0.01139,0.997733,0.00372,-0.025,1.0,-0.012499999,-0.014415,0.997733,0.005842
-0.00878,0.946688,-0.1045,-0.01139,0.965075,-0.089695,0.001805,0.965075,-0.086158
0.00695,0.946688,-0.10028,-0.008779999,0.946688,-0.1045,0.001805,0.965075,-0.086158
-0.00878,0.946688,-0.1045,-0.024999999,0.946688,-0.105915,-0.01139,0.965075,-0.089695
-0.025,0.43288,0.09728,0.0034149997,0.43288,0.093538,-0.021078,0.430912,0.10883
0.006347,0.43103,0.10449,0.003415,0.43288,0.093538,0.00997,0.43089,0.103918
-0.021078,0.430912,0.10883,0.0034149997,0.43288,0.093538,0.0063470006,0.43103,0.10449
-0.021318,0.997733,0.008352,-0.010733,0.991,0.026695,-0.017755,0.997733,0.007402
0.030378,0.374932,0.09447,0.0034149997,0.373105,0.093538,0.012683,0.375187,0.103488
0.011123,0.925373,-0.111745,-0.0066570006,0.925373,-0.116512,0.00695,0.946688,-0.10028
0.00997,0.43089,0.103918,0.02989,0.43288,0.082573,0.012683,0.430785,0.103488
-0.00878,0.946688,-0.1045,0.0069499994,0.946688,-0.10028,-0.006657,0.925373,-0.116512
-0.01139,0.997733,0.00372,0.0069499994,0.991,0.014305001,-0.00878,0.997733,0.0011100001
-0.00878,0.997733,0.00111,0.0069499994,0.991,0.014305,0.011123001,0.991,0.008352
0.035308,0.37486,0.091955,0.02989,0.373105,0.082573,0.030378,0.374932,0.09447
-0.006657,0.925373,-0.116512,-0.025,0.925373,-0.11811,-0.00878,0.946688,-0.1045
-0.00878,0.997733,0.00111,0.011123001,0.991,0.008352,-0.006657,0.997733,-0.001915
0.001805,0.965075,0.061157,0.021708,0.946688,0.068402,0.014195,0.965075,0.05539
-0.025,0.375372,0.08328,0.0034149997,0.373105,0.093538,-2.0699948E-4,0.375372,0.080013
0.014195,0.965075,0.05539,0.03505,0.946688,0.05906,0.02539,0.965075,0.04755
-0.00878,0.946688,-0.1045,-0.024999999,0.925373,-0.11811,-0.024999999,0.946688,-0.105915
-0.025,0.946688,-0.105915,-0.043343,0.925373,-0.116512,-0.04122,0.946688,-0.1045
0.03505,0.946688,0.05906,0.04656,0.946688,0.04755,0.03505,0.965075,0.03789
-0.025,0.925373,-0.11811,-0.043343,0.925373,-0.116512,-0.025,0.946688,-0.105915
0.03505,0.965075,0.03789,0.02539,0.965075,0.04755,0.03505,0.946688,0.05906
0.03505,0.965075,0.03789,0.04656,0.946688,0.04755,0.055902,0.946688,0.034208
-2.07E-4,0.375372,0.080013,-0.00328,0.38185,0.06855,-0.025,0.38185,0.071403
-0.005098,0.90179,-0.125353,-0.006657,0.925373,-0.116512,0.011123,0.925373,-0.111745
-2.07E-4,0.375372,0.080013,0.02289,0.375372,0.07044,-0.00328,0.38185,0.06855
0.066463,0.925373,0.040305,0.055902,0.946688,0.034208,0.04656,0.946688,0.04755
-0.025,0.375372,0.08328,-2.0699948E-4,0.375372,0.080013,-0.025,0.38185,0.071403
0.04289,0.965075,0.026695,0.03505,0.965075,0.03789,0.055902,0.946688,0.034208
-0.005098,0.90179,-0.125353,-0.025,0.90179,-0.127098,-0.006657,0.925373,-0.116512
0.04289,0.965075,0.026695,0.055902,0.946688,0.034208,0.06278,0.946688,0.01945
-0.066073,0.991,-0.005255,-0.064195,0.991,0.0017669997,-0.045853,0.997733,-0.008818
-0.045853,0.997733,-0.008818,-0.064195,0.991,0.0017670002,-0.044902,0.997733,-0.005255
-0.004148,0.98,-0.069793,0.005488,0.98,-0.065305,0.001805,0.965075,-0.086158
0.01695,0.38185,0.060158,-0.0032800008,0.38185,0.06855,0.02289,0.375372,0.07044
0.055902,0.925373,0.05539,0.04656,0.946688,0.04755,0.04289,0.925373,0.068402
0.03505,0.946688,0.05906,0.04289,0.925373,0.068402,0.04656,0.946688,0.04755
-0.044902,0.997733,-0.005255,-0.061123,0.991,0.008352,-0.043343,0.997733,-0.0019149999
0.04656,0.946688,0.04755,0.055902,0.925373,0.05539,0.066463,0.925373,0.040305
-0.064195,0.991,0.001767,-0.061123,0.991,0.008352,-0.044902,0.997733,-0.0052549997
-0.01139,0.965075,-0.089695,-0.014415,0.98,-0.07255,-0.004148,0.98,-0.069793
-0.05695,0.991,0.014305,-0.04122,0.997733,0.0011099996,-0.043343,0.997733,-0.0019149994
-0.061123,0.991,0.008352,-0.05695,0.991,0.014305,-0.043343,0.997733,-0.0019150004
-0.025,0.965075,-0.09089,-0.025,0.98,-0.073475,-0.014415,0.98,-0.07255
-0.01139,0.965075,-0.089695,-0.025,0.965075,-0.09089,-0.014415,0.98,-0.07255
-0.051805,0.991,0.01945,-0.03861,0.997733,0.0037200004,-0.05695,0.991,0.014305
-0.03861,0.965075,-0.089695,-0.035585,0.98,-0.07255,-0.025,0.98,-0.073475
-0.035585,0.98,-0.07255,-0.051805,0.965075,-0.086158,-0.045853,0.98,-0.069793
-0.03861,0.965075,0.064695,-0.035585,0.98,0.04755,-0.045853,0.98,0.044792
-0.03861,0.965075,-0.089695,-0.051805,0.965075,-0.086158,-0.035585,0.98,-0.07255
-0.025,0.98,0.048475,-0.035585,0.98,0.04755,-0.025,0.965075,0.06589
-0.00328,0.42412,0.06855,-2.0699995E-4,0.430598,0.080013,-0.025,0.430598,0.08328
-0.032245,0.997733,0.007402,-0.032245,0.991,0.028572,-0.028683,0.997733,0.008352
0.04289,0.925373,-0.093403,0.055902,0.925373,-0.08039,0.048658,0.90179,-0.10028
-0.028683,0.997733,0.008352,-0.025,0.991,0.029207,-0.025,0.997733,0.00867
0.04289,0.925373,-0.093403,0.032293,0.90179,-0.111745,0.027805,0.925373,-0.103963
-0.01139,0.965075,0.064695,-0.014415,0.98,0.04755,-0.025,0.98,0.048475
-0.00328,0.42412,0.06855,0.01695,0.42412,0.060158,-2.0699995E-4,0.430598,0.080013
-0.014415,0.98,0.04755,0.001805,0.965075,0.061157,-0.004148,0.98,0.044792
0.032293,0.90179,-0.111745,0.04289,0.925373,-0.093403,0.048658,0.90179,-0.10028
0.001805,0.965075,0.061157,-0.014415,0.98,0.04755,-0.01139,0.965075,0.064695
-2.07E-4,0.430598,0.080013,0.003415,0.43288,0.093538,-0.025,0.43288,0.09728
0.048658,0.90179,-0.10028,0.03505,0.876657,-0.116512,0.032293,0.90179,-0.111745
0.03505,0.876657,-0.116512,0.016073,0.876657,-0.125353,0.032293,0.90179,-0.111745
0.014195,0.965075,0.05539,-0.004148,0.98,0.044792,0.001805,0.965075,0.061157
0.032293,0.90179,-0.111745,0.016073,0.876657,-0.125353,0.014194999,0.90179,-0.120183
-0.004148,0.991,0.023622,0.014195,0.98,0.034208,0.001805,0.991,0.01945
-0.004148,0.991,0.023622,0.005488,0.98,0.040305,0.014195,0.98,0.034208
-0.025,0.430598,0.08328,-2.0699948E-4,0.430598,0.080013,-0.025,0.43288,0.09728
0.00695,0.991,0.014305,0.001805,0.991,0.01945,0.021708,0.98,0.026695
0.014195,0.90179,-0.120183,-0.0050979992,0.90179,-0.125353,0.011123,0.925373,-0.111745
0.014195,0.98,0.034208,0.021708,0.98,0.026695,0.001805,0.991,0.01945
0.027805,0.98,0.017987,0.0069500003,0.991,0.014305,0.021708,0.98,0.026695
0.003415,0.43288,0.093538,0.02289,0.430598,0.07044,0.02989,0.43288,0.082573
0.021708,0.946688,0.068402,0.001805,0.965075,0.061157,0.0069500003,0.946688,0.07528
-2.07E-4,0.430598,0.080013,0.02289,0.430598,0.07044,0.003415,0.43288,0.093538
0.048658,0.90179,-0.10028,0.052195,0.876657,-0.1045,0.03505,0.876657,-0.116512
-0.004148,0.98,0.044792,0.014195,0.965075,0.05539,0.005488,0.98,0.040305
0.005488,0.98,0.040305,0.014195,0.965075,0.05539,0.02539,0.965075,0.04755
0.005488,0.98,0.040305,0.02539,0.965075,0.04755,0.014195,0.98,0.034208
0.03505,0.876657,-0.116512,0.016708,0.850748,-0.127098,0.016073,0.876657,-0.125353
0.014195,0.98,0.034208,0.02539,0.965075,0.04755,0.021708,0.98,0.026695
0.03505,0.965075,0.03789,0.021708,0.98,0.026695,0.02539,0.965075,0.04755
0.03505,0.946688,0.05906,0.014194999,0.965075,0.05539,0.021708,0.946688,0.068402
0.02989,0.43288,0.082573,0.00997,0.43089,0.103918,0.0034149997,0.43288,0.093538
0.021708,0.98,0.026695,0.04289,0.965075,0.026695,0.027805,0.98,0.017987
0.035308,0.37486,0.091955,0.046683,0.37524,0.086158,0.02989,0.373105,0.082573
0.021708,0.98,0.026695,0.03505,0.965075,0.03789,0.04289,0.965075,0.026695
0.027805,0.98,0.017987,0.04289,0.965075,0.026695,0.048658,0.965075,0.014305
0.003415,0.373105,0.093538,0.030378,0.374932,0.09447,0.02989,0.373105,0.082573
0.00695,0.946688,0.07528,0.011123,0.925373,0.086745,0.027805,0.925373,0.078962
0.02989,0.373105,0.082573,-2.0699948E-4,0.375372,0.080013,0.0034149997,0.373105,0.093538
0.027805,0.98,0.017987,0.048658,0.965075,0.014305,0.032293,0.98,0.008352
0.011123,0.925373,0.086745,0.032293,0.90179,0.086745,0.027805,0.925373,0.078962
0.00695,0.946688,0.07528,0.027805,0.925373,0.078962,0.021708,0.946688,0.068402
0.02989,0.373105,0.082573,0.02289,0.375372,0.07044,-2.0699948E-4,0.375372,0.080013
0.021708,0.946688,0.068402,0.04289,0.925373,0.068402,0.03505,0.946688,0.05906
0.021708,0.946688,0.068402,0.027805,0.925373,0.078962,0.04289,0.925373,0.068402
-0.017755,0.991,0.028572,-0.025,0.997733,0.00867,-0.025,0.991,0.029207
0.03505,0.876657,-0.116512,0.035975,0.850748,-0.11811,0.016708,0.850748,-0.127098
0.02989,0.373105,0.082573,0.052622,0.373105,0.065123,0.02289,0.375372,0.07044
-0.025,0.991,0.029207,-0.014415,0.98,0.04755,-0.017755,0.991,0.028572
-0.021318,0.997733,0.008352,-0.025,0.997733,0.00867,-0.017755,0.991,0.028572
-0.010733,0.991,0.026695,-0.021318,0.997733,0.008352,-0.017755,0.991,0.028572
-0.006657,0.925373,-0.116512,-0.025,0.90179,-0.127098,-0.025,0.925373,-0.11811
0.048658,0.90179,0.07528,0.06278,0.90179,0.061157,0.04289,0.925373,0.068402
-0.045853,0.98,0.044792,-0.051805,0.965075,0.061157,-0.03861,0.965075,0.064695
-0.004148,0.991,0.023622,-0.014415,0.997733,0.0058420002,-0.017755,0.997733,0.007402001
-0.025,0.90179,-0.127098,-0.044902,0.90179,-0.125353,-0.025,0.925373,-0.11811
-0.017755,0.997733,0.007402,-0.010733,0.991,0.026694998,-0.004148,0.991,0.023621999
0.001805,0.991,0.01945,-0.01139,0.997733,0.0037200004,-0.014415,0.997733,0.0058420002
-0.025,0.90179,-0.127098,-0.045853,0.876657,-0.130768,-0.044902,0.90179,-0.125353
-0.025,0.925373,-0.11811,-0.044902,0.90179,-0.125353,-0.043343,0.925373,-0.116512
0.001805,0.991,0.01945,-0.014415,0.997733,0.0058420002,-0.004148,0.991,0.023622
0.00695,0.991,0.014305,-0.011389999,0.997733,0.0037199995,0.001805,0.991,0.01945
-0.025,0.965075,0.06589,-0.035585,0.98,0.04755,-0.03861,0.965075,0.064695
-0.044902,0.90179,-0.125353,-0.064195,0.90179,-0.120183,-0.043343,0.925373,-0.116512
-0.025,0.98,0.048475,-0.025,0.965075,0.06589,-0.01139,0.965075,0.064695
0.016073,0.876657,-0.125353,-0.004147999,0.876657,-0.130768,0.014195,0.90179,-0.120183
0.052622,0.43288,0.065123,0.039478,0.430972,0.08983,0.02989,0.43288,0.082573
-0.025,0.98,0.048475,-0.014415,0.98,0.04755,-0.025,0.991,0.029207
0.014195,0.90179,-0.120183,-0.004148,0.876657,-0.130768,-0.0050979992,0.90179,-0.125353
0.039478,0.430972,0.08983,0.052622,0.43288,0.065123,0.046683,0.43073,0.086158
0.035308,0.431112,0.091955,0.012683,0.430785,0.103488,0.02989,0.43288,0.082573
-0.005098,0.90179,-0.125353,-0.025,0.876657,-0.132597,-0.025,0.90179,-0.127098
-0.017755,0.991,0.028572,-0.014415,0.98,0.04755,-0.004148,0.98,0.044792
-0.004148,0.876657,-0.130768,-0.024999999,0.876657,-0.132597,-0.005098,0.90179,-0.125353
-0.017755,0.991,0.028572,-0.004148,0.98,0.044792,-0.010733,0.991,0.026695
-0.04672,0.38185,0.06855,-0.062987,0.391553,0.053293,-0.06695,0.38185,0.060158
-0.025,0.876657,-0.132597,-0.045853,0.876657,-0.130768,-0.025,0.90179,-0.127098
-0.010733,0.991,0.026695,0.005488,0.98,0.040305,-0.004148,0.991,0.023622
-0.051805,0.965075,0.061157,-0.05695,0.946688,0.07528,-0.04122,0.946688,0.0795
-0.010733,0.991,0.026695,-0.004148,0.98,0.044792,0.005488,0.98,0.040305
-0.03861,0.965075,0.064695,-0.04122,0.946688,0.0795,-0.025,0.946688,0.080915
-0.044657,0.391553,0.060878,-0.04394,0.402985,0.058195,-0.061598,0.402985,0.050878
-0.04122,0.997733,0.00111,-0.05695,0.991,0.014305,-0.03861,0.997733,0.00372
-0.03861,0.965075,0.064695,-0.025,0.946688,0.080915,-0.025,0.965075,0.06589
-0.051805,0.991,0.01945,-0.045853,0.991,0.023622,-0.03861,0.997733,0.0037200004
-0.044657,0.391553,0.060878,-0.025,0.391553,0.063475,-0.04394,0.402985,0.058195
-0.051805,0.991,0.01945,-0.055488,0.98,0.040305,-0.045853,0.991,0.023622
-0.00383,0.850748,-0.132597,-0.025,0.850748,-0.13445,-0.004148,0.876657,-0.130768
-0.025,0.965075,0.06589,-0.008780001,0.946688,0.0795,-0.01139,0.965075,0.064695
-0.004148,0.876657,-0.130768,-0.024999999,0.850748,-0.13445,-0.024999999,0.876657,-0.132597
-0.03861,0.997733,0.00372,-0.045853,0.991,0.023622,-0.035585,0.997733,0.005842
-0.044657,0.391553,0.060878,-0.061598,0.402985,0.050878,-0.062987,0.391553,0.053293
-0.025,0.965075,0.06589,-0.025,0.946688,0.080915,-0.008780001,0.946688,0.0795
-0.045853,0.991,0.023622,-0.039268,0.991,0.026695,-0.035585,0.997733,0.0058420002
-0.044657,0.391553,0.060878,-0.025,0.38185,0.071403,-0.025,0.391553,0.063475
-0.035585,0.997733,0.005842,-0.039268,0.991,0.026695,-0.032245,0.997733,0.007402
-0.039268,0.991,0.026695,-0.032245,0.991,0.028572,-0.032245,0.997733,0.007402001
-0.025,0.391553,0.063475,-0.025,0.402985,0.060683,-0.04394,0.402985,0.058195
-0.025,0.991,0.029207,-0.028683,0.997733,0.008352,-0.032245,0.991,0.028572
-0.03861,0.965075,-0.089695,-0.05695,0.946688,-0.10028,-0.051805,0.965075,-0.086158
-0.05695,0.946688,-0.10028,-0.071708,0.946688,-0.093403,-0.051805,0.965075,-0.086158
-0.061123,0.925373,-0.111745,-0.05695,0.946688,-0.10028,-0.04122,0.946688,-0.1045
-0.035585,0.98,0.04755,-0.032245,0.991,0.028572,-0.039268,0.991,0.026695
-0.051805,0.965075,-0.086158,-0.071708,0.946688,-0.093403,-0.064195,0.965075,-0.08039
-0.032245,0.991,0.028572,-0.035585,0.98,0.04755,-0.025,0.98,0.048475
-0.04394,0.402985,0.058195,-0.044657,0.414418,0.060878,-0.062987,0.414418,0.053293
-0.045853,0.991,0.023622,-0.055488,0.98,0.040305,-0.045853,0.98,0.044792
-0.00328,0.38185,0.06855,-0.005342,0.391553,0.060878,-0.025,0.391553,0.063475
-0.045853,0.991,0.023622,-0.045853,0.98,0.044792,-0.039268,0.991,0.026695
0.01695,0.38185,0.060158,-0.005341999,0.391553,0.060878,-0.0032800008,0.38185,0.06855
-0.045853,0.98,0.044792,-0.035585,0.98,0.04755,-0.039268,0.991,0.026695
-0.043343,0.925373,-0.116512,-0.061123,0.925373,-0.111745,-0.04122,0.946688,-0.1045
-0.032245,0.991,0.028572,-0.025,0.98,0.048475,-0.025,0.991,0.029207
-0.061123,0.925373,-0.111745,-0.077805,0.925373,-0.103963,-0.05695,0.946688,-0.10028
-0.025,0.391553,0.063475,-0.005342001,0.391553,0.060878,-0.025,0.402985,0.060683
-0.05695,0.946688,-0.10028,-0.077805,0.925373,-0.103963,-0.071708,0.946688,-0.093403
-0.077805,0.925373,-0.103963,-0.09289,0.925373,-0.093403,-0.071708,0.946688,-0.093403
-0.043343,0.925373,-0.116512,-0.064195,0.90179,-0.120183,-0.061123,0.925373,-0.111745
-0.04394,0.402985,0.058195,-0.025,0.402985,0.060683,-0.044657,0.414418,0.060878
-0.025,0.402985,0.060683,-0.005342001,0.391553,0.060878,-0.0060600005,0.402985,0.058195
-0.077805,0.925373,-0.103963,-0.098658,0.90179,-0.10028,-0.09289,0.925373,-0.093403
0.012988,0.414418,-0.078293,0.011598,0.402985,-0.075878,-0.0060599996,0.402985,-0.083195
-0.098658,0.90179,-0.10028,-0.105903,0.925373,-0.08039,-0.09289,0.925373,-0.093403
-0.005342,0.414418,-0.085878,0.012988,0.414418,-0.078293,-0.00606,0.402985,-0.083195
-0.064195,0.965075,-0.08039,-0.055488,0.98,-0.065305,-0.045853,0.98,-0.069793
-0.01139,0.965075,0.064695,-0.00878,0.946688,0.0795,0.0069499994,0.946688,0.07528
-0.06695,0.42412,0.060158,-0.044657,0.414418,0.060878,-0.04672,0.42412,0.06855
-0.00878,0.946688,0.0795,0.011123001,0.925373,0.086745,0.0069499994,0.946688,0.07528
-0.045853,0.98,-0.069793,-0.051805,0.965075,-0.086158,-0.064195,0.965075,-0.08039
-0.055488,0.98,-0.065305,-0.064195,0.965075,-0.08039,-0.07539,0.965075,-0.07255
-0.062987,0.414418,0.053293,-0.044657,0.414418,0.060878,-0.06695,0.42412,0.060158
0.00695,0.946688,0.07528,0.001805,0.965075,0.061157,-0.011389999,0.965075,0.064695
-0.025,0.402985,0.060683,-0.025,0.414418,0.063475,-0.044657,0.414418,0.060878
-0.055488,0.98,-0.065305,-0.07539,0.965075,-0.07255,-0.064195,0.98,-0.059208
-0.07539,0.965075,-0.07255,-0.08505,0.965075,-0.06289,-0.064195,0.98,-0.059208
-0.005342,0.414418,-0.085878,0.01695,0.42412,-0.085158,0.012988,0.414418,-0.078293
-0.025,0.402985,0.060683,-0.0060600005,0.402985,0.058195,-0.025,0.414418,0.063475
-0.09289,0.965075,-0.051695,-0.071708,0.98,-0.051695,-0.08505,0.965075,-0.06289
-0.04672,0.42412,0.06855,-0.044657,0.414418,0.060878,-0.025,0.414418,0.063475
-0.00606,0.402985,0.058195,-0.005342,0.414418,0.060878,-0.025,0.414418,0.063475
-0.064195,0.965075,-0.08039,-0.08505,0.946688,-0.08406,-0.07539,0.965075,-0.07255
-0.025,0.42412,0.071403,-0.005342001,0.414418,0.060878,-0.0032800008,0.42412,0.06855
-0.064195,0.965075,-0.08039,-0.071708,0.946688,-0.093403,-0.08505,0.946688,-0.08406
0.012988,0.414418,0.053293,-0.0032799998,0.42412,0.06855,-0.005342,0.414418,0.060878
0.03433,0.38185,-0.07183,0.047658,0.38185,-0.05445,0.04272,0.375372,-0.08022
-0.005342,0.414418,0.060878,-0.024999999,0.42412,0.071403,-0.024999999,0.414418,0.063475
-0.08505,0.965075,-0.06289,-0.07539,0.965075,-0.07255,-0.09656,0.946688,-0.07255
-0.08505,0.946688,-0.08406,-0.09656,0.946688,-0.07255,-0.07539,0.965075,-0.07255
-0.09656,0.946688,-0.07255,-0.105903,0.946688,-0.059208,-0.08505,0.965075,-0.06289
-0.09289,0.965075,-0.051695,-0.08505,0.965075,-0.06289,-0.105903,0.946688,-0.059208
0.01695,0.38185,0.060158,0.012988,0.391553,0.053293,-0.005341999,0.391553,0.060878
-0.09289,0.965075,-0.051695,-0.11278,0.946688,-0.04445,-0.098658,0.965075,-0.039305
-0.105903,0.946688,-0.059208,-0.11278,0.946688,-0.04445,-0.09289,0.965075,-0.051695
0.02872,0.391553,-0.06622,0.040793,0.391553,-0.050487,0.03433,0.38185,-0.07183
-0.071708,0.946688,-0.093403,-0.09289,0.925373,-0.093403,-0.08505,0.946688,-0.08406
0.038378,0.656717,0.024098,0.048377,0.645283,0.007158,0.045695,0.656717,0.0064400006
-0.005342,0.391553,0.060878,0.012988,0.391553,0.053293,-0.00606,0.402985,0.058195
-0.09289,0.925373,-0.093403,-0.105903,0.925373,-0.08039,-0.08505,0.946688,-0.08406
0.02872,0.391553,-0.06622,0.026755,0.402985,-0.064255,0.038378,0.402985,-0.049098
-0.09656,0.946688,-0.07255,-0.116463,0.925373,-0.065305,-0.105903,0.946688,-0.059208
0.012988,0.391553,0.053293,0.011598,0.402985,0.050878,-0.0060599996,0.402985,0.058195
0.02872,0.391553,-0.06622,0.012987999,0.391553,-0.078293,0.026755,0.402985,-0.064255
0.040793,0.391553,-0.050487,0.02872,0.391553,-0.06622,0.038378,0.402985,-0.049098
0.02872,0.391553,-0.06622,0.01695,0.38185,-0.085158,0.012987999,0.391553,-0.078293
0.02872,0.391553,-0.06622,0.03433,0.38185,-0.07183,0.01695,0.38185,-0.085158
0.048377,0.66815,0.007158,0.040793,0.66815,0.025488,0.045695,0.656717,0.00644
0.011598,0.402985,0.050878,0.012988,0.414418,0.053293,-0.005342001,0.414418,0.060878
0.012988,0.391553,-0.078293,0.011598,0.402985,-0.075878,0.026755,0.402985,-0.064255
0.048377,0.66815,0.007158,0.045695,0.656717,0.00644,0.048182,0.656717,-0.012499999
-0.09656,0.946688,-0.07255,-0.08505,0.946688,-0.08406,-0.105903,0.925373,-0.08039
0.026755,0.402985,-0.064255,0.02872,0.414418,-0.06622,0.040793,0.414418,-0.050487
-0.105903,0.925373,-0.08039,-0.116463,0.925373,-0.065305,-0.09656,0.946688,-0.07255
0.040793,0.66815,0.025488,0.048377,0.66815,0.007158,0.047658,0.67785,0.02945
0.012988,0.414418,-0.078293,0.028720003,0.414418,-0.06622,0.011598,0.402985,-0.075878
-0.005342,0.414418,0.060878,-0.00606,0.402985,0.058195,0.011598001,0.402985,0.050878
0.026755,0.402985,-0.064255,0.011598,0.402985,-0.075878,0.02872,0.414418,-0.06622
0.012988,0.414418,0.053293,0.011598,0.402985,0.050878,0.026755,0.402985,0.039255
-0.105903,0.946688,-0.059208,-0.124245,0.925373,-0.048623,-0.11278,0.946688,-0.04445
0.02989,0.626835,0.082573,0.0564,0.628678,0.07644,0.052622,0.626835,0.065123
0.06017,0.628565,0.07267,0.052622,0.626835,0.065123,0.0564,0.628678,0.07644
0.02872,0.414418,-0.06622,0.03433,0.42412,-0.07183,0.047658,0.42412,-0.05445
-0.116463,0.925373,-0.065305,-0.124245,0.925373,-0.048623,-0.105903,0.946688,-0.059208
0.012988,0.414418,-0.078293,0.03433,0.42412,-0.07183,0.028720003,0.414418,-0.06622
0.0564,0.628678,0.07644,0.02989,0.626835,0.082573,0.046683,0.628972,0.086158
-0.00328,0.42412,0.06855,0.012988,0.414418,0.053293,0.01695,0.42412,0.060158
-2.07E-4,0.430598,0.080013,0.01695,0.42412,0.060158,0.02289,0.430598,0.07044
-0.04122,0.946688,0.0795,-0.043343,0.925373,0.091513,-0.025,0.925373,0.09311
-0.04122,0.946688,0.0795,-0.025,0.925373,0.09311,-0.025,0.946688,0.080915
-0.006657,0.925373,0.091513,-0.00878,0.946688,0.0795,-0.025,0.946688,0.080915
-0.116463,0.925373,-0.065305,-0.132683,0.90179,-0.051695,-0.124245,0.925373,-0.048623
-0.025,0.946688,0.080915,-0.025,0.925373,0.09311,-0.0066570006,0.925373,0.091513
0.02989,0.686613,0.082573,0.052622,0.686613,0.065123,0.039478,0.684705,0.08983
0.04272,0.375372,0.05522,0.02289,0.375372,0.07044,0.052622,0.373105,0.065123
-0.132683,0.90179,-0.051695,-0.137853,0.90179,-0.032403,-0.124245,0.925373,-0.048623
0.011123,0.925373,0.086745,-0.008780001,0.946688,0.0795,-0.0066570006,0.925373,0.091513
0.06017,0.68487,0.07267,0.052622,0.686613,0.065123,0.06394,0.684758,0.0689
0.06017,0.68487,0.07267,0.046683,0.684462,0.086158,0.052622,0.686613,0.065123
0.06017,0.628565,0.07267,0.073658,0.628972,0.059183,0.052622,0.626835,0.065123
0.07733,0.628733,0.051977,0.052622,0.626835,0.065123,0.073658,0.628972,0.059183
0.04272,0.375372,0.05522,0.03433,0.38185,0.04683,0.01695,0.38185,0.060158
-0.061123,0.925373,-0.111745,-0.082292,0.90179,-0.111745,-0.077805,0.925373,-0.103963
-0.064195,0.90179,-0.120183,-0.082292,0.90179,-0.111745,-0.061123,0.925373,-0.111745
0.02289,0.375372,0.07044,0.04272,0.375372,0.05522,0.01695,0.38185,0.060158
-0.082292,0.90179,-0.111745,-0.098658,0.90179,-0.10028,-0.077805,0.925373,-0.103963
0.07733,0.628733,0.051977,0.070073,0.626835,0.04239,0.052622,0.626835,0.065123
-0.006657,0.925373,0.091513,0.014194999,0.90179,0.095183,0.011123,0.925373,0.086745
0.070073,0.626835,0.04239,0.04272,0.629105,0.05522,0.052622,0.626835,0.065123
-0.11278,0.90179,-0.086158,-0.105903,0.925373,-0.08039,-0.098658,0.90179,-0.10028
0.01695,0.38185,0.060158,0.03433,0.38185,0.04683,0.012988,0.391553,0.053293
-0.044902,0.90179,-0.125353,-0.066073,0.876657,-0.125353,-0.064195,0.90179,-0.120183
0.070073,0.626835,0.04239,0.091417,0.628812,0.02247,0.081037,0.626835,0.015915
0.032293,0.90179,0.086745,0.011123,0.925373,0.086745,0.014194999,0.90179,0.095183
0.03433,0.38185,0.04683,0.02872,0.391553,0.04122,0.012988001,0.391553,0.053293
-0.045853,0.876657,-0.130768,-0.066073,0.876657,-0.125353,-0.044902,0.90179,-0.125353
0.027805,0.925373,0.078962,0.032293,0.90179,0.086745,0.048658,0.90179,0.07528
0.03505,0.876657,0.091513,0.032293,0.90179,0.086745,0.014194999,0.90179,0.095183
-0.082292,0.90179,-0.111745,-0.064195,0.90179,-0.120183,-0.08505,0.876657,-0.116512
-0.066073,0.876657,-0.125353,-0.08505,0.876657,-0.116512,-0.064195,0.90179,-0.120183
0.027805,0.925373,0.078962,0.048658,0.90179,0.07528,0.04289,0.925373,0.068402
-0.08505,0.876657,-0.116512,-0.102195,0.876657,-0.1045,-0.082292,0.90179,-0.111745
-0.123658,0.686567,0.059183,-0.12733,0.684705,0.051977,-0.123658,0.684462,0.059183
-0.140988,0.628918,0.025183,-0.140988,0.489075,0.025183,-0.13197,0.628663,0.042878
-0.082292,0.90179,-0.111745,-0.102195,0.876657,-0.1045,-0.098658,0.90179,-0.10028
-0.102195,0.876657,-0.1045,-0.117,0.876657,-0.089695,-0.11278,0.90179,-0.086158
-0.102195,0.876657,-0.1045,-0.11278,0.90179,-0.086158,-0.098658,0.90179,-0.10028
-0.123658,0.686567,0.059183,-0.140988,0.686567,0.025183,-0.129455,0.684845,0.047807
0.070073,0.686613,0.04239,0.052622,0.686613,0.065123,0.05794,0.684328,0.03539
0.03505,0.876657,0.091513,0.014194999,0.90179,0.095183,0.016073,0.876657,0.100353
-0.129455,0.684845,0.047807,-0.140988,0.686567,0.025183,-0.140988,0.684515,0.025183
0.032293,0.90179,0.086745,0.03505,0.876657,0.091513,0.052195,0.876657,0.0795
0.052195,0.876657,0.0795,0.03505,0.876657,0.091513,0.05339,0.850748,0.080915
0.05794,0.684328,0.03539,0.052622,0.686613,0.065123,0.04272,0.684328,0.05522
0.032293,0.90179,0.086745,0.052195,0.876657,0.0795,0.048658,0.90179,0.07528
-0.123658,0.746267,0.059183,-0.140988,0.746267,0.025183,-0.123658,0.701492,0.059183
-0.140988,0.701492,0.025183,-0.123658,0.701492,0.059183,-0.140988,0.746267,0.025183
-0.066073,0.876657,-0.125353,-0.085975,0.850748,-0.11811,-0.08505,0.876657,-0.116512
-0.129455,0.628592,0.047807,-0.13197,0.628663,0.042878,-0.123658,0.489075,0.059183
-0.119852,0.686567,0.082353,-0.096683,0.686567,0.086158,-0.092073,0.686567,0.10367
-0.14117,0.686567,0.054573,-0.123658,0.686567,0.059183,-0.119852,0.686567,0.082353
-0.096683,0.686567,0.086158,-0.119852,0.686567,0.082353,-0.123658,0.686567,0.059183
0.016073,0.876657,0.100353,0.035975,0.850748,0.09311,0.03505,0.876657,0.091513
-0.05972,0.701492,0.117073,-0.062683,0.701492,0.103488,-0.092073,0.701492,0.10367
-0.123658,0.701492,0.059183,-0.119852,0.701492,0.082353,-0.096683,0.701492,0.086158
-0.092073,0.701492,0.10367,-0.096683,0.701492,0.086158,-0.119852,0.701492,0.082353
0.073658,0.684462,0.059183,0.06394,0.684758,0.0689,0.070073,0.686613,0.04239
-0.14117,0.701492,0.054573,-0.119852,0.701492,0.082353,-0.123658,0.701492,0.059183
0.035975,0.850748,0.09311,0.05339,0.850748,0.080915,0.03505,0.876657,0.091513
-0.092073,0.686567,0.10367,-0.092073,0.701492,0.10367,-0.119852,0.701492,0.082353
-0.092073,0.686567,0.10367,-0.119852,0.701492,0.082353,-0.119852,0.686567,0.082353
-0.05972,0.701492,0.117073,-0.092073,0.701492,0.10367,-0.092073,0.686567,0.10367
-0.05972,0.686567,0.117073,-0.05972,0.701492,0.117073,-0.092073,0.686567,0.10367
0.070073,0.686613,0.04239,0.06394,0.684758,0.0689,0.052622,0.686613,0.065123
-0.105903,0.925373,-0.08039,-0.124245,0.90179,-0.069793,-0.116463,0.925373,-0.065305
0.079455,0.628592,0.047807,0.090987,0.628918,0.025183,0.070073,0.626835,0.04239
-0.11394,0.628678,0.0689,-0.123658,0.489075,0.059183,-0.11017,0.628565,0.07267
-0.043343,0.925373,0.091513,-0.025,0.90179,0.102098,-0.025,0.925373,0.09311
-0.105903,0.925373,-0.08039,-0.11278,0.90179,-0.086158,-0.124245,0.90179,-0.069793
-0.124245,0.90179,-0.069793,-0.132683,0.90179,-0.051695,-0.116463,0.925373,-0.065305
-0.043343,0.925373,0.091513,-0.044902,0.90179,0.100353,-0.025,0.90179,0.102098
0.079455,0.628592,0.047807,0.070073,0.626835,0.04239,0.07733,0.628733,0.051977
-0.025,0.925373,0.09311,-0.025,0.90179,0.102098,-0.005098,0.90179,0.100353
-0.129013,0.876657,-0.07255,-0.124245,0.90179,-0.069793,-0.11278,0.90179,-0.086158
0.079455,0.684845,0.047807,0.070073,0.686613,0.04239,0.08197,0.684772,0.042878
-0.025,0.90179,0.102098,-0.004148001,0.876657,0.105768,-0.005098,0.90179,0.100353
0.073658,0.684462,0.059183,0.070073,0.686613,0.04239,0.079455,0.684845,0.047807
-0.025,0.925373,0.09311,-0.005098,0.90179,0.100353,-0.0066570006,0.925373,0.091513
-0.11017,0.68487,0.07267,-0.1064,0.684758,0.07644,-0.096683,0.686567,0.086158
-0.123658,0.686567,0.059183,-0.123658,0.684462,0.059183,-0.11017,0.68487,0.07267
0.014195,0.90179,0.095183,-0.0066569997,0.925373,0.091513,-0.0050979992,0.90179,0.100353
-0.132683,0.90179,-0.051695,-0.124245,0.90179,-0.069793,-0.137853,0.876657,-0.053573
0.070073,0.626835,0.04239,0.05794,0.629105,0.03539,0.04272,0.629105,0.05522
-0.1064,0.684758,0.07644,-0.096683,0.684462,0.086158,-0.096683,0.686567,0.086158
-0.064195,0.90179,0.095183,-0.045853,0.876657,0.105768,-0.044902,0.90179,0.100353
-0.044902,0.90179,0.100353,-0.025,0.876657,0.107597,-0.025,0.90179,0.102098
0.05794,0.629105,0.03539,0.070073,0.626835,0.04239,0.081037,0.626835,0.015915
-0.11394,0.628678,0.0689,-0.123658,0.628972,0.059183,-0.123658,0.489075,0.059183
-0.044902,0.90179,0.100353,-0.045853,0.876657,0.105768,-0.025,0.876657,0.107597
0.03433,0.635583,0.04683,0.04272,0.629105,0.05522,0.05794,0.629105,0.03539
-0.096683,0.686567,0.086158,-0.123658,0.686567,0.059183,-0.11017,0.68487,0.07267
-0.117,0.876657,-0.089695,-0.129013,0.876657,-0.07255,-0.11278,0.90179,-0.086158
-0.004148,0.876657,0.105768,-0.024999999,0.90179,0.102098,-0.024999999,0.876657,0.107597
-0.129013,0.876657,-0.07255,-0.137853,0.876657,-0.053573,-0.124245,0.90179,-0.069793
0.03433,0.635583,0.04683,0.05794,0.629105,0.03539,0.047658,0.635583,0.02945
-0.096683,0.701492,0.086158,-0.096683,0.746267,0.086158,-0.123658,0.701492,0.059183
-0.096683,0.746267,0.086158,-0.123658,0.746267,0.059183,-0.123658,0.701492,0.059183
-0.096683,0.628972,0.086158,-0.11017,0.628565,0.07267,-0.123658,0.489075,0.059183
-0.005098,0.90179,0.100353,0.016073,0.876657,0.100353,0.014194999,0.90179,0.095183
-0.096683,0.686567,0.086158,-0.062683,0.686567,0.103488,-0.092073,0.686567,0.10367
-0.05972,0.686567,0.117073,-0.092073,0.686567,0.10367,-0.062683,0.686567,0.103488
-0.025,0.686567,0.121647,-0.059719995,0.686567,0.117073,-0.025,0.686567,0.10945
-0.062683,0.686567,0.103488,-0.024999999,0.686567,0.10945,-0.05972,0.686567,0.117073
0.047658,0.635583,0.02945,0.067513,0.629105,0.012292001,0.05605,0.635583,0.00922
0.016073,0.876657,0.100353,-0.005098,0.90179,0.100353,-0.004147999,0.876657,0.105768
-0.096683,0.701492,0.086158,-0.092073,0.701492,0.10367,-0.062683,0.701492,0.103488
-0.025,0.701492,0.10945,-0.062683,0.701492,0.103488,-0.059719995,0.701492,0.117073
0.047658,0.635583,0.02945,0.05794,0.629105,0.03539,0.067513,0.629105,0.012292001
-0.137853,0.876657,-0.053573,-0.129013,0.876657,-0.07255,-0.139598,0.850748,-0.054208
-0.045853,0.876657,0.105768,-0.04617,0.850748,0.107597,-0.025,0.850748,0.10945
-0.025,0.850748,0.10945,-0.025,0.876657,0.107597,-0.045853,0.876657,0.105768
0.05605,0.635583,0.00922,0.040793,0.645283,0.025488,0.047658,0.635583,0.02945
-0.004148,0.876657,0.105768,-0.024999999,0.876657,0.107597,-0.00383,0.850748,0.107597
-0.096683,0.686567,0.086158,-0.096683,0.684462,0.086158,-0.085308,0.684845,0.091955
-0.062683,0.686567,0.103488,-0.096683,0.686567,0.086158,-0.080378,0.684772,0.09447
-0.085308,0.684845,0.091955,-0.080378,0.684772,0.09447,-0.096683,0.686567,0.086158
-0.129013,0.876657,-0.07255,-0.13061,0.850748,-0.073475,-0.139598,0.850748,-0.054208
-0.080378,0.684772,0.09447,-0.062683,0.684515,0.103488,-0.062683,0.686567,0.103488
-0.085975,0.98,-0.0125,-0.10339,0.965075,-0.0125,-0.102195,0.965075,0.0011099996
0.05339,0.850748,-0.105915,0.035975,0.850748,-0.11811,0.052195,0.876657,-0.1045
0.052195,0.876657,-0.1045,0.035975,0.850748,-0.11811,0.03505,0.876657,-0.116512
-0.08505,0.98,-0.001915,-0.085975,0.98,-0.0125,-0.102195,0.965075,0.00111
-0.096683,0.701492,0.086158,-0.062683,0.701492,0.103488,-0.062683,0.746267,0.103488
-0.096683,0.701492,0.086158,-0.062683,0.746267,0.103488,-0.096683,0.746267,0.086158
-0.102195,0.965075,0.00111,-0.098658,0.965075,0.014305,-0.08505,0.98,-0.001915
-0.089478,0.628733,0.08983,-0.085308,0.431112,0.091955,-0.085308,0.628592,0.091955
-0.085308,0.628592,0.091955,-0.080378,0.431042,0.09447,-0.062683,0.628918,0.103488
0.073658,0.684462,-0.084183,0.06017,0.68487,-0.09767,0.073658,0.686567,-0.084183
0.03505,0.824835,-0.116512,0.035975,0.850748,-0.11811,0.05339,0.850748,-0.105915
-0.05997,0.628812,0.103918,-0.062683,0.628918,0.103488,-0.024999999,0.489075,0.10945
0.05339,0.850748,-0.105915,0.052195,0.824835,-0.1045,0.03505,0.824835,-0.116512
-0.062683,0.430785,0.103488,-0.024999999,0.489075,0.10945,-0.062683,0.628918,0.103488
0.06394,0.628678,-0.0939,0.073658,0.628972,-0.084183,0.073658,0.43073,-0.084183
0.03505,0.824835,-0.116512,0.016073,0.824835,-0.125353,0.035975,0.850748,-0.11811
-0.098658,0.965075,-0.039305,-0.102195,0.965075,-0.02611,-0.082292,0.98,-0.033353
0.03505,0.824835,-0.116512,0.014194999,0.799703,-0.120183,0.016073,0.824835,-0.125353
-0.082292,0.98,-0.033353,-0.102195,0.965075,-0.02611,-0.08505,0.98,-0.023085
0.035975,0.850748,-0.11811,0.016073,0.824835,-0.125353,0.016708,0.850748,-0.127098
-0.10339,0.965075,-0.0125,-0.085975,0.98,-0.0125,-0.08505,0.98,-0.023085
0.06017,0.68487,-0.09767,0.0564,0.684758,-0.10144,0.046683,0.686567,-0.111157
0.046683,0.684462,-0.111157,0.046683,0.686567,-0.111157,0.0564,0.684758,-0.10144
-0.062683,0.684515,0.103488,-0.056348,0.684762,0.10449,-0.062683,0.686567,0.103488
0.016073,0.824835,-0.125353,-0.004147999,0.824835,-0.130768,0.016708,0.850748,-0.127098
0.046683,0.686567,-0.111157,0.073658,0.686567,-0.084183,0.06017,0.68487,-0.09767
-0.025,0.489075,0.10945,-0.028923,0.62879,0.10883,-0.056347996,0.628673,0.10449
-0.025,0.628807,0.10945,-0.028923,0.62879,0.10883,-0.025,0.489075,0.10945
0.073658,0.701492,-0.084183,0.046683,0.701492,-0.111157,0.046683,0.746267,-0.111157
0.073658,0.701492,-0.084183,0.046683,0.746267,-0.111157,0.073658,0.746267,-0.084183
-0.098658,0.965075,0.014305,-0.11278,0.946688,0.01945,-0.105903,0.946688,0.034208
-0.025,0.686567,0.10945,-0.051255,0.68474,0.105295,-0.025,0.684627,0.10945
0.00972,0.686567,-0.142072,0.042073,0.686567,-0.12867,0.012683,0.686567,-0.128488
-0.025,0.686567,0.10945,-0.062683,0.686567,0.103488,-0.051255,0.68474,0.105295
-0.056348,0.684762,0.10449,-0.051255,0.68474,0.105295,-0.062683,0.686567,0.103488
0.046683,0.701492,-0.111157,0.042073,0.701492,-0.12867,0.012683,0.701492,-0.128488
-0.025,0.701492,-0.146647,-0.025,0.701492,-0.13445,0.0097199995,0.701492,-0.142072
-0.062683,0.701492,0.103488,-0.024999999,0.701492,0.10945,-0.024999999,0.746267,0.10945
-0.062683,0.701492,0.103488,-0.024999999,0.746267,0.10945,-0.062683,0.746267,0.103488
0.032293,0.799703,-0.111745,0.03505,0.824835,-0.116512,0.052195,0.824835,-0.1045
-0.056348,0.628673,0.10449,-0.05997,0.628812,0.103918,-0.025000002,0.489075,0.10945
0.032293,0.799703,-0.111745,0.014194999,0.799703,-0.120183,0.03505,0.824835,-0.116512
-0.102195,0.965075,-0.02611,-0.118415,0.946688,-0.0125,-0.10339,0.965075,-0.0125
0.012683,0.489075,-0.128488,0.012683,0.628918,-0.128488,0.035308,0.628592,-0.116955
-0.11017,0.628565,0.07267,-0.102623,0.626835,0.065123,-0.11394,0.628678,0.0689
0.035308,0.628592,-0.116955,0.039478,0.628733,-0.11483,0.012683,0.489075,-0.128488
0.046683,0.628972,-0.111157,0.012683,0.489075,-0.128488,0.039478,0.628733,-0.11483
0.035308,0.684845,-0.116955,0.030378,0.684772,-0.11947,0.046683,0.686567,-0.111157
0.012683,0.684515,-0.128488,0.012683,0.686567,-0.128488,0.030378,0.684772,-0.11947
0.046683,0.686567,-0.111157,0.046683,0.684462,-0.111157,0.035308,0.684845,-0.116955
0.012683,0.686567,-0.128488,0.046683,0.686567,-0.111157,0.030378,0.684772,-0.11947
0.048658,0.799703,-0.10028,0.027805,0.77612,-0.103963,0.032293,0.799703,-0.111745
0.046683,0.701492,-0.111157,0.012683,0.701492,-0.128488,0.012683,0.746267,-0.128488
0.046683,0.701492,-0.111157,0.012683,0.746267,-0.128488,0.046683,0.746267,-0.111157
-0.102195,0.965075,-0.02611,-0.10339,0.965075,-0.0125,-0.08505,0.98,-0.023085
0.032293,0.799703,-0.111745,0.011123,0.77612,-0.111745,0.014194999,0.799703,-0.120183
0.027805,0.77612,-0.103963,0.011123,0.77612,-0.111745,0.032293,0.799703,-0.111745
-0.025,0.686567,-0.146647,0.0097199995,0.686567,-0.142072,-0.025,0.686567,-0.13445
-0.10339,0.965075,-0.0125,-0.117,0.946688,0.0037199995,-0.102195,0.965075,0.0011099996
0.012683,0.701492,-0.128488,0.00972,0.701492,-0.142072,-0.025000002,0.701492,-0.13445
-0.117,0.946688,0.00372,-0.10339,0.965075,-0.012499999,-0.118415,0.946688,-0.012499999
-0.00383,0.850748,-0.132597,-0.004148,0.876657,-0.130768,0.016073,0.876657,-0.125353
-0.1064,0.684758,0.07644,-0.11017,0.68487,0.07267,-0.102623,0.686613,0.065123
0.016708,0.850748,-0.127098,-0.0038300008,0.850748,-0.132597,0.016073,0.876657,-0.125353
0.006347,0.628673,-0.12949,0.012683,0.489075,-0.128488,-0.021078,0.62879,-0.13383
0.00997,0.628812,-0.128918,0.012683,0.489075,-0.128488,0.006347,0.628673,-0.12949
-0.102195,0.965075,-0.02611,-0.098658,0.965075,-0.039305,-0.117,0.946688,-0.02872
0.012683,0.686567,-0.128488,0.001255,0.68474,-0.130295,-0.025000002,0.686567,-0.13445
-0.025,0.684627,-0.13445,-0.025,0.686567,-0.13445,0.001255,0.68474,-0.130295
-0.025,0.876657,-0.132597,-0.04617,0.850748,-0.132597,-0.045853,0.876657,-0.130768
-0.098658,0.965075,-0.039305,-0.11278,0.946688,-0.04445,-0.117,0.946688,-0.02872
-0.117,0.946688,-0.02872,-0.118415,0.946688,-0.012500001,-0.102195,0.965075,-0.02611
0.012683,0.684515,-0.128488,0.006347,0.684762,-0.12949,0.012683,0.686567,-0.128488
-0.025,0.876657,-0.132597,-0.025,0.850748,-0.13445,-0.04617,0.850748,-0.132597
0.006347,0.684762,-0.12949,0.001255,0.68474,-0.130295,0.012683,0.686567,-0.128488
-0.129013,0.925373,-0.030843,-0.13061,0.925373,-0.012499999,-0.117,0.946688,-0.02872
-0.025,0.746267,-0.13445,0.012683002,0.746267,-0.128488,-0.025,0.701492,-0.13445
0.012683,0.701492,-0.128488,-0.025000002,0.701492,-0.13445,0.012683,0.746267,-0.128488
-0.117,0.946688,-0.02872,-0.13061,0.925373,-0.012500001,-0.118415,0.946688,-0.012500001
-0.028923,0.62879,0.10883,-0.053415,0.626835,0.093538,-0.056348,0.628673,0.10449
0.012683,0.628918,-0.128488,0.012683,0.489075,-0.128488,0.00997,0.628812,-0.128918
-0.025,0.628807,-0.13445,-0.021078,0.62879,-0.13383,0.012683002,0.489075,-0.128488
-0.025,0.626835,0.09728,-0.053415,0.626835,0.093538,-0.028923,0.62879,0.10883
-0.062683,0.686567,-0.128488,-0.05972,0.686567,-0.142072,-0.024999999,0.686567,-0.13445
-0.025,0.686567,-0.146647,-0.025,0.686567,-0.13445,-0.059719995,0.686567,-0.142072
-0.004148,0.824835,-0.130768,-0.00383,0.850748,-0.132597,0.016708001,0.850748,-0.127098
-0.025,0.824835,-0.132597,-0.025,0.850748,-0.13445,-0.0038300008,0.850748,-0.132597
-0.129013,0.925373,0.005842,-0.117,0.946688,0.00372,-0.118415,0.946688,-0.012499999
-0.05972,0.686567,-0.142072,-0.062683,0.686567,-0.128488,-0.092073,0.686567,-0.12867
-0.025,0.701492,-0.146647,-0.059719995,0.701492,-0.142072,-0.025,0.701492,-0.13445
-0.056348,0.628673,0.10449,-0.053415,0.626835,0.093538,-0.05997,0.628812,0.103918
-0.118415,0.946688,-0.0125,-0.13061,0.925373,-0.0125,-0.129013,0.925373,0.0058419993
-0.096683,0.701492,-0.111157,-0.062683,0.701492,-0.128488,-0.092073,0.701492,-0.12867
-0.062683,0.701492,-0.128488,-0.024999999,0.701492,-0.13445,-0.05972,0.701492,-0.142072
-0.05997,0.628812,0.103918,-0.07989,0.626835,0.082573,-0.062683,0.628918,0.103488
-0.05972,0.701492,-0.142072,-0.05972,0.686567,-0.142072,-0.092073,0.686567,-0.12867
-0.05972,0.701492,-0.142072,-0.092073,0.686567,-0.12867,-0.092073,0.701492,-0.12867
-0.004148,0.824835,-0.130768,-0.024999999,0.824835,-0.132597,-0.00383,0.850748,-0.132597
-0.025,0.824835,-0.132597,-0.045853,0.824835,-0.130768,-0.025,0.850748,-0.13445
-0.11278,0.946688,-0.04445,-0.124245,0.925373,-0.048623,-0.129013,0.925373,-0.030843
-0.025,0.850748,-0.13445,-0.045853,0.824835,-0.130768,-0.04617,0.850748,-0.132597
-0.11278,0.946688,-0.04445,-0.129013,0.925373,-0.030843,-0.117,0.946688,-0.02872
-0.056348,0.684762,-0.12949,-0.05997,0.684622,-0.128918,-0.062683,0.686567,-0.128488
-0.062683,0.684515,-0.128488,-0.062683,0.686567,-0.128488,-0.05997,0.684622,-0.128918
0.016073,0.824835,-0.125353,-0.005098,0.799703,-0.125353,-0.004147999,0.824835,-0.130768
-0.053415,0.686613,0.093538,-0.025,0.684328,0.08328,-0.025,0.686613,0.09728
0.014195,0.799703,-0.120183,-0.0050979992,0.799703,-0.125353,0.016073,0.824835,-0.125353
-0.005098,0.799703,-0.125353,-0.025,0.799703,-0.127098,-0.004148,0.824835,-0.130768
-0.025,0.686613,0.09728,-0.051255,0.68474,0.105295,-0.053415,0.686613,0.093538
-0.13061,0.925373,-0.0125,-0.137853,0.90179,0.007402,-0.129013,0.925373,0.0058419993
-0.053415,0.686613,0.093538,-0.051255,0.68474,0.105295,-0.056348,0.684762,0.10449
-0.004148,0.824835,-0.130768,-0.024999999,0.799703,-0.127098,-0.024999999,0.824835,-0.132597
-0.056348,0.684762,0.10449,-0.062683,0.684515,0.103488,-0.053415,0.686613,0.093538
-0.053415,0.686613,0.093538,-0.062683,0.684515,0.103488,-0.080378,0.684772,0.09447
-0.025,0.684627,-0.13445,-0.028923,0.684642,-0.13383,-0.025,0.686567,-0.13445
-0.025,0.824835,-0.132597,-0.044902,0.799703,-0.125353,-0.045853,0.824835,-0.130768
-0.062683,0.686567,-0.128488,-0.024999999,0.686567,-0.13445,-0.056348,0.684762,-0.12949
-0.028923,0.684642,-0.13383,-0.056348,0.684762,-0.12949,-0.025,0.686567,-0.13445
-0.025,0.799703,-0.127098,-0.044902,0.799703,-0.125353,-0.025,0.824835,-0.132597
-0.11017,0.628565,0.07267,-0.096683,0.628972,0.086158,-0.102623,0.626835,0.065123
-0.089478,0.628733,0.08983,-0.102623,0.626835,0.065123,-0.096683,0.628972,0.086158
-0.025,0.746267,-0.13445,-0.025,0.701492,-0.13445,-0.062683,0.701492,-0.128488
-0.062683,0.746267,-0.128488,-0.024999999,0.746267,-0.13445,-0.062683,0.701492,-0.128488
-0.085308,0.628592,0.091955,-0.062683,0.628918,0.103488,-0.07989,0.626835,0.082573
-0.062683,0.686567,-0.128488,-0.096683,0.686567,-0.111157,-0.092073,0.686567,-0.12867
-0.119852,0.686567,-0.107352,-0.092073,0.686567,-0.12867,-0.096683,0.686567,-0.111157
-0.077805,0.98,0.017987,-0.082292,0.98,0.008352,-0.09289,0.965075,0.026695
-0.05972,0.701492,-0.142072,-0.092073,0.701492,-0.12867,-0.062683,0.701492,-0.128488
-0.119852,0.701492,-0.107352,-0.096683,0.701492,-0.111157,-0.092073,0.701492,-0.12867
-0.119852,0.686567,-0.107352,-0.119852,0.701492,-0.107352,-0.092073,0.686567,-0.12867
-0.092073,0.701492,-0.12867,-0.092073,0.686567,-0.12867,-0.119852,0.701492,-0.107352
-0.085308,0.628592,0.091955,-0.07989,0.626835,0.082573,-0.089478,0.628733,0.08983
-0.102623,0.626835,0.065123,-0.089478,0.628733,0.08983,-0.07989,0.626835,0.082573
-0.082292,0.98,0.008352,-0.098658,0.965075,0.014305,-0.09289,0.965075,0.026695
-0.09289,0.965075,0.026695,-0.08505,0.965075,0.03789,-0.077805,0.98,0.017987
0.014195,0.799703,-0.120183,-0.0066569997,0.77612,-0.116512,-0.0050979992,0.799703,-0.125353
-0.077805,0.98,0.017987,-0.08505,0.965075,0.03789,-0.071708,0.98,0.026695
0.047658,0.67785,0.02945,0.05794,0.684328,0.03539,0.04272,0.684328,0.05522
-0.08505,0.965075,0.03789,-0.07539,0.965075,0.04755,-0.071708,0.98,0.026695
-0.07989,0.626835,0.082573,-0.05997,0.628812,0.103918,-0.053415,0.626835,0.093538
0.047658,0.67785,0.02945,0.05605,0.67785,0.00922,0.05794,0.684328,0.03539
-0.07989,0.626835,0.082573,-0.053415,0.626835,0.093538,-0.07289,0.629105,0.07044
-0.025,0.799703,-0.127098,-0.043343,0.77612,-0.116512,-0.044902,0.799703,-0.125353
0.055902,0.77612,-0.08039,0.04289,0.77612,-0.093402,0.048658,0.799703,-0.10028
-0.07289,0.629105,0.07044,-0.053415,0.626835,0.093538,-0.049793,0.629105,0.080013
0.04289,0.77612,-0.093402,0.027805,0.77612,-0.103963,0.048658,0.799703,-0.10028
-0.049793,0.629105,0.080013,-0.053415,0.626835,0.093538,-0.025,0.626835,0.09728
0.04289,0.77612,-0.093402,0.021708,0.754805,-0.093402,0.027805,0.77612,-0.103963
0.02872,0.414418,-0.06622,0.047658,0.42412,-0.05445,0.040793,0.414418,-0.050487
-0.096683,0.684462,-0.111157,-0.096683,0.686567,-0.111157,-0.089478,0.684705,-0.11483
-0.085308,0.684845,-0.116955,-0.089478,0.684705,-0.11483,-0.096683,0.686567,-0.111157
-0.049793,0.629105,0.080013,-0.06695,0.635583,0.060158,-0.07289,0.629105,0.07044
0.012988,0.414418,-0.078293,0.01695,0.42412,-0.085158,0.03433,0.42412,-0.07183
0.04656,0.754805,-0.07255,0.03505,0.754805,-0.08406,0.04289,0.77612,-0.093402
0.055902,0.77612,-0.08039,0.04656,0.754805,-0.07255,0.04289,0.77612,-0.093402
0.03433,0.42412,-0.07183,0.04272,0.430598,-0.08022,0.05794,0.430598,-0.06039
-0.04672,0.67785,0.06855,-0.07289,0.684328,0.07044,-0.06695,0.67785,0.060158
-0.07289,0.684328,0.07044,-0.04672,0.67785,0.06855,-0.049793,0.684328,0.080013
-0.07989,0.686613,0.082573,-0.102623,0.686613,0.065123,-0.07289,0.684328,0.07044
0.04272,0.430598,-0.08022,0.03433,0.42412,-0.07183,0.01695,0.42412,-0.085158
0.021708,0.754805,-0.093402,0.0069500003,0.754805,-0.10028,0.027805,0.77612,-0.103963
0.070073,0.686613,0.04239,0.05794,0.684328,0.03539,0.067513,0.684328,0.012292001
0.021708,0.754805,-0.093402,0.012467,0.746267,-0.09004,0.0069500003,0.754805,-0.10028
0.027805,0.77612,-0.103963,0.0069500003,0.754805,-0.10028,0.011123,0.77612,-0.111745
-0.07289,0.684328,0.07044,-0.049793,0.684328,0.080013,-0.07989,0.686613,0.082573
0.00695,0.754805,-0.10028,-0.008779999,0.754805,-0.1045,0.011123,0.77612,-0.111745
0.081037,0.686613,0.015915,0.08197,0.684772,0.042878,0.070073,0.686613,0.04239
-0.07989,0.686613,0.082573,-0.049793,0.684328,0.080013,-0.053415,0.686613,0.093538
-0.053415,0.686613,0.093538,-0.049793,0.684328,0.080013,-0.025,0.684328,0.08328
0.01822,0.746267,-0.08736,0.021708,0.754805,-0.093402,0.025368,0.746267,-0.082358
0.025368,0.746267,-0.082358,0.021708,0.754805,-0.093402,0.03505,0.754805,-0.08406
0.012467,0.746267,-0.09004,0.021708,0.754805,-0.093402,0.01822,0.746267,-0.08736
0.09199,0.628673,0.018848,0.081037,0.626835,0.015915,0.091417,0.628812,0.02247
0.004563,0.746267,-0.093725,0.00695,0.754805,-0.10028,0.012467,0.746267,-0.09004
0.091417,0.628812,0.02247,0.070073,0.626835,0.04239,0.090987,0.628918,0.025183
0.00695,0.754805,-0.10028,0.004563,0.746267,-0.093725,-0.0015650005,0.746267,-0.095365
-0.07989,0.686613,0.082573,-0.053415,0.686613,0.093538,-0.080378,0.684772,0.09447
-0.07989,0.686613,0.082573,-0.080378,0.684772,0.09447,-0.085308,0.684845,0.091955
0.067513,0.629105,0.012292,0.05794,0.629105,0.03539,0.081037,0.626835,0.015915
0.066463,0.77612,-0.065305,0.055902,0.754805,-0.059207,0.04656,0.754805,-0.07255
0.055902,0.754805,-0.059207,0.04622,0.746267,-0.060918,0.04656,0.754805,-0.07255
-0.085308,0.684845,0.091955,-0.096683,0.684462,0.086158,-0.07989,0.686613,0.082573
-0.1064,0.684758,0.07644,-0.07989,0.686613,0.082573,-0.096683,0.684462,0.086158
-0.1064,0.684758,0.07644,-0.102623,0.686613,0.065123,-0.07989,0.686613,0.082573
0.021708,0.754805,-0.093402,0.04289,0.77612,-0.093402,0.03505,0.754805,-0.08406
0.041215,0.746267,-0.068065,0.04656,0.754805,-0.07255,0.04622,0.746267,-0.060918
0.041215,0.746267,-0.068065,0.030565,0.746267,-0.078715,0.03505,0.754805,-0.08406
0.041215,0.746267,-0.068065,0.03505,0.754805,-0.08406,0.04656,0.754805,-0.07255
-0.129455,0.628592,0.047807,-0.120072,0.626835,0.04239,-0.13197,0.628663,0.042878
0.03505,0.754805,-0.08406,0.030565,0.746267,-0.078715,0.025368,0.746267,-0.082358
-0.04672,0.38185,-0.09355,-0.049793,0.375372,-0.105012,-0.07289,0.375372,-0.09544
-0.129455,0.684845,0.047807,-0.120072,0.686613,0.04239,-0.12733,0.684705,0.051977
-0.07289,0.375372,-0.09544,-0.06695,0.38185,-0.085158,-0.04672,0.38185,-0.09355
-0.140988,0.684515,0.025183,-0.120072,0.686613,0.04239,-0.129455,0.684845,0.047807
-0.006657,0.77612,-0.116512,0.014194999,0.799703,-0.120183,0.011123,0.77612,-0.111745
-0.006657,0.77612,-0.116512,-0.025,0.77612,-0.11811,-0.005098,0.799703,-0.125353
-0.025,0.391553,-0.088475,-0.04672,0.38185,-0.09355,-0.044657,0.391553,-0.085878
0.08478,0.686613,-0.0125,0.092795,0.68474,0.013755,0.081037,0.686613,0.015915003
-0.129455,0.628592,0.047807,-0.123658,0.628972,0.059183,-0.120072,0.626835,0.04239
-0.11394,0.628678,0.0689,-0.120072,0.626835,0.04239,-0.123658,0.628972,0.059183
0.081037,0.686613,0.015915,0.090987,0.684515,0.025183,0.08197,0.684772,0.042878
0.090987,0.684515,0.025183,0.081037,0.686613,0.015915,0.09199,0.684762,0.018848
-0.044657,0.391553,-0.085878,-0.04672,0.38185,-0.09355,-0.06695,0.38185,-0.085158
-0.005098,0.799703,-0.125353,-0.025,0.77612,-0.11811,-0.025,0.799703,-0.127098
-0.044657,0.391553,-0.085878,-0.04394,0.402985,-0.083195,-0.025,0.402985,-0.085683
-0.120072,0.626835,0.04239,-0.11394,0.628678,0.0689,-0.102623,0.626835,0.065123
-0.025,0.77612,-0.11811,-0.043343,0.77612,-0.116512,-0.025,0.799703,-0.127098
-0.044657,0.391553,-0.085878,-0.062987,0.391553,-0.078293,-0.04394,0.402985,-0.083195
-0.043343,0.77612,-0.116512,-0.025,0.77612,-0.11811,-0.04122,0.754805,-0.1045
-0.10794,0.629105,0.03539,-0.102623,0.626835,0.065123,-0.09272,0.629105,0.05522
-0.04122,0.754805,-0.1045,-0.05695,0.754805,-0.10028,-0.043343,0.77612,-0.116512
-0.043343,0.77612,-0.116512,-0.05695,0.754805,-0.10028,-0.061123,0.77612,-0.111745
-0.096683,0.686567,-0.111157,-0.062683,0.686567,-0.128488,-0.085308,0.684845,-0.116955
-0.062683,0.684515,-0.128488,-0.085308,0.684845,-0.116955,-0.062683,0.686567,-0.128488
-0.06695,0.38185,-0.085158,-0.062987,0.391553,-0.078293,-0.044657,0.391553,-0.085878
-0.102623,0.626835,0.065123,-0.10794,0.629105,0.03539,-0.120072,0.626835,0.04239
-0.062683,0.701492,-0.128488,-0.096683,0.701492,-0.111157,-0.096683,0.746267,-0.111157
-0.062683,0.701492,-0.128488,-0.096683,0.746267,-0.111157,-0.062683,0.746267,-0.128488
-0.006657,0.77612,-0.116512,0.011123,0.77612,-0.111745,-0.00878,0.754805,-0.1045
-0.04394,0.402985,-0.083195,-0.044657,0.414418,-0.085878,-0.025,0.414418,-0.088475
-0.096683,0.686567,-0.111157,-0.123658,0.686567,-0.084183,-0.119852,0.686567,-0.107352
-0.14117,0.686567,-0.079572,-0.119852,0.686567,-0.107352,-0.123658,0.686567,-0.084183
-0.119852,0.701492,-0.107352,-0.14117,0.701492,-0.079572,-0.123658,0.701492,-0.084183
-0.096683,0.701492,-0.111157,-0.119852,0.701492,-0.107352,-0.123658,0.701492,-0.084183
-0.14117,0.701492,-0.079572,-0.14117,0.686567,-0.079572,-0.154573,0.701492,-0.04722
-0.154573,0.686567,-0.04722,-0.154573,0.701492,-0.04722,-0.14117,0.686567,-0.079572
-0.119852,0.701492,-0.107352,-0.119852,0.686567,-0.107352,-0.14117,0.686567,-0.079572
-0.119852,0.701492,-0.107352,-0.14117,0.686567,-0.079572,-0.14117,0.701492,-0.079572
-0.096683,0.686567,-0.111157,-0.11017,0.68487,-0.09767,-0.123658,0.686567,-0.084183
-0.025,0.77612,-0.11811,-0.0066570006,0.77612,-0.116512,-0.025,0.754805,-0.105915
-0.123658,0.684462,-0.084183,-0.123658,0.686567,-0.084183,-0.11394,0.684758,-0.0939
0.02872,0.391553,0.04122,0.026755,0.402985,0.039255,0.011598,0.402985,0.050878
-0.1064,0.628678,-0.10144,-0.123658,0.489075,-0.084183,-0.11017,0.628565,-0.09767
-0.044657,0.414418,-0.085878,-0.062987,0.414418,-0.078293,-0.04672,0.42412,-0.09355
-0.00878,0.754805,-0.1045,-0.024999999,0.754805,-0.105915,-0.006657,0.77612,-0.116512
-0.06695,0.42412,-0.085158,-0.04672,0.42412,-0.09355,-0.062987,0.414418,-0.078293
-0.025,0.754805,-0.105915,-0.04122,0.754805,-0.1045,-0.025,0.77612,-0.11811
0.011598,0.402985,0.050878,0.012988,0.391553,0.053293,0.02872,0.391553,0.04122
-0.025,0.754805,-0.105915,-0.03132,0.746267,-0.098385,-0.04122,0.754805,-0.1045
0.02872,0.391553,0.04122,0.040793,0.391553,0.025488,0.026755,0.402985,0.039255
-0.11394,0.684758,-0.0939,-0.123658,0.686567,-0.084183,-0.11017,0.68487,-0.09767
0.012988,0.414418,0.053293,0.026755,0.402985,0.039255,0.028720003,0.414418,0.04122
-0.07289,0.430598,-0.09544,-0.049793,0.430598,-0.105012,-0.06695,0.42412,-0.085158
-0.04672,0.42412,-0.09355,-0.06695,0.42412,-0.085158,-0.049793,0.430598,-0.105012
-0.009992,0.746267,-0.097628,-0.00878,0.754805,-0.1045,-0.001565,0.746267,-0.095365
0.00695,0.754805,-0.10028,-0.0015650005,0.746267,-0.095365,-0.008779999,0.754805,-0.1045
-0.025,0.746267,-0.09894,-0.025,0.754805,-0.105915,-0.01631,0.746267,-0.09818
-0.00878,0.754805,-0.1045,-0.01631,0.746267,-0.09818,-0.024999999,0.754805,-0.105915
0.03433,0.42412,0.04683,0.01695,0.42412,0.060158,0.02872,0.414418,0.04122
-0.123658,0.489075,-0.084183,-0.1064,0.628678,-0.10144,-0.096683,0.628972,-0.111157
-0.009992,0.746267,-0.097628,-0.01631,0.746267,-0.09818,-0.00878,0.754805,-0.1045
-0.045853,0.98,0.044792,-0.055488,0.98,0.040305,-0.051805,0.965075,0.061157
-0.03132,0.746267,-0.098385,-0.025,0.754805,-0.105915,-0.025,0.746267,-0.09894
-0.04122,0.754805,-0.1045,-0.03132,0.746267,-0.098385,-0.040007,0.746267,-0.097628
-0.096683,0.684462,-0.111157,-0.11017,0.68487,-0.09767,-0.096683,0.686567,-0.111157
0.012988,0.414418,0.053293,0.028720003,0.414418,0.04122,0.01695,0.42412,0.060158
-0.096683,0.701492,-0.111157,-0.123658,0.701492,-0.084183,-0.123658,0.746267,-0.084183
-0.096683,0.701492,-0.111157,-0.123658,0.746267,-0.084183,-0.096683,0.746267,-0.111157
-0.040007,0.746267,-0.097628,-0.046135,0.746267,-0.095985,-0.04122,0.754805,-0.1045
-0.123658,0.628972,-0.084183,-0.11017,0.628565,-0.09767,-0.123658,0.489075,-0.084183
-0.066707,0.850748,-0.127098,-0.045853,0.876657,-0.130768,-0.04617,0.850748,-0.132597
-0.123658,0.686567,-0.084183,-0.140988,0.686567,-0.050182,-0.14117,0.686567,-0.079572
-0.154573,0.686567,-0.04722,-0.14117,0.686567,-0.079572,-0.140988,0.686567,-0.050182
-0.098658,0.965075,0.014305,-0.105903,0.946688,0.034208,-0.09289,0.965075,0.026695
-0.123658,0.701492,-0.084183,-0.14117,0.701492,-0.079572,-0.140988,0.701492,-0.050182
-0.14117,0.701492,-0.079572,-0.154573,0.701492,-0.04722,-0.140988,0.701492,-0.050182
-0.09289,0.965075,0.026695,-0.09656,0.946688,0.04755,-0.08505,0.965075,0.03789
-0.045853,0.876657,-0.130768,-0.066707,0.850748,-0.127098,-0.066073,0.876657,-0.125353
0.01695,0.42412,0.060158,0.03433,0.42412,0.04683,0.02289,0.430598,0.07044
-0.09289,0.965075,0.026695,-0.105903,0.946688,0.034208,-0.09656,0.946688,0.04755
-0.140988,0.684515,-0.050182,-0.140988,0.686567,-0.050182,-0.13197,0.684772,-0.067878
-0.066707,0.850748,-0.127098,-0.085975,0.850748,-0.11811,-0.066073,0.876657,-0.125353
0.03433,0.42412,0.04683,0.04272,0.430598,0.05522,0.02289,0.430598,0.07044
-0.123658,0.686567,-0.084183,-0.13197,0.684772,-0.067878,-0.140988,0.686567,-0.050182
-0.07539,0.965075,0.04755,-0.08505,0.965075,0.03789,-0.08505,0.946688,0.05906
-0.09656,0.946688,0.04755,-0.08505,0.946688,0.05906,-0.08505,0.965075,0.03789
-0.07539,0.965075,0.04755,-0.08505,0.946688,0.05906,-0.071708,0.946688,0.068402
-0.123658,0.489075,-0.084183,-0.140988,0.489075,-0.050182,-0.129455,0.628592,-0.072808
-0.140988,0.628918,-0.050182,-0.129455,0.628592,-0.072808,-0.140988,0.489075,-0.050182
0.04272,0.430598,0.05522,0.02989,0.43288,0.082573,0.02289,0.430598,0.07044
-0.13197,0.684772,-0.067878,-0.123658,0.686567,-0.084183,-0.129455,0.684845,-0.072808
-0.071708,0.946688,0.068402,-0.064195,0.965075,0.05539,-0.07539,0.965075,0.04755
-0.04617,0.850748,-0.132597,-0.066073,0.824835,-0.125353,-0.066707,0.850748,-0.127098
0.04272,0.430598,0.05522,0.052622,0.43288,0.065123,0.02989,0.43288,0.082573
-0.051805,0.965075,0.061157,-0.064195,0.965075,0.05539,-0.05695,0.946688,0.07528
-0.04617,0.850748,-0.132597,-0.045853,0.824835,-0.130768,-0.066073,0.824835,-0.125353
-0.123658,0.628972,-0.084183,-0.123658,0.489075,-0.084183,-0.12733,0.628733,-0.076977
-0.066707,0.850748,-0.127098,-0.08505,0.824835,-0.116512,-0.085975,0.850748,-0.11811
-0.129455,0.684845,-0.072808,-0.123658,0.686567,-0.084183,-0.123658,0.684462,-0.084183
-0.04122,0.946688,0.0795,-0.03861,0.965075,0.064695,-0.051805,0.965075,0.061157
-0.066073,0.824835,-0.125353,-0.08505,0.824835,-0.116512,-0.066707,0.850748,-0.127098
-0.123658,0.701492,-0.084183,-0.140988,0.701492,-0.050182,-0.140988,0.746267,-0.050182
-0.123658,0.701492,-0.084183,-0.140988,0.746267,-0.050182,-0.123658,0.746267,-0.084183
-0.08505,0.824835,-0.116512,-0.102195,0.824835,-0.1045,-0.085975,0.850748,-0.11811
0.03433,0.38185,0.04683,0.047658,0.38185,0.02945,0.02872,0.391553,0.04122
-0.129455,0.628592,-0.072808,-0.12733,0.628733,-0.076977,-0.123658,0.489075,-0.084183
-0.159148,0.686567,-0.0125,-0.154573,0.686567,-0.04722,-0.14695,0.686567,-0.0125
-0.105903,0.925373,0.05539,-0.08505,0.946688,0.05906,-0.09656,0.946688,0.04755
-0.045853,0.824835,-0.130768,-0.044902,0.799703,-0.125353,-0.064195,0.799703,-0.120183
-0.141418,0.628812,-0.04747,-0.140988,0.489075,-0.050182,-0.14199,0.628673,-0.043848
0.047658,0.38185,0.02945,0.040793,0.391553,0.025488,0.02872,0.391553,0.04122
-0.140988,0.628918,-0.050182,-0.140988,0.489075,-0.050182,-0.141418,0.628812,-0.04747
-0.064195,0.799703,-0.120183,-0.066073,0.824835,-0.125353,-0.045853,0.824835,-0.130768
-0.140988,0.686567,-0.050182,-0.142795,0.68474,-0.038755,-0.14695,0.686567,-0.012499999
-0.064195,0.799703,-0.120183,-0.082292,0.799703,-0.111745,-0.066073,0.824835,-0.125353
-0.117,0.946688,0.00372,-0.11278,0.946688,0.01945,-0.102195,0.965075,0.0011100001
-0.11278,0.946688,0.01945,-0.098658,0.965075,0.014305,-0.102195,0.965075,0.0011100005
-0.066073,0.824835,-0.125353,-0.082292,0.799703,-0.111745,-0.08505,0.824835,-0.116512
-0.14199,0.684762,-0.043848,-0.142795,0.68474,-0.038755,-0.140988,0.686567,-0.050182
-0.140988,0.684515,-0.050182,-0.14199,0.684762,-0.043848,-0.140988,0.686567,-0.050182
-0.140988,0.701492,-0.050182,-0.14695,0.701492,-0.012499999,-0.140988,0.746267,-0.050182
-0.082292,0.799703,-0.111745,-0.098658,0.799703,-0.10028,-0.08505,0.824835,-0.116512
-0.14633,0.62879,-0.016423,-0.14199,0.628673,-0.043848,-0.140988,0.489075,-0.050182
-0.14199,0.628673,-0.043848,-0.131038,0.626835,-0.040915,-0.141418,0.628812,-0.04747
-0.064195,0.799703,-0.120183,-0.077805,0.77612,-0.103963,-0.082292,0.799703,-0.111745
-0.082292,0.799703,-0.111745,-0.09289,0.77612,-0.093402,-0.098658,0.799703,-0.10028
-0.08505,0.876657,-0.116512,-0.10339,0.850748,-0.105915,-0.102195,0.876657,-0.1045
-0.085975,0.850748,-0.11811,-0.10339,0.850748,-0.105915,-0.08505,0.876657,-0.116512
-0.117,0.876657,-0.089695,-0.102195,0.876657,-0.1045,-0.118415,0.850748,-0.09089
-0.10339,0.850748,-0.105915,-0.118415,0.850748,-0.09089,-0.102195,0.876657,-0.1045
0.040793,0.391553,0.025488,0.038378,0.402985,0.024098,0.026755,0.402985,0.039255
-0.102195,0.824835,-0.1045,-0.10339,0.850748,-0.105915,-0.085975,0.850748,-0.11811
-0.102195,0.824835,-0.1045,-0.117,0.824835,-0.089695,-0.118415,0.850748,-0.09089
-0.102195,0.824835,-0.1045,-0.118415,0.850748,-0.09089,-0.10339,0.850748,-0.105915
-0.098658,0.799703,-0.10028,-0.102195,0.824835,-0.1045,-0.08505,0.824835,-0.116512
-0.117,0.824835,-0.089695,-0.102195,0.824835,-0.1045,-0.11278,0.799703,-0.086158
-0.098658,0.799703,-0.10028,-0.11278,0.799703,-0.086158,-0.102195,0.824835,-0.1045
-0.14199,0.684762,-0.043848,-0.131038,0.686613,-0.040915,-0.142795,0.68474,-0.038755
0.038378,0.402985,0.024098,0.040793,0.414418,0.025488,0.02872,0.414418,0.04122
0.026755,0.402985,0.039255,0.038378,0.402985,0.024098,0.02872,0.414418,0.04122
0.05605,0.635583,0.00922,0.067513,0.629105,0.012292,0.07078,0.629105,-0.012499999
-0.118415,0.850748,-0.09089,-0.13061,0.850748,-0.073475,-0.117,0.876657,-0.089695
0.040793,0.645283,0.025488,0.05605,0.635583,0.00922,0.048377,0.645283,0.007158
-0.117,0.876657,-0.089695,-0.13061,0.850748,-0.073475,-0.129013,0.876657,-0.07255
0.040793,0.414418,0.025488,0.03433,0.42412,0.04683,0.02872,0.414418,0.04122
0.011598,0.402985,-0.075878,-0.005342001,0.391553,-0.085878,-0.0060600005,0.402985,-0.083195
0.040793,0.414418,0.025488,0.047658,0.42412,0.02945,0.03433,0.42412,0.04683
0.040793,0.645283,0.025488,0.048377,0.645283,0.007158,0.038378,0.656717,0.024098
-0.118415,0.850748,-0.09089,-0.129013,0.824835,-0.07255,-0.13061,0.850748,-0.073475
0.011598,0.402985,-0.075878,0.012988,0.391553,-0.078293,-0.005342001,0.391553,-0.085878
-0.117,0.824835,-0.089695,-0.129013,0.824835,-0.07255,-0.118415,0.850748,-0.09089
-0.129013,0.824835,-0.07255,-0.137853,0.824835,-0.053573,-0.13061,0.850748,-0.073475
-0.025,0.375372,-0.10828,-0.025,0.38185,-0.096403,-0.0032800008,0.38185,-0.09355
0.047658,0.42412,0.02945,0.05794,0.430598,0.03539,0.04272,0.430598,0.05522
-0.025,0.38185,-0.096403,-0.049793,0.375372,-0.105012,-0.04672,0.38185,-0.09355
-0.129013,0.824835,-0.07255,-0.132683,0.799703,-0.051695,-0.137853,0.824835,-0.053573
0.050975,0.645283,-0.0125,0.045695,0.656717,0.0064399997,0.048377,0.645283,0.007157999
-0.025,0.375372,-0.10828,-0.049793,0.375372,-0.105012,-0.025,0.38185,-0.096403
0.045695,0.656717,0.00644,0.050975,0.645283,-0.012499999,0.048182,0.656717,-0.012499999
-0.025,0.38185,-0.096403,-0.025,0.391553,-0.088475,-0.005342001,0.391553,-0.085878
-0.13061,0.850748,-0.073475,-0.137853,0.824835,-0.053573,-0.139598,0.850748,-0.054208
-0.137853,0.824835,-0.053573,-0.143267,0.824835,-0.033353,-0.139598,0.850748,-0.054208
-0.00328,0.38185,-0.09355,-0.025,0.38185,-0.096403,-0.005342,0.391553,-0.085878
-0.025,0.391553,-0.088475,-0.025,0.38185,-0.096403,-0.04672,0.38185,-0.09355
0.04272,0.430598,0.05522,0.03433,0.42412,0.04683,0.047658,0.42412,0.02945
0.047658,0.67785,0.02945,0.048377,0.66815,0.007158,0.05605,0.67785,0.00922
-0.00606,0.402985,-0.083195,-0.005342,0.391553,-0.085878,-0.025,0.391553,-0.088475
-0.11278,0.799703,-0.086158,-0.124245,0.799703,-0.069793,-0.117,0.824835,-0.089695
-0.117,0.824835,-0.089695,-0.124245,0.799703,-0.069793,-0.129013,0.824835,-0.07255
0.048377,0.66815,0.007158,0.048182,0.656717,-0.012499999,0.050975,0.66815,-0.012499999
-0.124245,0.799703,-0.069793,-0.132683,0.799703,-0.051695,-0.129013,0.824835,-0.07255
0.05605,0.67785,0.00922,0.048377,0.66815,0.007158,0.050975,0.66815,-0.012499999
0.05605,0.67785,0.00922,0.067513,0.684328,0.012292,0.05794,0.684328,0.03539
-0.025,0.391553,-0.088475,-0.025,0.402985,-0.085683,-0.0060600005,0.402985,-0.083195
-0.11278,0.799703,-0.086158,-0.105903,0.77612,-0.08039,-0.116463,0.77612,-0.065305
-0.11278,0.799703,-0.086158,-0.116463,0.77612,-0.065305,-0.124245,0.799703,-0.069793
0.067513,0.684328,0.012292,0.05605,0.67785,0.00922,0.058903,0.67785,-0.0125
-0.044657,0.391553,-0.085878,-0.025,0.402985,-0.085683,-0.025,0.391553,-0.088475
-0.00606,0.402985,-0.083195,-0.025,0.402985,-0.085683,-0.005342,0.414418,-0.085878
-0.044902,0.799703,-0.125353,-0.043343,0.77612,-0.116512,-0.061123,0.77612,-0.111745
0.045695,0.402985,-0.03144,0.050975,0.414418,-0.012499999,0.048182,0.402985,-0.012499999
-0.061123,0.77612,-0.111745,-0.064195,0.799703,-0.120183,-0.044902,0.799703,-0.125353
0.09633,0.62879,-0.008578,0.081037,0.626835,0.015915003,0.09199,0.628673,0.018848002
0.045695,0.402985,-0.03144,0.040793,0.391553,-0.050487,0.038378,0.402985,-0.049098
-0.061123,0.77612,-0.111745,-0.077805,0.77612,-0.103963,-0.064195,0.799703,-0.120183
0.045695,0.402985,-0.03144,0.048377,0.414418,-0.032157,0.050975,0.414418,-0.012499999
-0.14199,0.684762,-0.043848,-0.140988,0.684515,-0.050182,-0.131038,0.686613,-0.040915
-0.025,0.402985,-0.085683,-0.025,0.414418,-0.088475,-0.005342001,0.414418,-0.085878
-0.131038,0.626835,-0.040915,-0.120072,0.626835,-0.06739,-0.141418,0.628812,-0.04747
-0.077805,0.77612,-0.103963,-0.09289,0.77612,-0.093402,-0.082292,0.799703,-0.111745
-0.131038,0.626835,-0.040915,-0.117513,0.629105,-0.037293,-0.10794,0.629105,-0.06039
0.038378,0.402985,-0.049098,0.048377,0.414418,-0.032157,0.045695,0.402985,-0.03144
-0.025,0.414418,-0.088475,-0.0032800008,0.42412,-0.09355,-0.005342001,0.414418,-0.085878
-0.10794,0.629105,-0.06039,-0.120072,0.626835,-0.06739,-0.131038,0.626835,-0.040915
-0.04122,0.754805,-0.1045,-0.046135,0.746267,-0.095985,-0.05695,0.754805,-0.10028
-0.061123,0.77612,-0.111745,-0.071708,0.754805,-0.093402,-0.077805,0.77612,-0.103963
-0.05695,0.754805,-0.10028,-0.071708,0.754805,-0.093402,-0.061123,0.77612,-0.111745
-0.117,0.946688,0.00372,-0.124245,0.925373,0.023622,-0.11278,0.946688,0.01945
-0.071708,0.754805,-0.093402,-0.08505,0.754805,-0.08406,-0.077805,0.77612,-0.103963
-0.129013,0.925373,0.005842,-0.124245,0.925373,0.023622,-0.117,0.946688,0.00372
-0.10794,0.629105,-0.06039,-0.117513,0.629105,-0.037293,-0.097658,0.635583,-0.05445
-0.077805,0.77612,-0.103963,-0.08505,0.754805,-0.08406,-0.09289,0.77612,-0.093402
-0.124245,0.925373,0.023622,-0.116463,0.925373,0.040305,-0.11278,0.946688,0.01945
-0.054562,0.746267,-0.093725,-0.05695,0.754805,-0.10028,-0.046135,0.746267,-0.095985
-0.11278,0.946688,0.01945,-0.116463,0.925373,0.040305,-0.105903,0.946688,0.034208
-0.105903,0.946688,0.034208,-0.105903,0.925373,0.05539,-0.09656,0.946688,0.04755
-0.060315,0.746267,-0.091045,-0.06822,0.746267,-0.08736,-0.071708,0.754805,-0.093402
-0.05695,0.754805,-0.10028,-0.060315,0.746267,-0.091045,-0.071708,0.754805,-0.093402
-0.116463,0.925373,0.040305,-0.105903,0.925373,0.05539,-0.105903,0.946688,0.034208
-0.054562,0.746267,-0.093725,-0.060315,0.746267,-0.091045,-0.05695,0.754805,-0.10028
0.048377,0.391553,0.007158,0.038378,0.402985,0.024098,0.040793,0.391553,0.025488
0.038378,0.402985,0.024098,0.045695,0.402985,0.0064400006,0.040793,0.414418,0.025488
0.045695,0.402985,0.00644,0.048377,0.414418,0.007158,0.040793,0.414418,0.025488
-0.09656,0.754805,-0.07255,-0.105903,0.77612,-0.08039,-0.08505,0.754805,-0.08406
-0.06822,0.746267,-0.08736,-0.073418,0.746267,-0.08372,-0.071708,0.754805,-0.093402
-0.13061,0.925373,-0.0125,-0.139598,0.90179,-0.0125,-0.137853,0.90179,0.007402
-0.080565,0.746267,-0.078715,-0.08505,0.754805,-0.08406,-0.073418,0.746267,-0.08372
-0.071708,0.754805,-0.093402,-0.073418,0.746267,-0.08372,-0.08505,0.754805,-0.08406
0.048182,0.402985,-0.0125,0.048377,0.414418,0.007157999,0.045695,0.402985,0.0064399997
-0.080565,0.746267,-0.078715,-0.091215,0.746267,-0.068065,-0.09656,0.754805,-0.07255
-0.080565,0.746267,-0.078715,-0.09656,0.754805,-0.07255,-0.08505,0.754805,-0.08406
0.040793,0.414418,0.025488,0.048377,0.414418,0.007158,0.047658,0.42412,0.02945
-0.091215,0.746267,-0.068065,-0.094858,0.746267,-0.062867,-0.09656,0.754805,-0.07255
-0.105903,0.77612,-0.08039,-0.11278,0.799703,-0.086158,-0.098658,0.799703,-0.10028
-0.09289,0.77612,-0.093402,-0.105903,0.77612,-0.08039,-0.098658,0.799703,-0.10028
0.0564,0.374948,0.07644,0.052622,0.373105,0.065123,0.02989,0.373105,0.082573
0.06017,0.374835,0.07267,0.052622,0.373105,0.065123,0.0564,0.374948,0.07644
0.0564,0.374948,0.07644,0.02989,0.373105,0.082573,0.046683,0.37524,0.086158
-0.105903,0.77612,-0.08039,-0.105903,0.754805,-0.059207,-0.116463,0.77612,-0.065305
-0.129013,0.925373,-0.030843,-0.124245,0.925373,-0.048623,-0.137853,0.90179,-0.032403
-0.129013,0.925373,-0.030843,-0.139598,0.90179,-0.012499999,-0.13061,0.925373,-0.012499999
-0.124245,0.799703,-0.069793,-0.124245,0.77612,-0.048623,-0.132683,0.799703,-0.051695
-0.116463,0.77612,-0.065305,-0.124245,0.77612,-0.048623,-0.124245,0.799703,-0.069793
-0.137853,0.90179,-0.032403,-0.139598,0.90179,-0.012499999,-0.129013,0.925373,-0.030843
-0.143267,0.876657,0.008352,-0.139598,0.90179,-0.012499999,-0.145097,0.876657,-0.012499999
-0.124245,0.77612,-0.048623,-0.129013,0.77612,-0.030843,-0.132683,0.799703,-0.051695
-0.141418,0.628812,-0.04747,-0.120072,0.626835,-0.06739,-0.140988,0.628918,-0.050182
-0.09289,0.77612,-0.093402,-0.08505,0.754805,-0.08406,-0.105903,0.77612,-0.08039
0.04272,0.430598,0.05522,0.05794,0.430598,0.03539,0.052622,0.43288,0.065123
-0.140988,0.628918,-0.050182,-0.120072,0.626835,-0.06739,-0.129455,0.628592,-0.072808
-0.139598,0.90179,-0.0125,-0.143267,0.876657,0.008351999,-0.137853,0.90179,0.007402
-0.129455,0.628592,-0.072808,-0.120072,0.626835,-0.06739,-0.12733,0.628733,-0.076977
-0.09656,0.754805,-0.07255,-0.105903,0.754805,-0.059207,-0.105903,0.77612,-0.08039
0.06017,0.43114,0.07267,0.052622,0.43288,0.065123,0.06394,0.431025,0.0689
-0.105903,0.754805,-0.059207,-0.11278,0.754805,-0.04445,-0.116463,0.77612,-0.065305
-0.129455,0.684845,-0.072808,-0.120072,0.686613,-0.06739,-0.13197,0.684772,-0.067878
0.070073,0.43288,0.04239,0.06394,0.431025,0.0689,0.052622,0.43288,0.065123
-0.13197,0.684772,-0.067878,-0.131038,0.686613,-0.040915,-0.140988,0.684515,-0.050182
-0.132683,0.90179,-0.051695,-0.137853,0.876657,-0.053573,-0.143267,0.876657,-0.033353
0.035308,0.431112,0.091955,0.02989,0.43288,0.082573,0.039478,0.430972,0.08983
-0.105903,0.754805,-0.059207,-0.10254,0.746267,-0.049968,-0.11278,0.754805,-0.04445
-0.143267,0.876657,-0.033353,-0.137853,0.90179,-0.032403,-0.132683,0.90179,-0.051695
-0.116463,0.77612,-0.065305,-0.11278,0.754805,-0.04445,-0.124245,0.77612,-0.048623
0.06017,0.43114,0.07267,0.046683,0.43073,0.086158,0.052622,0.43288,0.065123
-0.137853,0.90179,-0.032403,-0.145097,0.876657,-0.012499999,-0.139598,0.90179,-0.012499999
-0.124245,0.77612,-0.048623,-0.117,0.754805,-0.02872,-0.129013,0.77612,-0.030843
-0.143267,0.876657,-0.033353,-0.145097,0.876657,-0.012499999,-0.137853,0.90179,-0.032403
0.06017,0.374835,0.07267,0.073658,0.37524,0.059183,0.052622,0.373105,0.065123
0.07733,0.375,0.051977,0.052622,0.373105,0.065123,0.073658,0.37524,0.059183
-0.11278,0.754805,-0.04445,-0.117,0.754805,-0.02872,-0.124245,0.77612,-0.048623
-0.12733,0.628733,-0.076977,-0.102623,0.626835,-0.090122,-0.123658,0.628972,-0.084183
0.079455,0.37486,0.047807,0.070073,0.373105,0.04239,0.07733,0.375,0.051977
-0.094858,0.746267,-0.062867,-0.09986,0.746267,-0.05572,-0.105903,0.754805,-0.059207
-0.09656,0.754805,-0.07255,-0.094858,0.746267,-0.062867,-0.105903,0.754805,-0.059207
-0.09986,0.746267,-0.05572,-0.10254,0.746267,-0.049968,-0.105903,0.754805,-0.059207
-0.106225,0.746267,-0.042063,-0.11278,0.754805,-0.04445,-0.10254,0.746267,-0.049968
-0.106225,0.746267,-0.042063,-0.107865,0.746267,-0.035935,-0.11278,0.754805,-0.04445
0.052622,0.373105,0.065123,0.07733,0.375,0.051977,0.070073,0.373105,0.04239
-0.110128,0.746267,-0.027507,-0.117,0.754805,-0.02872,-0.107865,0.746267,-0.035935
-0.11278,0.754805,-0.04445,-0.107865,0.746267,-0.035935,-0.117,0.754805,-0.02872
-0.145097,0.850748,-0.03367,-0.143267,0.876657,-0.033353,-0.137853,0.876657,-0.053573
0.070073,0.373105,0.04239,0.04272,0.375372,0.05522,0.052622,0.373105,0.065123
-0.145097,0.850748,-0.03367,-0.14695,0.850748,-0.012499999,-0.143267,0.876657,-0.033353
0.06278,0.946688,0.01945,0.048658,0.965075,0.014305,0.04289,0.965075,0.026695
-0.14695,0.850748,-0.0125,-0.145097,0.876657,-0.0125,-0.143267,0.876657,-0.033353
-0.129013,0.925373,0.005842,-0.132683,0.90179,0.026695,-0.124245,0.925373,0.023622
-0.137853,0.90179,0.007402,-0.132683,0.90179,0.026694998,-0.129013,0.925373,0.005842
0.032293,0.98,0.008352,0.048658,0.965075,0.014305,0.052195,0.965075,0.0011100001
0.081037,0.626835,0.015915,0.09633,0.62879,-0.008578001,0.08478,0.626835,-0.012500001
0.048658,0.965075,0.014305,0.067,0.946688,0.0037199995,0.052195,0.965075,0.0011099996
-0.12733,0.684705,0.051977,-0.120072,0.686613,0.04239,-0.102623,0.686613,0.065123
-0.124245,0.925373,0.023622,-0.124245,0.90179,0.044792,-0.116463,0.925373,0.040305
0.048658,0.965075,0.014305,0.06278,0.946688,0.01945,0.067,0.946688,0.0037199995
-0.132683,0.90179,0.026695,-0.124245,0.90179,0.044792,-0.124245,0.925373,0.023622
0.05339,0.965075,-0.0125,0.035975,0.98,-0.0125,0.03505,0.98,-0.0019150004
-0.11017,0.68487,0.07267,-0.123658,0.684462,0.059183,-0.102623,0.686613,0.065123
-0.12733,0.684705,0.051977,-0.102623,0.686613,0.065123,-0.123658,0.684462,0.059183
-0.124245,0.90179,0.044792,-0.11278,0.90179,0.061157,-0.116463,0.925373,0.040305
0.067513,0.684328,0.012292,0.081037,0.686613,0.015915,0.070073,0.686613,0.04239
-0.025,0.414418,-0.088475,-0.025,0.42412,-0.096403,-0.0032800008,0.42412,-0.09355
0.07078,0.684328,-0.0125,0.081037,0.686613,0.015915003,0.067513,0.684328,0.012292
-0.04672,0.42412,-0.09355,-0.025,0.42412,-0.096403,-0.044657,0.414418,-0.085878
0.05339,0.965075,-0.0125,0.03505,0.98,-0.0019150004,0.052195,0.965075,0.0011099996
0.07078,0.684328,-0.0125,0.08478,0.686613,-0.0125,0.081037,0.686613,0.015915003
-0.044657,0.414418,-0.085878,-0.025,0.42412,-0.096403,-0.025,0.414418,-0.088475
-0.14199,0.628673,0.018848,-0.140988,0.628918,0.025183,-0.131038,0.626835,0.015915
-0.140988,0.628918,0.025183,-0.13197,0.628663,0.042878,-0.131038,0.626835,0.015915
0.092795,0.68474,0.013755,0.08478,0.686613,-0.0125,0.09695,0.684627,-0.0125
0.09199,0.684762,0.018848,0.081037,0.686613,0.015915,0.092795,0.68474,0.013755
-0.025,0.430598,-0.10828,-0.025,0.42412,-0.096403,-0.04672,0.42412,-0.09355
0.068415,0.946688,-0.0125,0.05339,0.965075,-0.0125,0.052195,0.965075,0.0011099996
0.058903,0.635583,-0.0125,0.067513,0.629105,-0.037293,0.05605,0.635583,-0.03422
0.05794,0.629105,-0.06039,0.05605,0.635583,-0.03422,0.067513,0.629105,-0.037293
-0.141418,0.684622,0.02247,-0.120072,0.686613,0.04239,-0.140988,0.684515,0.025183
0.067513,0.629105,-0.037293,0.058903,0.635583,-0.012499999,0.07078,0.629105,-0.012499999
-0.141418,0.684622,0.02247,-0.131038,0.686613,0.015915,-0.120072,0.686613,0.04239
-0.049793,0.430598,-0.105012,-0.025,0.430598,-0.10828,-0.04672,0.42412,-0.09355
0.052195,0.965075,-0.02611,0.06278,0.946688,-0.04445,0.048658,0.965075,-0.039305
-0.14199,0.684762,0.018848,-0.131038,0.686613,0.015915,-0.141418,0.684622,0.02247
-0.14633,0.684642,-0.008578,-0.131038,0.686613,0.015915003,-0.14199,0.684762,0.018848002
-0.056348,0.374943,-0.12949,-0.053415,0.373105,-0.118538,-0.051255,0.374965,-0.130295
-0.131038,0.626835,0.015915,-0.13197,0.628663,0.042878,-0.120072,0.626835,0.04239
0.052195,0.965075,0.00111,0.067,0.946688,0.00372,0.068415,0.946688,-0.0125
0.058903,0.635583,-0.0125,0.05605,0.635583,0.009219999,0.07078,0.629105,-0.0125
0.067,0.946688,0.00372,0.079013,0.925373,0.005842,0.08061,0.925373,-0.012499999
0.050975,0.645283,-0.0125,0.058903,0.635583,-0.0125,0.05605,0.635583,-0.03422
0.067,0.946688,0.00372,0.08061,0.925373,-0.012499999,0.068415,0.946688,-0.012499999
-0.025,0.373105,-0.12228,-0.025,0.375078,-0.13445,-0.051255,0.374965,-0.130295
0.067,0.946688,-0.02872,0.052195,0.965075,-0.02611,0.05339,0.965075,-0.012500001
-0.117513,0.629105,0.012292,-0.131038,0.626835,0.015915,-0.120072,0.626835,0.04239
0.05339,0.965075,-0.0125,0.068415,0.946688,-0.0125,0.067,0.946688,-0.028719999
0.050975,0.645283,-0.0125,0.05605,0.635583,-0.03422,0.048377,0.645283,-0.032157
0.052195,0.965075,-0.02611,0.067,0.946688,-0.02872,0.06278,0.946688,-0.04445
-0.120072,0.626835,0.04239,-0.10794,0.629105,0.03539,-0.117513,0.629105,0.012292001
0.05605,0.635583,-0.03422,0.05794,0.629105,-0.06039,0.047658,0.635583,-0.05445
0.06278,0.946688,0.01945,0.074245,0.925373,0.023622,0.079013,0.925373,0.0058420002
-0.116463,0.925373,0.040305,-0.11278,0.90179,0.061157,-0.105903,0.925373,0.05539
0.087853,0.90179,0.007402,0.079013,0.925373,0.005842,0.074245,0.925373,0.023621999
0.067,0.946688,0.00372,0.06278,0.946688,0.01945,0.079013,0.925373,0.005842
-0.137853,0.90179,0.007402,-0.137853,0.876657,0.028572,-0.132683,0.90179,0.026694998
-0.143267,0.876657,0.008352,-0.137853,0.876657,0.028572,-0.137853,0.90179,0.007402
0.048377,0.645283,0.007158,0.058903,0.635583,-0.012499999,0.050975,0.645283,-0.012499999
-0.124245,0.90179,0.044792,-0.132683,0.90179,0.026695,-0.129013,0.876657,0.04755
0.048377,0.645283,0.007158,0.05605,0.635583,0.00922,0.058903,0.635583,-0.012499999
-0.137853,0.876657,0.028572,-0.129013,0.876657,0.04755,-0.132683,0.90179,0.026695
0.048182,0.656717,-0.0125,0.048377,0.645283,-0.032157,0.045695,0.656717,-0.03144
0.040793,0.645283,-0.050487,0.045695,0.656717,-0.03144,0.048377,0.645283,-0.032157
-0.143267,0.876657,0.008352,-0.139598,0.850748,0.029207,-0.137853,0.876657,0.028572
0.048377,0.645283,-0.032157,0.048182,0.656717,-0.012499999,0.050975,0.645283,-0.012499999
-0.129013,0.876657,0.04755,-0.13061,0.850748,0.048475,-0.118415,0.850748,0.06589
0.048377,0.645283,-0.032157,0.05605,0.635583,-0.03422,0.047658,0.635583,-0.05445
-0.064195,0.965075,0.05539,-0.071708,0.946688,0.068402,-0.05695,0.946688,0.07528
-0.08505,0.946688,0.05906,-0.105903,0.925373,0.05539,-0.09289,0.925373,0.068402
-0.09289,0.925373,0.068402,-0.077805,0.925373,0.078962,-0.08505,0.946688,0.05906
-0.071708,0.946688,0.068402,-0.08505,0.946688,0.05906,-0.077805,0.925373,0.078962
0.045695,0.656717,-0.03144,0.050975,0.66815,-0.012499999,0.048182,0.656717,-0.012499999
-0.071708,0.946688,0.068402,-0.061123,0.925373,0.086745,-0.05695,0.946688,0.07528
-0.071708,0.946688,0.068402,-0.077805,0.925373,0.078962,-0.061123,0.925373,0.086745
0.050975,0.66815,-0.0125,0.045695,0.656717,-0.03144,0.048377,0.66815,-0.032157
-0.05695,0.946688,0.07528,-0.061123,0.925373,0.086745,-0.043343,0.925373,0.091513
-0.043343,0.925373,0.091513,-0.04122,0.946688,0.0795,-0.05695,0.946688,0.07528
-0.09289,0.925373,0.068402,-0.082292,0.90179,0.086745,-0.077805,0.925373,0.078962
0.048377,0.66815,-0.032157,0.05605,0.67785,-0.03422,0.058903,0.67785,-0.012499999
-0.131038,0.686613,0.015915,-0.10794,0.684328,0.03539,-0.120072,0.686613,0.04239
-0.09272,0.684328,0.05522,-0.10794,0.684328,0.03539,-0.08433,0.67785,0.04683
-0.044902,0.90179,0.100353,-0.043343,0.925373,0.091513,-0.061123,0.925373,0.086745
-0.09272,0.684328,0.05522,-0.120072,0.686613,0.04239,-0.10794,0.684328,0.03539
-0.105903,0.925373,0.05539,-0.11278,0.90179,0.061157,-0.09289,0.925373,0.068402
-0.098658,0.90179,0.07528,-0.09289,0.925373,0.068402,-0.11278,0.90179,0.061157
0.058903,0.67785,-0.0125,0.050975,0.66815,-0.0125,0.048377,0.66815,-0.032157
-0.082292,0.90179,0.086745,-0.09289,0.925373,0.068402,-0.098658,0.90179,0.07528
-0.077805,0.925373,0.078962,-0.082292,0.90179,0.086745,-0.064195,0.90179,0.095183
-0.082292,0.90179,0.086745,-0.08505,0.876657,0.091513,-0.066073,0.876657,0.100353
-0.082292,0.90179,0.086745,-0.066073,0.876657,0.100353,-0.064195,0.90179,0.095183
-0.064195,0.90179,0.095183,-0.061123,0.925373,0.086745,-0.077805,0.925373,0.078962
-0.064195,0.90179,0.095183,-0.044902,0.90179,0.100353,-0.061123,0.925373,0.086745
-0.129013,0.876657,0.04755,-0.117,0.876657,0.064695,-0.124245,0.90179,0.044792
0.048377,0.66815,-0.032157,0.040793,0.66815,-0.050487,0.05605,0.67785,-0.03422
-0.124245,0.90179,0.044792,-0.117,0.876657,0.064695,-0.11278,0.90179,0.061157
-0.098658,0.90179,0.07528,-0.11278,0.90179,0.061157,-0.102195,0.876657,0.0795
-0.117,0.876657,0.064695,-0.102195,0.876657,0.0795,-0.11278,0.90179,0.061157
-0.098658,0.90179,0.07528,-0.08505,0.876657,0.091513,-0.082292,0.90179,0.086745
-0.102623,0.626835,0.065123,-0.07989,0.626835,0.082573,-0.09272,0.629105,0.05522
-0.098658,0.90179,0.07528,-0.102195,0.876657,0.0795,-0.08505,0.876657,0.091513
-0.09272,0.629105,0.05522,-0.08433,0.635583,0.04683,-0.097658,0.635583,0.02945
0.05605,0.67785,0.00922,0.050975,0.66815,-0.012499999,0.058903,0.67785,-0.012499999
-0.064195,0.90179,0.095183,-0.066073,0.876657,0.100353,-0.045853,0.876657,0.105768
0.07078,0.684328,-0.0125,0.058903,0.67785,-0.0125,0.05605,0.67785,-0.03422
-0.045853,0.876657,0.105768,-0.066073,0.876657,0.100353,-0.04617,0.850748,0.107597
-0.10794,0.629105,0.03539,-0.09272,0.629105,0.05522,-0.097658,0.635583,0.02945
-0.129013,0.876657,0.04755,-0.118415,0.850748,0.06589,-0.117,0.876657,0.064695
0.07078,0.684328,-0.0125,0.05605,0.67785,-0.03422,0.067513,0.684328,-0.037293
-0.07289,0.629105,0.07044,-0.09272,0.629105,0.05522,-0.07989,0.626835,0.082573
-0.025,0.375078,-0.13445,-0.025,0.373105,-0.12228,-0.021078,0.37506,-0.13383
-0.08433,0.635583,0.04683,-0.09272,0.629105,0.05522,-0.07289,0.629105,0.07044
0.058903,0.67785,-0.0125,0.07078,0.684328,-0.0125,0.067513,0.684328,0.012292
-0.053415,0.373105,-0.118538,-0.025,0.375372,-0.10828,-0.025,0.373105,-0.12228
-0.10794,0.684328,-0.06039,-0.117513,0.684328,-0.037293,-0.120072,0.686613,-0.06739
-0.120072,0.686613,-0.06739,-0.117513,0.684328,-0.037293,-0.131038,0.686613,-0.040915
-0.025,0.373105,-0.12228,-0.051255,0.374965,-0.130295,-0.053415,0.373105,-0.118538
-0.06695,0.635583,0.060158,-0.07872,0.645283,0.04122,-0.08433,0.635583,0.04683
-0.10794,0.684328,-0.06039,-0.10605,0.67785,-0.03422,-0.117513,0.684328,-0.037293
-0.025,0.375372,-0.10828,-0.053415,0.373105,-0.118538,-0.049793,0.375372,-0.105012
-0.07989,0.373105,-0.107572,-0.049793,0.375372,-0.105012,-0.053415,0.373105,-0.118538
0.09695,0.628807,-0.0125,0.08478,0.626835,-0.0125,0.09633,0.62879,-0.008578
-0.131038,0.686613,-0.040915,-0.13197,0.684772,-0.067878,-0.120072,0.686613,-0.06739
0.08478,0.626835,-0.0125,0.092795,0.628695,-0.038755,0.081037,0.626835,-0.040915
-0.025,0.43288,-0.12228,0.0034149997,0.43288,-0.118538,-0.025,0.430598,-0.10828
-0.049793,0.430598,-0.105012,-0.053415,0.43288,-0.118538,-0.025,0.43288,-0.12228
0.08478,0.626835,-0.0125,0.09695,0.628807,-0.0125,0.092795,0.628695,-0.038755
-0.049793,0.430598,-0.105012,-0.07289,0.430598,-0.09544,-0.053415,0.43288,-0.118538
-0.049793,0.430598,-0.105012,-0.025,0.43288,-0.12228,-0.025,0.430598,-0.10828
-0.129455,0.684845,-0.072808,-0.123658,0.684462,-0.084183,-0.120072,0.686613,-0.06739
0.07078,0.629105,-0.0125,0.08478,0.626835,-0.0125,0.081037,0.626835,-0.040915
-0.025,0.430895,-0.13445,-0.025,0.43288,-0.12228,-0.028923,0.430912,-0.13383
-0.117513,0.629105,-0.037293,-0.10605,0.635583,-0.03422,-0.097658,0.635583,-0.05445
0.07078,0.629105,-0.0125,0.081037,0.626835,-0.040915,0.067513,0.629105,-0.037293
0.07078,0.629105,-0.0125,0.067513,0.629105,0.012292,0.08478,0.626835,-0.0125
0.067513,0.629105,0.012292,0.081037,0.626835,0.015915,0.08478,0.626835,-0.0125
-0.097658,0.635583,-0.05445,-0.10605,0.635583,-0.03422,-0.090792,0.645283,-0.050487
0.001255,0.43101,-0.130295,0.003415,0.43288,-0.118538,-0.025,0.43288,-0.12228
0.08478,0.686613,-0.0125,0.067513,0.684328,-0.037293,0.081037,0.686613,-0.040915
0.067513,0.684328,-0.037293,0.08478,0.686613,-0.012499999,0.07078,0.684328,-0.012499999
-0.08433,0.67785,0.04683,-0.07872,0.66815,0.04122,-0.062987,0.66815,0.053293
0.081037,0.686613,-0.040915,0.09633,0.684642,-0.016423,0.08478,0.686613,-0.012499999
0.09695,0.684627,-0.0125,0.08478,0.686613,-0.0125,0.09633,0.684642,-0.016423
-2.07E-4,0.375372,-0.105012,-0.025,0.373105,-0.12228,-0.025,0.375372,-0.10828
0.092795,0.374965,-0.038755,0.090987,0.328358,-0.050182,0.09199,0.374943,-0.043848
-0.088377,0.656717,-0.049098,-0.090792,0.645283,-0.050487,-0.098378,0.645283,-0.032157
0.01695,0.38185,-0.085158,-2.0699948E-4,0.375372,-0.105012,-0.0032800008,0.38185,-0.09355
-0.09272,0.684328,0.05522,-0.102623,0.686613,0.065123,-0.120072,0.686613,0.04239
0.04272,0.375372,0.05522,0.070073,0.373105,0.04239,0.05794,0.375372,0.03539
-0.09272,0.684328,0.05522,-0.07289,0.684328,0.07044,-0.102623,0.686613,0.065123
0.01695,0.38185,-0.085158,0.02289,0.375372,-0.09544,-2.0699948E-4,0.375372,-0.105012
0.05794,0.375372,0.03539,0.070073,0.373105,0.04239,0.081037,0.373105,0.015915
-0.00328,0.38185,-0.09355,-2.0699995E-4,0.375372,-0.105012,-0.025,0.375372,-0.10828
-0.08433,0.635583,0.04683,-0.07289,0.629105,0.07044,-0.06695,0.635583,0.060158
-0.090792,0.66815,-0.050487,-0.088377,0.656717,-0.049098,-0.095695,0.656717,-0.03144
0.012988,0.391553,-0.078293,0.01695,0.38185,-0.085158,-0.0032799998,0.38185,-0.09355
-0.07872,0.645283,0.04122,-0.06695,0.635583,0.060158,-0.062987,0.645283,0.053293
-0.00328,0.38185,-0.09355,-0.005342,0.391553,-0.085878,0.012988,0.391553,-0.078293
-0.049793,0.629105,0.080013,-0.04672,0.635583,0.06855,-0.06695,0.635583,0.060158
-0.098378,0.66815,-0.032157,-0.090792,0.66815,-0.050487,-0.095695,0.656717,-0.03144
-0.06695,0.635583,0.060158,-0.04672,0.635583,0.06855,-0.062987,0.645283,0.053293
0.04272,0.430598,-0.08022,0.01695,0.42412,-0.085158,0.02289,0.430598,-0.09544
-0.097658,0.67785,-0.05445,-0.090792,0.66815,-0.050487,-0.098378,0.66815,-0.032157
0.01695,0.42412,-0.085158,-0.005341999,0.414418,-0.085878,-0.0032800008,0.42412,-0.09355
-0.10794,0.684328,-0.06039,-0.09272,0.684328,-0.08022,-0.097658,0.67785,-0.05445
0.01695,0.42412,-0.085158,-0.0032800008,0.42412,-0.09355,0.02289,0.430598,-0.09544
-0.076755,0.656717,0.039255,-0.07872,0.645283,0.04122,-0.062987,0.645283,0.053293
-0.062987,0.645283,0.053293,-0.061598,0.656717,0.050878,-0.076755,0.656717,0.039255
-2.07E-4,0.430598,-0.105012,-0.00328,0.42412,-0.09355,-0.025,0.42412,-0.096403
0.02289,0.430598,-0.09544,-2.0699948E-4,0.430598,-0.105012,0.02989,0.43288,-0.107572
-0.10605,0.67785,-0.03422,-0.10794,0.684328,-0.06039,-0.097658,0.67785,-0.05445
-0.044657,0.645283,0.060878,-0.062987,0.645283,0.053293,-0.04672,0.635583,0.06855
-0.00328,0.42412,-0.09355,-2.0699995E-4,0.430598,-0.105012,0.02289,0.430598,-0.09544
-0.04394,0.656717,0.058195,-0.061598,0.656717,0.050878,-0.044657,0.645283,0.060878
-0.062987,0.645283,0.053293,-0.044657,0.645283,0.060878,-0.061598,0.656717,0.050878
0.073658,0.43073,0.059183,0.06394,0.431025,0.0689,0.070073,0.43288,0.04239
0.073658,0.43073,0.059183,0.070073,0.43288,0.04239,0.079455,0.431112,0.047807
-0.08433,0.635583,-0.07183,-0.06695,0.635583,-0.085158,-0.09272,0.629105,-0.08022
-0.07872,0.66815,0.04122,-0.061598,0.656717,0.050878,-0.062987,0.66815,0.053293
-0.09272,0.629105,-0.08022,-0.120072,0.626835,-0.06739,-0.10794,0.629105,-0.06039
-0.025,0.430598,-0.10828,-2.0699948E-4,0.430598,-0.105012,-0.025,0.42412,-0.096403
-2.07E-4,0.430598,-0.105012,-0.025,0.430598,-0.10828,0.003415,0.43288,-0.118538
0.079455,0.37486,0.047807,0.090987,0.375187,0.025183,0.070073,0.373105,0.04239
-0.09272,0.629105,-0.08022,-0.10794,0.629105,-0.06039,-0.08433,0.635583,-0.07183
-0.10794,0.629105,-0.06039,-0.097658,0.635583,-0.05445,-0.08433,0.635583,-0.07183
-0.062987,0.66815,0.053293,-0.061598,0.656717,0.050878,-0.04394,0.656717,0.058195
0.052622,0.373105,-0.090122,0.039478,0.375,-0.11483,0.02989,0.373105,-0.107572
0.091417,0.375082,0.02247,0.081037,0.373105,0.015915,0.070073,0.373105,0.04239
0.04272,0.375372,-0.08022,0.052622,0.373105,-0.090122,0.02989,0.373105,-0.107572
-0.06695,0.67785,0.060158,-0.08433,0.67785,0.04683,-0.062987,0.66815,0.053293
-0.044657,0.66815,0.060878,-0.062987,0.66815,0.053293,-0.04394,0.656717,0.058195
0.02289,0.375372,-0.09544,0.04272,0.375372,-0.08022,0.02989,0.373105,-0.107572
-0.062987,0.66815,0.053293,-0.044657,0.66815,0.060878,-0.06695,0.67785,0.060158
-0.06695,0.67785,0.060158,-0.07289,0.684328,0.07044,-0.09272,0.684328,0.05522
0.003415,0.373105,-0.118538,0.02289,0.375372,-0.09544,0.02989,0.373105,-0.107572
0.04272,0.375372,0.05522,0.05794,0.375372,0.03539,0.03433,0.38185,0.04683
0.03433,0.38185,-0.07183,0.04272,0.375372,-0.08022,0.02289,0.375372,-0.09544
0.03433,0.38185,0.04683,0.05794,0.375372,0.03539,0.047658,0.38185,0.02945
-0.08433,0.67785,0.04683,-0.06695,0.67785,0.060158,-0.09272,0.684328,0.05522
0.02289,0.375372,-0.09544,0.01695,0.38185,-0.085158,0.03433,0.38185,-0.07183
-0.090792,0.645283,-0.050487,-0.07872,0.645283,-0.06622,-0.097658,0.635583,-0.05445
-0.044657,0.66815,0.060878,-0.04672,0.67785,0.06855,-0.06695,0.67785,0.060158
-0.07872,0.645283,-0.06622,-0.08433,0.635583,-0.07183,-0.097658,0.635583,-0.05445
0.047658,0.38185,0.02945,0.067513,0.375372,0.012292001,0.05605,0.38185,0.00922
-0.076755,0.656717,-0.064255,-0.07872,0.645283,-0.06622,-0.090792,0.645283,-0.050487
0.047658,0.38185,0.02945,0.05794,0.375372,0.03539,0.067513,0.375372,0.012292001
-0.090792,0.645283,-0.050487,-0.088377,0.656717,-0.049098,-0.076755,0.656717,-0.064255
0.040793,0.391553,0.025488,0.047658,0.38185,0.02945,0.05605,0.38185,0.00922
-0.090792,0.66815,-0.050487,-0.07872,0.66815,-0.06622,-0.088377,0.656717,-0.049098
0.052622,0.43288,-0.090122,0.04272,0.430598,-0.08022,0.02289,0.430598,-0.09544
0.048377,0.391553,0.007158,0.040793,0.391553,0.025488,0.05605,0.38185,0.00922
-0.088377,0.656717,-0.049098,-0.07872,0.66815,-0.06622,-0.076755,0.656717,-0.064255
-0.07872,0.66815,-0.06622,-0.08433,0.67785,-0.07183,-0.06695,0.67785,-0.085158
-0.08433,0.67785,-0.07183,-0.07872,0.66815,-0.06622,-0.090792,0.66815,-0.050487
-0.095695,0.656717,0.00644,-0.090792,0.645283,0.025488,-0.088377,0.656717,0.024098
-0.097658,0.635583,0.02945,-0.08433,0.635583,0.04683,-0.090792,0.645283,0.025488
0.05794,0.430598,0.03539,0.070073,0.43288,0.04239,0.052622,0.43288,0.065123
-0.07872,0.645283,0.04122,-0.090792,0.645283,0.025488,-0.08433,0.635583,0.04683
-0.07872,0.645283,0.04122,-0.076755,0.656717,0.039255,-0.088377,0.656717,0.024098
-0.090792,0.645283,0.025488,-0.07872,0.645283,0.04122,-0.088377,0.656717,0.024098
-0.021078,0.37506,-0.13383,0.0034149997,0.373105,-0.118538,0.0063470006,0.374943,-0.12949
0.067513,0.430598,0.012292,0.070073,0.43288,0.04239,0.05794,0.430598,0.03539
0.003415,0.373105,-0.118538,-0.021078,0.37506,-0.13383,-0.025,0.373105,-0.12228
-0.098378,0.66815,0.007158,-0.088377,0.656717,0.024098,-0.090792,0.66815,0.025488
-0.08433,0.67785,-0.07183,-0.090792,0.66815,-0.050487,-0.097658,0.67785,-0.05445
-0.102195,0.876657,0.0795,-0.117,0.876657,0.064695,-0.10339,0.850748,0.080915
-0.076755,0.656717,0.039255,-0.090792,0.66815,0.025488,-0.088377,0.656717,0.024098
0.079455,0.431112,0.047807,0.070073,0.43288,0.04239,0.08197,0.431042,0.042878
-0.08433,0.67785,-0.07183,-0.097658,0.67785,-0.05445,-0.09272,0.684328,-0.08022
-0.117,0.876657,0.064695,-0.118415,0.850748,0.06589,-0.10339,0.850748,0.080915
-0.095695,0.656717,0.00644,-0.088377,0.656717,0.024098,-0.098378,0.66815,0.007158
0.081037,0.43288,0.015915,0.08197,0.431042,0.042878,0.070073,0.43288,0.04239
-0.085975,0.850748,0.09311,-0.08505,0.876657,0.091513,-0.102195,0.876657,0.0795
-0.066073,0.876657,0.100353,-0.08505,0.876657,0.091513,-0.066707,0.850748,0.102098
-0.08505,0.876657,0.091513,-0.085975,0.850748,0.09311,-0.066707,0.850748,0.102098
0.09199,0.374943,0.018848,0.081037,0.373105,0.015915,0.091417,0.375082,0.02247
0.091417,0.375082,0.02247,0.070073,0.373105,0.04239,0.090987,0.375187,0.025183
-0.04617,0.850748,0.107597,-0.066073,0.876657,0.100353,-0.066707,0.850748,0.102098
-0.090792,0.66815,0.025488,-0.076755,0.656717,0.039255,-0.07872,0.66815,0.04122
0.055902,0.77612,0.05539,0.06278,0.799703,0.061158,0.04289,0.77612,0.068402
-0.061598,0.656717,0.050878,-0.07872,0.66815,0.04122,-0.076755,0.656717,0.039255
-0.062987,0.645283,-0.078293,-0.044657,0.645283,-0.085878,-0.06695,0.635583,-0.085158
0.03505,0.754805,0.05906,0.04656,0.754805,0.04755,0.04289,0.77612,0.068402
-0.10605,0.67785,0.00922,-0.090792,0.66815,0.025488,-0.097658,0.67785,0.02945
-0.097658,0.67785,0.02945,-0.07872,0.66815,0.04122,-0.08433,0.67785,0.04683
-0.062987,0.645283,-0.078293,-0.06695,0.635583,-0.085158,-0.08433,0.635583,-0.07183
-0.090792,0.66815,0.025488,-0.07872,0.66815,0.04122,-0.097658,0.67785,0.02945
0.023418,0.746267,0.05872,0.030565,0.746267,0.053715,0.03505,0.754805,0.05906
-0.097658,0.67785,0.02945,-0.10794,0.684328,0.03539,-0.117513,0.684328,0.012292001
0.030565,0.746267,0.053715,0.041215,0.746267,0.043065,0.04656,0.754805,0.04755
0.030565,0.746267,0.053715,0.04656,0.754805,0.04755,0.03505,0.754805,0.05906
0.044857,0.746267,0.037868,0.055902,0.754805,0.034208,0.04656,0.754805,0.04755
0.04656,0.754805,0.04755,0.041215,0.746267,0.043065,0.044857,0.746267,0.037868
-0.062987,0.645283,-0.078293,-0.08433,0.635583,-0.07183,-0.07872,0.645283,-0.06622
-0.076755,0.656717,-0.064255,-0.061598,0.656717,-0.075878,-0.07872,0.645283,-0.06622
-0.10605,0.67785,0.00922,-0.097658,0.67785,0.02945,-0.117513,0.684328,0.012292
-0.062987,0.645283,-0.078293,-0.07872,0.645283,-0.06622,-0.061598,0.656717,-0.075878
0.090987,0.430785,0.025183,0.08197,0.431042,0.042878,0.081037,0.43288,0.015915
0.090987,0.430785,0.025183,0.081037,0.43288,0.015915,0.09199,0.43103,0.018848
-0.004148,0.876657,0.105768,0.016708001,0.850748,0.102098,0.016073,0.876657,0.100353
-0.10794,0.684328,0.03539,-0.097658,0.67785,0.02945,-0.08433,0.67785,0.04683
0.035975,0.850748,0.09311,0.016073,0.876657,0.100353,0.016708,0.850748,0.102098
-0.14199,0.628673,0.018848,-0.131038,0.626835,0.015915,-0.142795,0.628695,0.013755
-0.076755,0.656717,-0.064255,-0.062987,0.66815,-0.078293,-0.061598,0.656717,-0.075878
-0.117513,0.684328,0.012292,-0.131038,0.686613,0.015915,-0.13478,0.686613,-0.0125
0.016708,0.850748,0.102098,0.03505,0.824835,0.091513,0.035975,0.850748,0.09311
-0.07872,0.66815,-0.06622,-0.062987,0.66815,-0.078293,-0.076755,0.656717,-0.064255
0.016708,0.850748,0.102098,0.016073,0.824835,0.100353,0.03505,0.824835,0.091513
-0.13478,0.686613,-0.0125,-0.131038,0.686613,0.015915003,-0.14633,0.684642,-0.008578
0.035975,0.850748,0.09311,0.03505,0.824835,0.091513,0.052195,0.824835,0.0795
-0.062987,0.66815,-0.078293,-0.06695,0.67785,-0.085158,-0.04672,0.67785,-0.09355
0.052195,0.824835,0.0795,0.03505,0.824835,0.091513,0.048658,0.799703,0.07528
-0.062987,0.66815,-0.078293,-0.07872,0.66815,-0.06622,-0.06695,0.67785,-0.085158
0.035975,0.850748,0.09311,0.052195,0.824835,0.0795,0.05339,0.850748,0.080915
0.048377,0.391553,0.007158,0.045695,0.402985,0.00644,0.038378,0.402985,0.024098
-0.004148,0.824835,0.105768,0.014195,0.799703,0.095183,0.016073,0.824835,0.100353
0.016073,0.824835,0.100353,0.014195,0.799703,0.095183,0.032293,0.799703,0.086745
-0.102623,0.626835,-0.090122,-0.11017,0.628565,-0.09767,-0.123658,0.628972,-0.084183
-0.12733,0.628733,-0.076977,-0.120072,0.626835,-0.06739,-0.102623,0.626835,-0.090122
0.032293,0.799703,0.086745,0.03505,0.824835,0.091513,0.016073,0.824835,0.100353
-0.07989,0.626835,-0.107572,-0.1064,0.628678,-0.10144,-0.102623,0.626835,-0.090122
-0.11017,0.628565,-0.09767,-0.102623,0.626835,-0.090122,-0.1064,0.628678,-0.10144
0.032293,0.799703,0.086745,0.048658,0.799703,0.07528,0.03505,0.824835,0.091513
0.045695,0.402985,0.00644,0.048377,0.391553,0.007158,0.050975,0.391553,-0.012499999
-0.117513,0.629105,0.012292,-0.10794,0.629105,0.03539,-0.10605,0.635583,0.00922
0.014195,0.799703,0.095183,0.011123,0.77612,0.086745,0.027805,0.77612,0.078962
0.045695,0.402985,0.00644,0.050975,0.391553,-0.012499999,0.048182,0.402985,-0.012499999
0.014195,0.799703,0.095183,0.027805,0.77612,0.078962,0.032293,0.799703,0.086745
-0.09272,0.629105,-0.08022,-0.102623,0.626835,-0.090122,-0.120072,0.626835,-0.06739
0.048658,0.799703,0.07528,0.032293,0.799703,0.086745,0.04289,0.77612,0.068402
-0.10605,0.635583,0.00922,-0.098378,0.645283,0.007158,-0.100975,0.645283,-0.012499999
0.05605,0.42412,0.00922,0.047658,0.42412,0.02945,0.048377,0.414418,0.007158
-0.102623,0.686613,-0.090122,-0.10794,0.684328,-0.06039,-0.120072,0.686613,-0.06739
-0.10605,0.635583,0.00922,-0.10794,0.629105,0.03539,-0.097658,0.635583,0.02945
-0.098378,0.645283,0.007158,-0.10605,0.635583,0.00922,-0.097658,0.635583,0.02945
-0.11394,0.684758,-0.0939,-0.120072,0.686613,-0.06739,-0.123658,0.684462,-0.084183
-0.102623,0.686613,-0.090122,-0.120072,0.686613,-0.06739,-0.11394,0.684758,-0.0939
-0.108903,0.67785,-0.0125,-0.098378,0.66815,0.007157999,-0.10605,0.67785,0.009219999
-0.090792,0.66815,0.025488,-0.10605,0.67785,0.00922,-0.098378,0.66815,0.007158
-0.11017,0.68487,-0.09767,-0.102623,0.686613,-0.090122,-0.11394,0.684758,-0.0939
0.047658,0.42412,0.02945,0.05605,0.42412,0.00922,0.05794,0.430598,0.03539
-0.04617,0.850748,0.107597,-0.025,0.824835,0.107597,-0.025,0.850748,0.10945
-0.11017,0.68487,-0.09767,-0.096683,0.684462,-0.111157,-0.102623,0.686613,-0.090122
0.05605,0.42412,0.00922,0.067513,0.430598,0.012292,0.05794,0.430598,0.03539
-0.085308,0.628592,-0.116955,-0.096683,0.628972,-0.111157,-0.07989,0.626835,-0.107572
-0.00383,0.850748,0.107597,-0.025,0.876657,0.107597,-0.025,0.850748,0.10945
-0.004148,0.876657,0.105768,-0.00383,0.850748,0.107597,0.016708001,0.850748,0.102098
-0.066707,0.850748,0.102098,-0.066073,0.824835,0.100353,-0.045853,0.824835,0.105768
-0.045853,0.824835,0.105768,-0.04617,0.850748,0.107597,-0.066707,0.850748,0.102098
0.081037,0.43288,0.015915,0.070073,0.43288,0.04239,0.067513,0.430598,0.012292
-0.025,0.824835,0.107597,-0.04617,0.850748,0.107597,-0.045853,0.824835,0.105768
-0.102623,0.626835,-0.090122,-0.07289,0.629105,-0.09544,-0.07989,0.626835,-0.107572
-0.117513,0.684328,0.012292,-0.10794,0.684328,0.03539,-0.131038,0.686613,0.015915
0.09633,0.37506,-0.008578,0.081037,0.373105,0.015915003,0.09199,0.374943,0.018848002
-0.025,0.850748,0.10945,-0.025,0.824835,0.107597,-0.004148001,0.824835,0.105768
0.067513,0.375372,0.012292,0.05794,0.375372,0.03539,0.081037,0.373105,0.015915
-0.025,0.850748,0.10945,-0.004148001,0.824835,0.105768,-0.0038300008,0.850748,0.107597
-0.00383,0.850748,0.107597,0.016073,0.824835,0.100353,0.016708,0.850748,0.102098
-0.00383,0.850748,0.107597,-0.004148,0.824835,0.105768,0.016073,0.824835,0.100353
-0.14633,0.62879,-0.016423,-0.131038,0.626835,-0.040915,-0.14199,0.628673,-0.043848
-0.044902,0.799703,0.100353,-0.045853,0.824835,0.105768,-0.066073,0.824835,0.100353
-0.13478,0.626835,-0.0125,-0.142795,0.628695,0.013755,-0.131038,0.626835,0.015915003
-0.066073,0.824835,0.100353,-0.064195,0.799703,0.095183,-0.044902,0.799703,0.100353
-0.142795,0.628695,0.013755,-0.13478,0.626835,-0.0125,-0.14695,0.628807,-0.0125
-0.045853,0.824835,0.105768,-0.044902,0.799703,0.100353,-0.025,0.799703,0.102098
-0.07989,0.686613,-0.107572,-0.09272,0.684328,-0.08022,-0.102623,0.686613,-0.090122
-0.131038,0.626835,-0.040915,-0.14633,0.62879,-0.016423,-0.13478,0.626835,-0.012499999
-0.14695,0.628807,-0.0125,-0.13478,0.626835,-0.0125,-0.14633,0.62879,-0.016423
-0.102623,0.686613,-0.090122,-0.09272,0.684328,-0.08022,-0.10794,0.684328,-0.06039
0.09199,0.43103,0.018848,0.081037,0.43288,0.015915,0.092795,0.43101,0.013755
-0.045853,0.824835,0.105768,-0.025,0.799703,0.102098,-0.025,0.824835,0.107597
-0.089478,0.684705,-0.11483,-0.07989,0.686613,-0.107572,-0.102623,0.686613,-0.090122
-0.005098,0.799703,0.100353,-0.004148,0.824835,0.105768,-0.025,0.824835,0.107597
-0.025,0.824835,0.107597,-0.025,0.799703,0.102098,-0.005098,0.799703,0.100353
-0.089478,0.684705,-0.11483,-0.102623,0.686613,-0.090122,-0.096683,0.684462,-0.111157
0.014195,0.799703,0.095183,-0.004148,0.824835,0.105768,-0.0050979992,0.799703,0.100353
-0.053415,0.626835,-0.118538,-0.07989,0.626835,-0.107572,-0.049793,0.629105,-0.105012
-0.049793,0.629105,-0.105012,-0.07989,0.626835,-0.107572,-0.07289,0.629105,-0.09544
-0.117513,0.684328,0.012292,-0.13478,0.686613,-0.0125,-0.12078,0.684328,-0.0125
-0.064195,0.799703,0.095183,-0.043343,0.77612,0.091513,-0.044902,0.799703,0.100353
-0.14695,0.684627,-0.0125,-0.13478,0.686613,-0.0125,-0.14633,0.684642,-0.008578
-0.049793,0.629105,-0.105012,-0.07289,0.629105,-0.09544,-0.04672,0.635583,-0.09355
-0.09272,0.629105,-0.08022,-0.07289,0.629105,-0.09544,-0.102623,0.626835,-0.090122
0.067513,0.375372,0.012292,0.07078,0.375372,-0.0125,0.05605,0.38185,0.00922
-0.06695,0.635583,-0.085158,-0.04672,0.635583,-0.09355,-0.07289,0.629105,-0.09544
-0.13478,0.686613,-0.0125,-0.14695,0.684627,-0.0125,-0.142795,0.68474,-0.038755
0.058903,0.38185,-0.0125,0.05605,0.38185,0.009219999,0.07078,0.375372,-0.0125
0.006347,0.374943,-0.12949,0.003415,0.373105,-0.118538,0.00997,0.375082,-0.128918
0.05605,0.38185,-0.03422,0.050975,0.391553,-0.012499999,0.058903,0.38185,-0.012499999
-0.06695,0.635583,-0.085158,-0.07289,0.629105,-0.09544,-0.09272,0.629105,-0.08022
-0.131038,0.686613,-0.040915,-0.13478,0.686613,-0.012499999,-0.142795,0.68474,-0.038755
-2.07E-4,0.375372,-0.105012,0.02289,0.375372,-0.09544,0.003415,0.373105,-0.118538
0.05605,0.38185,-0.03422,0.048377,0.391553,-0.032157,0.050975,0.391553,-0.012499999
-0.131038,0.626835,-0.040915,-0.13478,0.626835,-0.012499999,-0.117513,0.629105,-0.037293
-0.04672,0.635583,-0.09355,-0.06695,0.635583,-0.085158,-0.044657,0.645283,-0.085878
-0.062987,0.66815,-0.078293,-0.04672,0.67785,-0.09355,-0.044657,0.66815,-0.085878
-0.13478,0.626835,-0.0125,-0.12078,0.629105,-0.0125,-0.117513,0.629105,-0.037293
-2.07E-4,0.375372,-0.105012,0.003415,0.373105,-0.118538,-0.025,0.373105,-0.12228
0.048377,0.391553,0.007158,0.058903,0.38185,-0.012499999,0.050975,0.391553,-0.012499999
-0.12078,0.629105,-0.0125,-0.13478,0.626835,-0.0125,-0.131038,0.626835,0.015915003
-0.049793,0.684328,-0.105012,-0.06695,0.67785,-0.085158,-0.07289,0.684328,-0.09544
0.02989,0.43288,-0.107572,-2.0699948E-4,0.430598,-0.105012,0.0034149997,0.43288,-0.118538
0.048377,0.391553,0.007158,0.05605,0.38185,0.00922,0.058903,0.38185,-0.012499999
0.048377,0.391553,-0.032157,0.045695,0.402985,-0.03144,0.048182,0.402985,-0.012499999
-0.06695,0.67785,-0.085158,-0.08433,0.67785,-0.07183,-0.07289,0.684328,-0.09544
-0.10605,0.635583,-0.03422,-0.117513,0.629105,-0.037293,-0.12078,0.629105,-0.012499999
0.001255,0.43101,-0.130295,-0.025,0.43288,-0.12228,-0.025,0.430895,-0.13445
-0.12078,0.629105,-0.0125,-0.108903,0.635583,-0.0125,-0.10605,0.635583,-0.03422
0.006347,0.43103,-0.12949,0.003415,0.43288,-0.118538,0.001255,0.43101,-0.130295
-0.06695,0.67785,-0.085158,-0.049793,0.684328,-0.105012,-0.04672,0.67785,-0.09355
0.050975,0.391553,-0.0125,0.048377,0.391553,-0.032157,0.048182,0.402985,-0.0125
0.045695,0.402985,-0.03144,0.048377,0.391553,-0.032157,0.040793,0.391553,-0.050487
0.012683,0.430785,-0.128488,0.030378,0.431042,-0.11947,0.0034149997,0.43288,-0.118538
0.012683,0.430785,-0.128488,0.0034149997,0.43288,-0.118538,0.006347,0.43103,-0.12949
-0.07289,0.684328,-0.09544,-0.08433,0.67785,-0.07183,-0.09272,0.684328,-0.08022
0.003415,0.373105,-0.118538,0.02989,0.373105,-0.107572,0.00997,0.375082,-0.128918
0.00997,0.375082,-0.128918,0.02989,0.373105,-0.107572,0.012683,0.375187,-0.128488
0.035308,0.37486,-0.116955,0.012683,0.375187,-0.128488,0.02989,0.373105,-0.107572
0.039478,0.375,-0.11483,0.052622,0.373105,-0.090122,0.046683,0.37524,-0.111157
-0.07989,0.686613,-0.107572,-0.07289,0.684328,-0.09544,-0.09272,0.684328,-0.08022
-0.098378,0.645283,-0.032157,-0.090792,0.645283,-0.050487,-0.10605,0.635583,-0.03422
0.091417,0.43089,-0.04747,0.090987,0.489075,-0.050182,0.09199,0.43103,-0.043848
0.035308,0.37486,-0.116955,0.02989,0.373105,-0.107572,0.039478,0.375,-0.11483
-0.1064,0.628678,-0.10144,-0.07989,0.626835,-0.107572,-0.096683,0.628972,-0.111157
-0.131038,0.626835,0.015915,-0.117513,0.629105,0.012292,-0.12078,0.629105,-0.012500001
0.09695,0.628807,-0.0125,0.09633,0.430912,-0.016423,0.090987,0.489075,-0.050182
0.090987,0.430785,-0.050182,0.090987,0.489075,-0.050182,0.091417,0.43089,-0.04747
0.090987,0.375187,-0.050182,0.09199,0.374943,-0.043848,0.090987,0.328358,-0.050182
-0.10605,0.635583,0.00922,-0.108903,0.635583,-0.012499999,-0.117513,0.629105,0.012292
0.035308,0.431112,-0.116955,0.02989,0.43288,-0.107572,0.030378,0.431042,-0.11947
0.003415,0.43288,-0.118538,0.030378,0.431042,-0.11947,0.02989,0.43288,-0.107572
-0.085308,0.684845,-0.116955,-0.07989,0.686613,-0.107572,-0.089478,0.684705,-0.11483
-0.117513,0.629105,0.012292,-0.108903,0.635583,-0.0125,-0.12078,0.629105,-0.0125
0.046683,0.43073,-0.111157,0.02989,0.43288,-0.107572,0.035308,0.431112,-0.116955
-0.098378,0.645283,-0.032157,-0.108903,0.635583,-0.012499999,-0.100975,0.645283,-0.012499999
-0.07989,0.686613,-0.107572,-0.085308,0.684845,-0.116955,-0.062683,0.684515,-0.128488
-0.05997,0.684622,-0.128918,-0.07989,0.686613,-0.107572,-0.062683,0.684515,-0.128488
-0.098378,0.645283,-0.032157,-0.10605,0.635583,-0.03422,-0.108903,0.635583,-0.012499999
-0.056348,0.628673,-0.12949,-0.062683,0.628918,-0.128488,-0.053415,0.626835,-0.118538
-0.062683,0.628918,-0.128488,-0.080378,0.628663,-0.11947,-0.053415,0.626835,-0.118538
-0.10605,0.635583,0.00922,-0.100975,0.645283,-0.012499999,-0.108903,0.635583,-0.012499999
0.058903,0.38185,-0.0125,0.067513,0.375372,-0.037293,0.05605,0.38185,-0.03422
-0.097658,0.67785,-0.05445,-0.098378,0.66815,-0.032157,-0.10605,0.67785,-0.03422
-0.100975,0.66815,-0.0125,-0.10605,0.67785,-0.03422,-0.098378,0.66815,-0.032157
-0.085308,0.628592,-0.116955,-0.07989,0.626835,-0.107572,-0.080378,0.628663,-0.11947
0.090987,0.375187,-0.050182,0.090987,0.328358,-0.050182,0.08197,0.374932,-0.067878
0.073658,0.328358,-0.084183,0.073658,0.37524,-0.084183,0.079455,0.37486,-0.072808
-0.053415,0.626835,-0.118538,-0.080378,0.628663,-0.11947,-0.07989,0.626835,-0.107572
0.058903,0.38185,-0.0125,0.07078,0.375372,-0.0125,0.067513,0.375372,-0.037293
-0.100975,0.66815,-0.0125,-0.108903,0.67785,-0.0125,-0.10605,0.67785,-0.03422
0.073658,0.628972,-0.084183,0.090987,0.489075,-0.050182,0.073658,0.43073,-0.084183
0.067513,0.375372,-0.037293,0.05794,0.375372,-0.06039,0.05605,0.38185,-0.03422
-0.053415,0.686613,-0.118538,-0.07289,0.684328,-0.09544,-0.07989,0.686613,-0.107572
0.07733,0.430972,-0.076977,0.073658,0.43073,-0.084183,0.090987,0.489075,-0.050182
-0.07289,0.684328,-0.09544,-0.053415,0.686613,-0.118538,-0.049793,0.684328,-0.105012
0.047658,0.38185,-0.05445,0.05605,0.38185,-0.03422,0.05794,0.375372,-0.06039
0.079455,0.431112,-0.072808,0.07733,0.430972,-0.076977,0.090987,0.489075,-0.050182
0.090987,0.430785,-0.050182,0.079455,0.431112,-0.072808,0.090987,0.489075,-0.050182
-0.025,0.799703,0.102098,-0.0066570006,0.77612,0.091513,-0.005098,0.799703,0.100353
0.079455,0.37486,-0.072808,0.08197,0.374932,-0.067878,0.073658,0.328358,-0.084183
0.090987,0.328358,-0.050182,0.073658,0.328358,-0.084183,0.08197,0.374932,-0.067878
-0.100975,0.66815,-0.0125,-0.098378,0.66815,0.007157999,-0.108903,0.67785,-0.0125
-0.117513,0.684328,-0.037293,-0.108903,0.67785,-0.012499999,-0.12078,0.684328,-0.012499999
-0.053415,0.686613,-0.118538,-0.07989,0.686613,-0.107572,-0.05997,0.684622,-0.128918
-0.056348,0.684762,-0.12949,-0.053415,0.686613,-0.118538,-0.05997,0.684622,-0.128918
-0.053415,0.686613,-0.118538,-0.056348,0.684762,-0.12949,-0.028923,0.684642,-0.13383
-0.117513,0.684328,-0.037293,-0.10605,0.67785,-0.03422,-0.108903,0.67785,-0.012499999
-0.005098,0.799703,0.100353,0.011123,0.77612,0.086745,0.014194999,0.799703,0.095183
-0.10605,0.67785,0.00922,-0.12078,0.684328,-0.012499999,-0.108903,0.67785,-0.012499999
0.011123,0.77612,0.086745,0.021708,0.754805,0.068402,0.027805,0.77612,0.078962
0.011598,0.656717,-0.075878,0.012988,0.645283,-0.078293,-0.005342001,0.645283,-0.085878
-0.12078,0.684328,-0.0125,-0.131038,0.686613,-0.040915,-0.117513,0.684328,-0.037293
0.04289,0.77612,0.068402,0.032293,0.799703,0.086745,0.027805,0.77612,0.078962
-0.12078,0.684328,-0.0125,-0.13478,0.686613,-0.0125,-0.131038,0.686613,-0.040915
-0.00878,0.754805,0.0795,-0.0038649999,0.746267,0.070985,0.0069499994,0.754805,0.07528
-0.12078,0.684328,-0.0125,-0.10605,0.67785,0.009219999,-0.117513,0.684328,0.012292
-0.00606,0.656717,-0.083195,-0.025,0.656717,-0.085683,-0.005342,0.66815,-0.085878
-0.04394,0.656717,-0.083195,-0.025,0.656717,-0.085683,-0.044657,0.645283,-0.085878
0.021708,0.754805,0.068402,0.011123,0.77612,0.086745,0.0069500003,0.754805,0.07528
0.027805,0.77612,0.078962,0.021708,0.754805,0.068402,0.03505,0.754805,0.05906
0.06017,0.374835,-0.09767,0.06394,0.374948,-0.0939,0.073658,0.328358,-0.084183
-0.098378,0.645283,-0.032157,-0.095695,0.656717,-0.03144,-0.088377,0.656717,-0.049098
0.027805,0.77612,0.078962,0.03505,0.754805,0.05906,0.04289,0.77612,0.068402
0.00695,0.754805,0.07528,0.010315,0.746267,0.066045,0.021708,0.754805,0.068402
-0.04394,0.656717,-0.083195,-0.044657,0.645283,-0.085878,-0.062987,0.645283,-0.078293
0.01822,0.746267,0.06236,0.021708,0.754805,0.068402,0.010315,0.746267,0.066045
-0.061598,0.656717,-0.075878,-0.04394,0.656717,-0.083195,-0.062987,0.645283,-0.078293
0.00695,0.754805,0.07528,0.004563,0.746267,0.068725,0.010315,0.746267,0.066045
0.06017,0.43114,-0.09767,0.0564,0.431025,-0.10144,0.06017,0.628565,-0.09767
0.046683,0.628972,-0.111157,0.06017,0.628565,-0.09767,0.0564,0.431025,-0.10144
0.0564,0.431025,-0.10144,0.046683,0.43073,-0.111157,0.046683,0.628972,-0.111157
0.06017,0.628565,-0.09767,0.06394,0.628678,-0.0939,0.06017,0.43114,-0.09767
0.073658,0.43073,-0.084183,0.06017,0.43114,-0.09767,0.06394,0.628678,-0.0939
0.021708,0.754805,0.068402,0.01822,0.746267,0.06236,0.023418,0.746267,0.05872
-0.04394,0.656717,-0.083195,-0.025,0.66815,-0.088475,-0.025,0.656717,-0.085683
0.021708,0.754805,0.068402,0.023418,0.746267,0.05872,0.03505,0.754805,0.05906
0.046683,0.37524,-0.111157,0.06017,0.374835,-0.09767,0.046683,0.328358,-0.111157
0.073658,0.328358,-0.084183,0.046683,0.328358,-0.111157,0.06017,0.374835,-0.09767
0.06394,0.374948,-0.0939,0.073658,0.37524,-0.084183,0.073658,0.328358,-0.084183
-0.04394,0.656717,-0.083195,-0.044657,0.66815,-0.085878,-0.025,0.66815,-0.088475
-0.044902,0.799703,0.100353,-0.043343,0.77612,0.091513,-0.025,0.77612,0.09311
-0.04122,0.754805,0.0795,-0.043343,0.77612,0.091513,-0.061123,0.77612,0.086745
-0.043343,0.77612,0.091513,-0.025,0.754805,0.080915,-0.025,0.77612,0.09311
-0.062987,0.66815,-0.078293,-0.044657,0.66815,-0.085878,-0.061598,0.656717,-0.075878
-0.025,0.77612,0.09311,-0.025,0.799703,0.102098,-0.044902,0.799703,0.100353
-0.04394,0.656717,-0.083195,-0.061598,0.656717,-0.075878,-0.044657,0.66815,-0.085878
-0.006657,0.77612,0.091513,-0.025,0.799703,0.102098,-0.025,0.77612,0.09311
0.011123,0.77612,0.086745,-0.005098,0.799703,0.100353,-0.0066570006,0.77612,0.091513
0.046683,0.328358,-0.111157,0.012683,0.328358,-0.128488,0.035308,0.37486,-0.116955
0.012683,0.375187,-0.128488,0.035308,0.37486,-0.116955,0.012683,0.328358,-0.128488
0.046683,0.328358,-0.111157,0.035308,0.37486,-0.116955,0.039478,0.375,-0.11483
0.046683,0.328358,-0.111157,0.039478,0.375,-0.11483,0.046683,0.37524,-0.111157
0.012683,0.430785,-0.128488,0.012683,0.489075,-0.128488,0.030378,0.431042,-0.11947
0.035308,0.431112,-0.116955,0.030378,0.431042,-0.11947,0.012683,0.489075,-0.128488
-0.006657,0.77612,0.091513,0.00695,0.754805,0.07528,0.011123,0.77612,0.086745
0.048377,0.645283,-0.032157,0.047658,0.635583,-0.05445,0.040793,0.645283,-0.050487
0.048377,0.391553,-0.032157,0.05605,0.38185,-0.03422,0.047658,0.38185,-0.05445
0.046683,0.628972,-0.111157,0.046683,0.43073,-0.111157,0.012683,0.489075,-0.128488
0.035308,0.431112,-0.116955,0.012683,0.489075,-0.128488,0.046683,0.43073,-0.111157
-0.061123,0.77612,0.086745,-0.05695,0.754805,0.07528,-0.04122,0.754805,0.0795
-0.021078,0.37506,-0.13383,0.0063470006,0.374943,-0.12949,-0.025,0.328358,-0.13445
-0.025,0.754805,0.080915,-0.043343,0.77612,0.091513,-0.04122,0.754805,0.0795
-0.025,0.77612,0.09311,-0.025,0.754805,0.080915,-0.008780001,0.754805,0.0795
0.012683,0.328358,-0.128488,-0.025000002,0.328358,-0.13445,0.006347,0.374943,-0.12949
0.00997,0.375082,-0.128918,0.012683,0.328358,-0.128488,0.006347,0.374943,-0.12949
-0.04122,0.754805,0.0795,-0.03369,0.746267,0.07318,-0.025,0.754805,0.080915
0.038378,0.656717,-0.049098,0.045695,0.656717,-0.03144,0.040793,0.645283,-0.050487
0.00997,0.375082,-0.128918,0.012683,0.375187,-0.128488,0.012683,0.328358,-0.128488
0.040793,0.645283,-0.050487,0.03433,0.635583,-0.07183,0.02872,0.645283,-0.06622
-0.00878,0.754805,0.0795,-0.006657,0.77612,0.091513,-0.024999999,0.77612,0.09311
0.040793,0.645283,-0.050487,0.02872,0.645283,-0.06622,0.038378,0.656717,-0.049098
0.00695,0.754805,0.07528,-0.006657,0.77612,0.091513,-0.008779999,0.754805,0.0795
0.006347,0.43103,-0.12949,0.001255,0.43101,-0.130295,0.012683,0.489075,-0.128488
0.012683,0.430785,-0.128488,0.006347,0.43103,-0.12949,0.012683,0.489075,-0.128488
-0.025,0.628807,-0.13445,0.012683002,0.489075,-0.128488,-0.025,0.430895,-0.13445
0.001255,0.43101,-0.130295,-0.025,0.430895,-0.13445,0.012683,0.489075,-0.128488
0.038378,0.656717,-0.049098,0.040793,0.66815,-0.050487,0.048377,0.66815,-0.032157
-0.025,0.375078,-0.13445,-0.021078,0.37506,-0.13383,-0.025,0.328358,-0.13445
0.047658,0.42412,-0.05445,0.05794,0.430598,-0.06039,0.067513,0.430598,-0.037293
0.047658,0.42412,-0.05445,0.03433,0.42412,-0.07183,0.05794,0.430598,-0.06039
-0.040007,0.746267,0.072628,-0.04122,0.754805,0.0795,-0.048435,0.746267,0.070365
-0.05695,0.754805,0.07528,-0.048435,0.746267,0.070365,-0.04122,0.754805,0.0795
0.048377,0.66815,-0.032157,0.045695,0.656717,-0.03144,0.038378,0.656717,-0.049098
0.067513,0.430598,-0.037293,0.05794,0.430598,-0.06039,0.081037,0.43288,-0.040915
-0.025,0.746267,0.07394,-0.025,0.754805,0.080915,-0.03369,0.746267,0.07318
-0.062683,0.430785,-0.128488,-0.062683,0.628918,-0.128488,-0.05997,0.43089,-0.128918
0.040793,0.66815,-0.050487,0.038378,0.656717,-0.049098,0.026755,0.656717,-0.064255
-0.040007,0.746267,0.072628,-0.03369,0.746267,0.07318,-0.04122,0.754805,0.0795
0.09199,0.374943,-0.043848,0.090987,0.375187,-0.050182,0.081037,0.373105,-0.040915
-0.025,0.746267,0.07394,-0.01868,0.746267,0.073385,-0.025,0.754805,0.080915
-0.056348,0.43103,-0.12949,-0.05997,0.43089,-0.128918,-0.062683,0.628918,-0.128488
-0.009992,0.746267,0.072628,-0.00878,0.754805,0.0795,-0.01868,0.746267,0.073385
-0.025,0.754805,0.080915,-0.01868,0.746267,0.073385,-0.008780001,0.754805,0.0795
0.09199,0.374943,-0.043848,0.081037,0.373105,-0.040915,0.092795,0.374965,-0.038755
-0.051255,0.374965,-0.130295,-0.062683,0.328358,-0.128488,-0.056348,0.374943,-0.12949
0.040793,0.66815,-0.050487,0.047658,0.67785,-0.05445,0.05605,0.67785,-0.03422
0.004563,0.746267,0.068725,0.00695,0.754805,0.07528,-0.0038649999,0.746267,0.070985
-0.062683,0.328358,-0.128488,-0.062683,0.375187,-0.128488,-0.056348,0.374943,-0.12949
0.02872,0.66815,-0.06622,0.040793,0.66815,-0.050487,0.026755,0.656717,-0.064255
-0.00878,0.754805,0.0795,-0.009992,0.746267,0.072628,-0.0038649999,0.746267,0.070985
0.03433,0.67785,-0.07183,0.047658,0.67785,-0.05445,0.02872,0.66815,-0.06622
-0.025,0.375078,-0.13445,-0.025,0.328358,-0.13445,-0.051255,0.374965,-0.130295
-0.062683,0.328358,-0.128488,-0.051255,0.374965,-0.130295,-0.024999999,0.328358,-0.13445
0.040793,0.66815,-0.050487,0.02872,0.66815,-0.06622,0.047658,0.67785,-0.05445
-0.145097,0.876657,-0.0125,-0.145097,0.850748,0.008670001,-0.143267,0.876657,0.008351999
0.047658,0.67785,-0.05445,0.05794,0.684328,-0.06039,0.067513,0.684328,-0.037293
-0.14695,0.850748,-0.0125,-0.145097,0.850748,0.008670001,-0.145097,0.876657,-0.0125
-0.025,0.430895,-0.13445,-0.028923,0.430912,-0.13383,-0.025,0.628807,-0.13445
-0.139598,0.850748,0.029207,-0.143267,0.876657,0.008352,-0.145097,0.850748,0.00867
0.05794,0.684328,-0.06039,0.047658,0.67785,-0.05445,0.03433,0.67785,-0.07183
-0.056348,0.628673,-0.12949,-0.051255,0.628695,-0.130295,-0.056348,0.43103,-0.12949
0.05605,0.67785,-0.03422,0.047658,0.67785,-0.05445,0.067513,0.684328,-0.037293
-0.028923,0.430912,-0.13383,-0.056348,0.43103,-0.12949,-0.051255,0.628695,-0.130295
-0.062683,0.628918,-0.128488,-0.056348,0.628673,-0.12949,-0.056348,0.43103,-0.12949
-0.028923,0.430912,-0.13383,-0.051255,0.628695,-0.130295,-0.025,0.628807,-0.13445
-0.145097,0.850748,-0.03367,-0.137853,0.876657,-0.053573,-0.139598,0.850748,-0.054208
0.040793,0.414418,-0.050487,0.048377,0.414418,-0.032157,0.038378,0.402985,-0.049098
0.01695,0.635583,-0.085158,-2.0699948E-4,0.629105,-0.105012,-0.0032800008,0.635583,-0.09355
-0.085308,0.37486,-0.116955,-0.080378,0.374932,-0.11947,-0.096683,0.328358,-0.111157
-0.096683,0.37524,-0.111157,-0.085308,0.37486,-0.116955,-0.096683,0.328358,-0.111157
-0.096683,0.43073,-0.111157,-0.096683,0.628972,-0.111157,-0.089478,0.430972,-0.11483
0.048377,0.414418,0.007158,0.048182,0.402985,-0.012499999,0.050975,0.414418,-0.012499999
0.048377,0.414418,-0.032157,0.05605,0.42412,-0.03422,0.058903,0.42412,-0.012499999
-0.080378,0.628663,-0.11947,-0.062683,0.430785,-0.128488,-0.085308,0.431112,-0.116955
-0.14695,0.850748,-0.0125,-0.145097,0.824835,-0.0125,-0.143267,0.824835,0.008351999
0.040793,0.414418,-0.050487,0.05605,0.42412,-0.03422,0.048377,0.414418,-0.032157
-0.096683,0.628972,-0.111157,-0.085308,0.628592,-0.116955,-0.089478,0.430972,-0.11483
-0.085308,0.431112,-0.116955,-0.089478,0.430972,-0.11483,-0.085308,0.628592,-0.116955
0.091417,0.43089,-0.04747,0.070073,0.43288,-0.06739,0.090987,0.430785,-0.050182
0.050975,0.414418,-0.0125,0.048377,0.414418,-0.032157,0.058903,0.42412,-0.0125
-0.062683,0.375187,-0.128488,-0.062683,0.328358,-0.128488,-0.080378,0.374932,-0.11947
-0.062683,0.328358,-0.128488,-0.096683,0.328358,-0.111157,-0.080378,0.374932,-0.11947
-0.14695,0.850748,-0.0125,-0.143267,0.824835,0.008351999,-0.145097,0.850748,0.008670001
0.09199,0.43103,-0.043848,0.081037,0.43288,-0.040915,0.091417,0.43089,-0.04747
0.081037,0.43288,-0.040915,0.09199,0.43103,-0.043848,0.09633,0.430912,-0.016423
0.048377,0.414418,0.007158,0.050975,0.414418,-0.012499999,0.05605,0.42412,0.00922
-0.143267,0.824835,0.008352,-0.137853,0.824835,0.028572,-0.145097,0.850748,0.00867
0.050975,0.414418,-0.0125,0.058903,0.42412,-0.0125,0.05605,0.42412,0.009219999
-0.080378,0.628663,-0.11947,-0.085308,0.431112,-0.116955,-0.085308,0.628592,-0.116955
-0.062683,0.430785,-0.128488,-0.080378,0.628663,-0.11947,-0.062683,0.628918,-0.128488
-0.139598,0.850748,-0.054208,-0.143267,0.824835,-0.033353,-0.145097,0.850748,-0.03367
0.070073,0.373105,-0.06739,0.067513,0.375372,-0.037293,0.081037,0.373105,-0.040915
-0.145097,0.850748,-0.03367,-0.145097,0.824835,-0.012499999,-0.14695,0.850748,-0.012499999
0.06394,0.374948,-0.0939,0.052622,0.373105,-0.090122,0.070073,0.373105,-0.06739
-0.123658,0.37524,-0.084183,-0.11017,0.374835,-0.09767,-0.123658,0.328358,-0.084183
-0.143267,0.824835,-0.033353,-0.145097,0.824835,-0.012499999,-0.145097,0.850748,-0.03367
0.070073,0.373105,-0.06739,0.05794,0.375372,-0.06039,0.067513,0.375372,-0.037293
0.05605,0.42412,-0.03422,0.040793,0.414418,-0.050487,0.047658,0.42412,-0.05445
-0.145097,0.824835,-0.0125,-0.137853,0.799703,0.007402,-0.143267,0.824835,0.008351999
0.047658,0.42412,-0.05445,0.067513,0.430598,-0.037293,0.05605,0.42412,-0.03422
-0.139598,0.799703,-0.0125,-0.137853,0.799703,0.007402,-0.145097,0.824835,-0.0125
0.05605,0.42412,0.00922,0.058903,0.42412,-0.012499999,0.067513,0.430598,0.012292
0.058903,0.42412,-0.0125,0.05605,0.42412,-0.03422,0.07078,0.430598,-0.0125
-0.1064,0.374948,-0.10144,-0.096683,0.328358,-0.111157,-0.11017,0.374835,-0.09767
0.067513,0.430598,-0.037293,0.07078,0.430598,-0.012499999,0.05605,0.42412,-0.03422
0.04272,0.375372,-0.08022,0.05794,0.375372,-0.06039,0.052622,0.373105,-0.090122
0.047658,0.38185,-0.05445,0.05794,0.375372,-0.06039,0.04272,0.375372,-0.08022
-0.11017,0.43114,-0.09767,-0.11394,0.431025,-0.0939,-0.123658,0.489075,-0.084183
-0.137853,0.799703,-0.032403,-0.143267,0.824835,-0.033353,-0.137853,0.824835,-0.053573
0.07078,0.430598,-0.0125,0.067513,0.430598,0.012292,0.058903,0.42412,-0.0125
0.067513,0.430598,0.012292,0.07078,0.430598,-0.0125,0.081037,0.43288,0.015915
-0.132683,0.799703,-0.051695,-0.137853,0.799703,-0.032403,-0.137853,0.824835,-0.053573
-0.137853,0.799703,-0.032403,-0.139598,0.799703,-0.012499999,-0.143267,0.824835,-0.033353
0.05794,0.430598,-0.06039,0.070073,0.43288,-0.06739,0.081037,0.43288,-0.040915
0.081037,0.373105,0.015915,0.09633,0.37506,-0.008578001,0.08478,0.373105,-0.012500001
0.09695,0.375078,-0.0125,0.08478,0.373105,-0.0125,0.09633,0.37506,-0.008578
0.05794,0.430598,-0.06039,0.04272,0.430598,-0.08022,0.070073,0.43288,-0.06739
-0.1064,0.374948,-0.10144,-0.096683,0.37524,-0.111157,-0.096683,0.328358,-0.111157
0.08478,0.373105,-0.0125,0.092795,0.374965,-0.038755,0.081037,0.373105,-0.040915
-2.07E-4,0.629105,-0.105012,0.01695,0.635583,-0.085158,0.02289,0.629105,-0.09544
0.02872,0.645283,-0.06622,0.01695,0.635583,-0.085158,0.012987999,0.645283,-0.078293
-0.143267,0.824835,-0.033353,-0.139598,0.799703,-0.012499999,-0.145097,0.824835,-0.012499999
0.092795,0.374965,-0.038755,0.08478,0.373105,-0.012499999,0.09695,0.375078,-0.012499999
-0.139598,0.799703,-0.0125,-0.129013,0.77612,0.0058429996,-0.137853,0.799703,0.007402
-0.13061,0.77612,-0.0125,-0.129013,0.77612,0.0058429996,-0.139598,0.799703,-0.0125
-0.123658,0.489075,-0.084183,-0.11394,0.431025,-0.0939,-0.123658,0.43073,-0.084183
-0.096683,0.628972,-0.111157,-0.096683,0.43073,-0.111157,-0.123658,0.489075,-0.084183
-0.11017,0.43114,-0.09767,-0.123658,0.489075,-0.084183,-0.096683,0.43073,-0.111157
-0.129013,0.77612,0.005843,-0.124245,0.77612,0.023622,-0.137853,0.799703,0.007402
0.081037,0.373105,-0.040915,0.07078,0.375372,-0.012499999,0.08478,0.373105,-0.012499999
0.026755,0.656717,-0.064255,0.02872,0.645283,-0.06622,0.012988,0.645283,-0.078293
-0.123658,0.328358,-0.084183,-0.11017,0.374835,-0.09767,-0.096683,0.328358,-0.111157
0.07078,0.375372,-0.0125,0.081037,0.373105,-0.040915,0.067513,0.375372,-0.037293
0.012988,0.645283,-0.078293,0.011598,0.656717,-0.075878,0.026755,0.656717,-0.064255
0.01695,0.635583,-0.085158,-0.0032800008,0.635583,-0.09355,0.012988,0.645283,-0.078293
-0.132683,0.799703,-0.051695,-0.129013,0.77612,-0.030843,-0.137853,0.799703,-0.032403
0.07078,0.375372,-0.0125,0.067513,0.375372,0.012292,0.08478,0.373105,-0.0125
0.081037,0.373105,0.015915,0.08478,0.373105,-0.012500001,0.067513,0.375372,0.012292
-0.129013,0.77612,-0.030843,-0.13061,0.77612,-0.012499999,-0.137853,0.799703,-0.032403
0.08478,0.43288,-0.0125,0.067513,0.430598,-0.037293,0.081037,0.43288,-0.040915
-0.139598,0.799703,-0.0125,-0.137853,0.799703,-0.032403,-0.13061,0.77612,-0.0125
-0.12733,0.375,-0.076977,-0.123658,0.328358,-0.084183,-0.129455,0.37486,-0.072808
-0.123658,0.328358,-0.084183,-0.140988,0.328358,-0.050182,-0.129455,0.37486,-0.072808
0.067513,0.430598,-0.037293,0.08478,0.43288,-0.012499999,0.07078,0.430598,-0.012499999
0.07078,0.430598,-0.0125,0.08478,0.43288,-0.0125,0.081037,0.43288,0.015915003
-0.140988,0.489075,-0.050182,-0.123658,0.489075,-0.084183,-0.13197,0.431042,-0.067878
0.08478,0.43288,-0.0125,0.09695,0.430895,-0.0125,0.092795,0.43101,0.013755
0.011598,0.656717,-0.075878,0.012988,0.66815,-0.078293,0.02872,0.66815,-0.06622
0.092795,0.43101,0.013755,0.081037,0.43288,0.015915,0.08478,0.43288,-0.0125
-0.139598,0.850748,0.029207,-0.13061,0.850748,0.048475,-0.137853,0.876657,0.028572
0.011598,0.656717,-0.075878,-0.0060600005,0.656717,-0.083195,0.012988,0.66815,-0.078293
-0.123658,0.328358,-0.084183,-0.12733,0.375,-0.076977,-0.123658,0.37524,-0.084183
0.081037,0.43288,-0.040915,0.09633,0.430912,-0.016423,0.08478,0.43288,-0.012499999
0.09695,0.430895,-0.0125,0.08478,0.43288,-0.0125,0.09633,0.430912,-0.016423
0.02872,0.66815,-0.06622,0.026755,0.656717,-0.064255,0.011598,0.656717,-0.075878
-0.137853,0.876657,0.028572,-0.13061,0.850748,0.048475,-0.129013,0.876657,0.04755
-0.129455,0.431112,-0.072808,-0.13197,0.431042,-0.067878,-0.123658,0.489075,-0.084183
-0.140988,0.430785,-0.050182,-0.140988,0.489075,-0.050182,-0.13197,0.431042,-0.067878
-0.123658,0.43073,-0.084183,-0.129455,0.431112,-0.072808,-0.123658,0.489075,-0.084183
-0.00606,0.656717,-0.083195,0.011598,0.656717,-0.075878,-0.005342,0.645283,-0.085878
-0.140988,0.375187,-0.050182,-0.129455,0.37486,-0.072808,-0.140988,0.328358,-0.050182
0.075353,0.328358,-0.150623,0.073658,0.328358,-0.084183,0.113123,0.328358,-0.112853
0.113123,0.328358,-0.112853,0.090987,0.328358,-0.050182,0.137378,0.328358,-0.065255
0.03433,0.67785,-0.07183,0.02872,0.66815,-0.06622,0.012988001,0.66815,-0.078293
-0.125353,0.328358,-0.150623,-0.062683,0.328358,-0.128488,-0.077755,0.328358,-0.174878
-0.163123,0.328358,-0.112853,-0.123658,0.328358,-0.084183,-0.125353,0.328358,-0.150623
-0.077755,0.328358,-0.174878,-0.062683,0.328358,-0.128488,-0.024999999,0.328358,-0.183233
-0.025,0.328358,-0.13445,0.012683002,0.328358,-0.128488,-0.025,0.328358,-0.183233
-0.141418,0.375082,-0.04747,-0.140988,0.328358,-0.050182,-0.14199,0.374943,-0.043848
-0.139598,0.850748,0.029207,-0.145097,0.850748,0.00867,-0.137853,0.824835,0.028572
0.012988,0.66815,-0.078293,0.01695,0.67785,-0.085158,0.03433,0.67785,-0.07183
-0.140988,0.375187,-0.050182,-0.140988,0.328358,-0.050182,-0.141418,0.375082,-0.04747
0.090987,0.328358,-0.050182,0.113123,0.328358,-0.112853,0.073658,0.328358,-0.084183
-0.005342,0.66815,-0.085878,0.012988,0.66815,-0.078293,-0.00606,0.656717,-0.083195
0.073658,0.328358,-0.084183,0.075353,0.328358,-0.150623,0.046683,0.328358,-0.111157
0.027755,0.328358,-0.174878,0.012683,0.328358,-0.128488,0.075353,0.328358,-0.150623
-0.139598,0.850748,0.029207,-0.129013,0.824835,0.04755,-0.13061,0.850748,0.048475
0.046683,0.328358,-0.111157,0.075353,0.328358,-0.150623,0.012683,0.328358,-0.128488
0.027755,0.328358,-0.174878,-0.024999999,0.328358,-0.183233,0.012683,0.328358,-0.128488
0.01695,0.67785,-0.085158,0.012988,0.66815,-0.078293,-0.005341999,0.66815,-0.085878
-0.139598,0.850748,0.029207,-0.137853,0.824835,0.028572,-0.129013,0.824835,0.04755
-0.025,0.328358,-0.13445,-0.025,0.328358,-0.183233,-0.062683,0.328358,-0.128488
-0.062683,0.328358,-0.128488,-0.125353,0.328358,-0.150623,-0.096683,0.328358,-0.111157
-0.187377,0.328358,-0.065255,-0.140988,0.328358,-0.050182,-0.163123,0.328358,-0.112853
-0.129013,0.824835,0.04755,-0.117,0.824835,0.064695,-0.13061,0.850748,0.048475
-0.096683,0.328358,-0.111157,-0.125353,0.328358,-0.150623,-0.123658,0.328358,-0.084183
0.01695,0.67785,-0.085158,0.02289,0.684328,-0.09544,0.04272,0.684328,-0.08022
-0.123658,0.328358,-0.084183,-0.163123,0.328358,-0.112853,-0.140988,0.328358,-0.050182
0.01695,0.67785,-0.085158,-0.0032800008,0.67785,-0.09355,0.02289,0.684328,-0.09544
-0.14199,0.43103,-0.043848,-0.142795,0.43101,-0.038755,-0.140988,0.489075,-0.050182
-0.140988,0.430785,-0.050182,-0.14199,0.43103,-0.043848,-0.140988,0.489075,-0.050182
-0.13061,0.850748,0.048475,-0.117,0.824835,0.064695,-0.118415,0.850748,0.06589
-0.163123,0.328358,0.087853,-0.140988,0.328358,0.025183,-0.187377,0.328358,0.040255
-0.187377,0.328358,0.040255,-0.140988,0.328358,0.025183,-0.195733,0.328358,-0.012499999
-0.137853,0.799703,0.007402,-0.132683,0.799703,0.026694998,-0.143267,0.824835,0.008352
-0.14695,0.328358,-0.0125,-0.140988,0.328358,-0.050182,-0.195733,0.328358,-0.0125
0.03433,0.67785,-0.07183,0.01695,0.67785,-0.085158,0.04272,0.684328,-0.08022
-0.14633,0.37506,-0.016423,-0.131038,0.373105,-0.040915,-0.14199,0.374943,-0.043848
0.027755,0.328358,0.149878,0.012683,0.328358,0.103488,-0.024999999,0.328358,0.158232
-0.13478,0.373105,-0.0125,-0.131038,0.373105,-0.040915,-0.14633,0.37506,-0.016423
-0.062683,0.328358,0.103488,-0.024999999,0.328358,0.158232,-0.024999999,0.328358,0.10945
0.075353,0.328358,0.125622,0.012683004,0.328358,0.103488,0.027755,0.328358,0.149878
-0.125353,0.328358,0.125622,-0.077755,0.328358,0.149878,-0.062683,0.328358,0.103488
-0.025,0.328358,0.158232,-0.062683,0.328358,0.103488,-0.077755,0.328358,0.149878
-0.143267,0.824835,0.008352,-0.132683,0.799703,0.026695,-0.137853,0.824835,0.028572
0.04272,0.629105,-0.08022,0.05794,0.629105,-0.06039,0.052622,0.626835,-0.090122
-0.132683,0.799703,0.026695,-0.124245,0.799703,0.044792,-0.137853,0.824835,0.028572
-0.14199,0.374943,-0.043848,-0.131038,0.373105,-0.040915,-0.141418,0.375082,-0.04747
-0.137853,0.799703,0.007402,-0.124245,0.77612,0.023621999,-0.132683,0.799703,0.026694998
0.02989,0.626835,-0.107572,0.04272,0.629105,-0.08022,0.052622,0.626835,-0.090122
0.137378,0.328358,-0.065255,0.090987,0.328358,-0.050182,0.145733,0.328358,-0.012499999
0.09695,0.328358,-0.0125,0.090987,0.328358,0.025183,0.145733,0.328358,-0.0125
0.137378,0.328358,0.040255,0.090987,0.328358,0.025183,0.113123,0.328358,0.087853
0.04272,0.629105,-0.08022,0.02989,0.626835,-0.107572,0.02289,0.629105,-0.09544
-0.025,0.328358,0.10945,-0.025,0.328358,0.158232,0.012683002,0.328358,0.103488
0.073658,0.328358,0.059183,0.046683,0.328358,0.086158,0.075353,0.328358,0.125622
0.073658,0.328358,0.059183,0.075353,0.328358,0.125622,0.113123,0.328358,0.087853
-0.124245,0.77612,0.023622,-0.116463,0.77612,0.040305,-0.132683,0.799703,0.026695
0.012683,0.328358,0.103488,0.075353,0.328358,0.125622,0.046683,0.328358,0.086158
-0.131038,0.373105,-0.040915,-0.117513,0.375372,-0.037293,-0.10794,0.375372,-0.06039
-0.132683,0.799703,0.026695,-0.116463,0.77612,0.040305,-0.124245,0.799703,0.044792
0.047658,0.635583,-0.05445,0.04272,0.629105,-0.08022,0.03433,0.635583,-0.07183
0.073658,0.328358,0.059183,0.113123,0.328358,0.087853,0.090987,0.328358,0.025183
0.137378,0.328358,0.040255,0.145733,0.328358,-0.012499999,0.090987,0.328358,0.025183
-0.137853,0.824835,0.028572,-0.124245,0.799703,0.044792,-0.129013,0.824835,0.04755
-0.129013,0.824835,0.04755,-0.11278,0.799703,0.061158,-0.117,0.824835,0.064695
0.09695,0.328358,-0.0125,0.145733,0.328358,-0.0125,0.090987,0.328358,-0.050182
-0.124245,0.799703,0.044792,-0.11278,0.799703,0.061158,-0.129013,0.824835,0.04755
-0.187377,0.328358,-0.065255,-0.195733,0.328358,-0.012499999,-0.140988,0.328358,-0.050182
0.05794,0.629105,-0.06039,0.04272,0.629105,-0.08022,0.047658,0.635583,-0.05445
-0.14695,0.328358,-0.0125,-0.195733,0.328358,-0.0125,-0.140988,0.328358,0.025183
-0.163123,0.328358,0.087853,-0.125353,0.328358,0.125622,-0.123658,0.328358,0.059183
-0.140988,0.328358,0.025183,-0.163123,0.328358,0.087853,-0.123658,0.328358,0.059183
-0.123658,0.328358,0.059183,-0.125353,0.328358,0.125622,-0.096683,0.328358,0.086158
-0.096683,0.328358,0.086158,-0.125353,0.328358,0.125622,-0.062683,0.328358,0.103488
0.04272,0.629105,-0.08022,0.02289,0.629105,-0.09544,0.03433,0.635583,-0.07183
0.02289,0.629105,-0.09544,0.01695,0.635583,-0.085158,0.03433,0.635583,-0.07183
0.137378,0.313433,-0.065255,0.113123,0.313433,-0.112853,0.113123,0.328358,-0.112853
0.137378,0.313433,-0.065255,0.113123,0.328358,-0.112853,0.137378,0.328358,-0.065255
0.113123,0.313433,-0.112853,0.075353,0.313433,-0.150623,0.075353,0.328358,-0.150623
0.113123,0.313433,-0.112853,0.075353,0.328358,-0.150623,0.113123,0.328358,-0.112853
0.075353,0.313433,-0.150623,0.027755,0.313433,-0.174878,0.027755,0.328358,-0.174878
0.075353,0.313433,-0.150623,0.027755,0.328358,-0.174878,0.075353,0.328358,-0.150623
0.040793,0.645283,-0.050487,0.047658,0.635583,-0.05445,0.03433,0.635583,-0.07183
0.027755,0.313433,-0.174878,-0.024999999,0.313433,-0.183233,-0.024999999,0.328358,-0.183233
0.027755,0.313433,-0.174878,-0.024999999,0.328358,-0.183233,0.027755,0.328358,-0.174878
-0.025,0.313433,-0.183233,-0.077755,0.313433,-0.174878,-0.077755,0.328358,-0.174878
-0.025,0.313433,-0.183233,-0.077755,0.328358,-0.174878,-0.025,0.328358,-0.183233
-0.077755,0.313433,-0.174878,-0.125353,0.313433,-0.150623,-0.125353,0.328358,-0.150623
-0.077755,0.313433,-0.174878,-0.125353,0.328358,-0.150623,-0.077755,0.328358,-0.174878
-0.125353,0.313433,-0.150623,-0.163123,0.313433,-0.112853,-0.163123,0.328358,-0.112853
-0.125353,0.313433,-0.150623,-0.163123,0.328358,-0.112853,-0.125353,0.328358,-0.150623
-0.163123,0.313433,-0.112853,-0.187377,0.313433,-0.065255,-0.187377,0.328358,-0.065255
-0.163123,0.313433,-0.112853,-0.187377,0.328358,-0.065255,-0.163123,0.328358,-0.112853
-0.14199,0.43103,-0.043848,-0.131038,0.43288,-0.040915,-0.142795,0.43101,-0.038755
-0.187377,0.313433,-0.065255,-0.195733,0.313433,-0.012499999,-0.187377,0.328358,-0.065255
-0.025,0.328358,0.158232,-0.025,0.313433,0.158232,0.027754998,0.313433,0.149878
-0.025,0.328358,0.158232,0.027754998,0.313433,0.149878,0.027754998,0.328358,0.149878
0.027755,0.313433,0.149878,0.075353,0.313433,0.125622,0.075353,0.328358,0.125622
0.027755,0.313433,0.149878,0.075353,0.328358,0.125622,0.027755,0.328358,0.149878
0.113123,0.328358,0.087853,0.075353,0.328358,0.125622,0.113123,0.313433,0.087853
0.075353,0.313433,0.125622,0.113123,0.313433,0.087853,0.075353,0.328358,0.125622
0.113123,0.313433,0.087853,0.137378,0.313433,0.040255,0.137378,0.328358,0.040255
0.113123,0.313433,0.087853,0.137378,0.328358,0.040255,0.113123,0.328358,0.087853
-0.142795,0.43101,-0.038755,-0.131038,0.43288,-0.040915,-0.13478,0.43288,-0.012499999
0.137378,0.313433,0.040255,0.145733,0.313433,-0.012499999,0.145733,0.328358,-0.012499999
0.137378,0.313433,0.040255,0.145733,0.328358,-0.012499999,0.137378,0.328358,0.040255
0.137378,0.328358,-0.065255,0.145733,0.328358,-0.012499999,0.145733,0.313433,-0.012499999
0.137378,0.328358,-0.065255,0.145733,0.313433,-0.012499999,0.137378,0.313433,-0.065255
0.03433,0.635583,-0.07183,0.01695,0.635583,-0.085158,0.02872,0.645283,-0.06622
-0.195733,0.313433,-0.0125,-0.195733,0.328358,-0.0125,-0.187377,0.328358,-0.065255
-0.195733,0.328358,-0.0125,-0.195733,0.313433,-0.0125,-0.187377,0.313433,0.040255
-0.195733,0.328358,-0.0125,-0.187377,0.313433,0.040255,-0.187377,0.328358,0.040255
-0.187377,0.313433,0.040255,-0.163123,0.313433,0.087853,-0.163123,0.328358,0.087853
-0.187377,0.313433,0.040255,-0.163123,0.328358,0.087853,-0.187377,0.328358,0.040255
0.02872,0.645283,-0.06622,0.026755,0.656717,-0.064255,0.038378,0.656717,-0.049098
-0.14199,0.43103,-0.043848,-0.140988,0.430785,-0.050182,-0.131038,0.43288,-0.040915
-0.125353,0.328358,0.125622,-0.163123,0.328358,0.087853,-0.125353,0.313433,0.125622
-0.163123,0.313433,0.087853,-0.125353,0.313433,0.125622,-0.163123,0.328358,0.087853
-0.077755,0.313433,0.149878,-0.077755,0.328358,0.149878,-0.125353,0.328358,0.125622
-0.077755,0.313433,0.149878,-0.125353,0.328358,0.125622,-0.125353,0.313433,0.125622
0.04272,0.430598,-0.08022,0.052622,0.43288,-0.090122,0.070073,0.43288,-0.06739
-0.025,0.313433,0.158232,-0.025,0.328358,0.158232,-0.077755,0.328358,0.149878
-0.025,0.313433,0.158232,-0.077755,0.328358,0.149878,-0.077755,0.313433,0.149878
0.052622,0.43288,-0.090122,0.07733,0.430972,-0.076977,0.070073,0.43288,-0.06739
0.08197,0.374932,-0.067878,0.081037,0.373105,-0.040915,0.090987,0.375187,-0.050182
-0.117513,0.375372,-0.037293,-0.131038,0.373105,-0.040915,-0.13478,0.373105,-0.012499999
0.079455,0.37486,-0.072808,0.073658,0.37524,-0.084183,0.070073,0.373105,-0.06739
-0.10605,0.38185,-0.03422,-0.097658,0.38185,-0.05445,-0.117513,0.375372,-0.037293
0.079455,0.37486,-0.072808,0.070073,0.373105,-0.06739,0.08197,0.374932,-0.067878
0.070073,0.373105,-0.06739,0.081037,0.373105,-0.040915,0.08197,0.374932,-0.067878
-0.12078,0.375372,-0.0125,-0.117513,0.375372,-0.037293,-0.13478,0.373105,-0.0125
0.079455,0.431112,-0.072808,0.070073,0.43288,-0.06739,0.07733,0.430972,-0.076977
0.07733,0.430972,-0.076977,0.052622,0.43288,-0.090122,0.073658,0.43073,-0.084183
0.079455,0.431112,-0.072808,0.090987,0.430785,-0.050182,0.070073,0.43288,-0.06739
0.070073,0.43288,-0.06739,0.091417,0.43089,-0.04747,0.081037,0.43288,-0.040915
-0.10605,0.38185,-0.03422,-0.117513,0.375372,-0.037293,-0.12078,0.375372,-0.012499999
0.06017,0.374835,-0.09767,0.046683,0.37524,-0.111157,0.052622,0.373105,-0.090122
-0.10605,0.38185,-0.03422,-0.090792,0.391553,-0.050487,-0.097658,0.38185,-0.05445
0.06017,0.374835,-0.09767,0.052622,0.373105,-0.090122,0.06394,0.374948,-0.0939
0.06394,0.374948,-0.0939,0.070073,0.373105,-0.06739,0.073658,0.37524,-0.084183
0.070073,0.373105,-0.06739,0.052622,0.373105,-0.090122,0.05794,0.375372,-0.06039
-0.117513,0.430598,-0.037293,-0.108903,0.42412,-0.012499999,-0.12078,0.430598,-0.012499999
0.052622,0.43288,-0.090122,0.02289,0.430598,-0.09544,0.02989,0.43288,-0.107572
0.0564,0.431025,-0.10144,0.02989,0.43288,-0.107572,0.046683,0.43073,-0.111157
0.0564,0.431025,-0.10144,0.052622,0.43288,-0.090122,0.02989,0.43288,-0.107572
0.06017,0.43114,-0.09767,0.052622,0.43288,-0.090122,0.0564,0.431025,-0.10144
0.06017,0.43114,-0.09767,0.073658,0.43073,-0.084183,0.052622,0.43288,-0.090122
-0.117513,0.430598,-0.037293,-0.12078,0.430598,-0.012499999,-0.131038,0.43288,-0.040915
-0.129455,0.431112,-0.072808,-0.120072,0.43288,-0.06739,-0.13197,0.431042,-0.067878
-0.131038,0.43288,-0.040915,-0.13197,0.431042,-0.067878,-0.120072,0.43288,-0.06739
-0.141418,0.375082,-0.04747,-0.120072,0.373105,-0.06739,-0.140988,0.375187,-0.050182
-0.129455,0.37486,-0.072808,-0.120072,0.373105,-0.06739,-0.12733,0.375,-0.076977
-0.13197,0.431042,-0.067878,-0.131038,0.43288,-0.040915,-0.140988,0.430785,-0.050182
0.001255,0.374965,0.105295,0.012683,0.328358,0.103488,0.006347,0.374943,0.10449
-0.120072,0.373105,-0.06739,-0.141418,0.375082,-0.04747,-0.131038,0.373105,-0.040915
-0.025,0.489075,0.10945,0.00997,0.43089,0.103918,0.012683002,0.628918,0.103488
-0.11017,0.374835,-0.09767,-0.123658,0.37524,-0.084183,-0.102623,0.373105,-0.090122
-0.12733,0.375,-0.076977,-0.102623,0.373105,-0.090122,-0.123658,0.37524,-0.084183
-0.021078,0.430912,0.10883,0.0063470006,0.43103,0.10449,-0.025,0.489075,0.10945
0.012683,0.430785,0.103488,0.012683,0.628918,0.103488,0.00997,0.43089,0.103918
-0.129455,0.37486,-0.072808,-0.140988,0.375187,-0.050182,-0.120072,0.373105,-0.06739
-0.025,0.489075,0.10945,-0.025,0.430895,0.10945,-0.021078,0.430912,0.10883
0.006347,0.43103,0.10449,0.00997,0.43089,0.103918,-0.024999999,0.489075,0.10945
-0.102623,0.373105,-0.090122,-0.12733,0.375,-0.076977,-0.120072,0.373105,-0.06739
0.001255,0.374965,0.105295,-0.025,0.375078,0.10945,-0.025,0.328358,0.10945
-0.025,0.328358,0.10945,0.012683002,0.328358,0.103488,0.001255,0.374965,0.105295
0.012683,0.375187,0.103488,0.006347,0.374943,0.10449,0.012683,0.328358,0.103488
-0.120072,0.373105,-0.06739,-0.10794,0.375372,-0.06039,-0.09272,0.375372,-0.08022
-0.10794,0.375372,-0.06039,-0.120072,0.373105,-0.06739,-0.131038,0.373105,-0.040915
0.012683,0.328358,0.103488,0.046683,0.328358,0.086158,0.030378,0.374932,0.09447
0.012683,0.375187,0.103488,0.012683,0.328358,0.103488,0.030378,0.374932,0.09447
-0.08433,0.38185,-0.07183,-0.10794,0.375372,-0.06039,-0.097658,0.38185,-0.05445
0.046683,0.43073,0.086158,0.046683,0.489075,0.086158,0.039478,0.430972,0.08983
-0.097658,0.38185,-0.05445,-0.10794,0.375372,-0.06039,-0.117513,0.375372,-0.037293
0.035308,0.431112,0.091955,0.039478,0.430972,0.08983,0.046683,0.489075,0.086158
-0.10605,0.42412,-0.03422,-0.117513,0.430598,-0.037293,-0.10794,0.430598,-0.06039
-0.120072,0.43288,-0.06739,-0.102623,0.43288,-0.090122,-0.10794,0.430598,-0.06039
0.046683,0.37524,0.086158,0.035308,0.37486,0.091955,0.046683,0.328358,0.086158
0.012683,0.430785,0.103488,0.035308,0.431112,0.091955,0.046683,0.489075,0.086158
0.046683,0.489075,0.086158,0.012683,0.628918,0.103488,0.012683,0.430785,0.103488
-0.117513,0.430598,-0.037293,-0.120072,0.43288,-0.06739,-0.10794,0.430598,-0.06039
0.035308,0.37486,0.091955,0.030378,0.374932,0.09447,0.046683,0.328358,0.086158
-0.117513,0.430598,-0.037293,-0.131038,0.43288,-0.040915,-0.120072,0.43288,-0.06739
0.046683,0.37524,0.086158,0.046683,0.328358,0.086158,0.0564,0.374948,0.07644
0.0564,0.374948,0.07644,0.046683,0.328358,0.086158,0.06017,0.374835,0.07267
-0.120072,0.43288,-0.06739,-0.129455,0.431112,-0.072808,-0.123658,0.43073,-0.084183
-0.11394,0.431025,-0.0939,-0.120072,0.43288,-0.06739,-0.123658,0.43073,-0.084183
-0.102623,0.43288,-0.090122,-0.120072,0.43288,-0.06739,-0.11394,0.431025,-0.0939
-0.097658,0.38185,-0.05445,-0.090792,0.391553,-0.050487,-0.07872,0.391553,-0.06622
-0.07872,0.391553,-0.06622,-0.08433,0.38185,-0.07183,-0.097658,0.38185,-0.05445
-0.090792,0.391553,-0.050487,-0.076755,0.402985,-0.064255,-0.07872,0.391553,-0.06622
-0.090792,0.391553,-0.050487,-0.088377,0.402985,-0.049098,-0.076755,0.402985,-0.064255
0.073658,0.628972,0.059183,0.046683,0.489075,0.086158,0.073658,0.43073,0.059183
0.046683,0.489075,0.086158,0.06394,0.431025,0.0689,0.073658,0.43073,0.059183
0.06017,0.43114,0.07267,0.06394,0.431025,0.0689,0.046683,0.489075,0.086158
0.046683,0.43073,0.086158,0.06017,0.43114,0.07267,0.046683,0.489075,0.086158
0.073658,0.37524,0.059183,0.06017,0.374835,0.07267,0.073658,0.328358,0.059183
0.073658,0.328358,0.059183,0.06017,0.374835,0.07267,0.046683,0.328358,0.086158
-0.090792,0.391553,-0.050487,-0.10605,0.38185,-0.03422,-0.098378,0.391553,-0.032157
0.073658,0.37524,0.059183,0.073658,0.328358,0.059183,0.07733,0.375,0.051977
-0.088377,0.402985,-0.049098,-0.090792,0.391553,-0.050487,-0.098378,0.391553,-0.032157
-0.088377,0.402985,-0.049098,-0.090792,0.414418,-0.050487,-0.07872,0.414418,-0.06622
0.073658,0.628972,0.059183,0.073658,0.43073,0.059183,0.090987,0.489075,0.025183
0.079455,0.37486,0.047807,0.07733,0.375,0.051977,0.073658,0.328358,0.059183
-0.088377,0.402985,-0.049098,-0.095695,0.402985,-0.03144,-0.090792,0.414418,-0.050487
0.090987,0.430785,0.025183,0.090987,0.489075,0.025183,0.08197,0.431042,0.042878
-0.076755,0.402985,-0.064255,-0.088377,0.402985,-0.049098,-0.07872,0.414418,-0.06622
0.079455,0.431112,0.047807,0.08197,0.431042,0.042878,0.090987,0.489075,0.025183
0.079455,0.431112,0.047807,0.090987,0.489075,0.025183,0.073658,0.43073,0.059183
0.090987,0.375187,0.025183,0.079455,0.37486,0.047807,0.090987,0.328358,0.025183
0.073658,0.328358,0.059183,0.090987,0.328358,0.025183,0.079455,0.37486,0.047807
0.091417,0.375082,0.02247,0.090987,0.328358,0.025183,0.09199,0.374943,0.018848
-0.098378,0.414418,-0.032157,-0.090792,0.414418,-0.050487,-0.095695,0.402985,-0.03144
0.090987,0.375187,0.025183,0.090987,0.328358,0.025183,0.091417,0.375082,0.02247
-0.07872,0.414418,-0.06622,-0.090792,0.414418,-0.050487,-0.08433,0.42412,-0.07183
-0.097658,0.42412,-0.05445,-0.08433,0.42412,-0.07183,-0.090792,0.414418,-0.050487
-0.090792,0.414418,-0.050487,-0.098378,0.414418,-0.032157,-0.097658,0.42412,-0.05445
0.090987,0.328358,0.025183,0.09695,0.328358,-0.012499999,0.09199,0.374943,0.018848
0.09633,0.37506,-0.008578,0.09199,0.374943,0.018848002,0.09695,0.328358,-0.0125
-0.097658,0.42412,-0.05445,-0.10794,0.430598,-0.06039,-0.09272,0.430598,-0.08022
0.092795,0.43101,0.013755,0.090987,0.489075,0.025183,0.09199,0.43103,0.018848
-0.097658,0.42412,-0.05445,-0.10605,0.42412,-0.03422,-0.10794,0.430598,-0.06039
-0.08433,0.42412,-0.07183,-0.097658,0.42412,-0.05445,-0.09272,0.430598,-0.08022
-0.097658,0.42412,-0.05445,-0.098378,0.414418,-0.032157,-0.10605,0.42412,-0.03422
0.09695,0.628807,-0.0125,0.090987,0.489075,0.025183,0.09695,0.430895,-0.0125
-0.102623,0.373105,-0.090122,-0.120072,0.373105,-0.06739,-0.09272,0.375372,-0.08022
0.092795,0.43101,0.013755,0.09695,0.430895,-0.0125,0.090987,0.489075,0.025183
0.090987,0.430785,0.025183,0.09199,0.43103,0.018848,0.090987,0.489075,0.025183
0.09695,0.375078,-0.0125,0.09633,0.37506,-0.008578,0.09695,0.328358,-0.0125
-0.08433,0.38185,-0.07183,-0.06695,0.38185,-0.085158,-0.09272,0.375372,-0.08022
0.09695,0.375078,-0.0125,0.09695,0.328358,-0.0125,0.092795,0.374965,-0.038755
0.09199,0.43103,-0.043848,0.090987,0.489075,-0.050182,0.09633,0.430912,-0.016423
0.09695,0.430895,-0.0125,0.09633,0.430912,-0.016423,0.09695,0.628807,-0.0125
-0.06695,0.38185,-0.085158,-0.07289,0.375372,-0.09544,-0.09272,0.375372,-0.08022
0.090987,0.328358,-0.050182,0.092795,0.374965,-0.038755,0.09695,0.328358,-0.012499999
-0.14695,0.375078,-0.0125,-0.14633,0.37506,-0.016423,-0.14695,0.328358,-0.0125
-0.140988,0.328358,-0.050182,-0.14695,0.328358,-0.012499999,-0.14199,0.374943,-0.043848
-0.14695,0.628807,-0.0125,-0.140988,0.489075,-0.050182,-0.14695,0.430895,-0.0125
-0.142795,0.43101,-0.038755,-0.14695,0.430895,-0.012499999,-0.140988,0.489075,-0.050182
-0.14633,0.62879,-0.016423,-0.140988,0.489075,-0.050182,-0.14695,0.628807,-0.0125
-0.14633,0.37506,-0.016423,-0.14199,0.374943,-0.043848,-0.14695,0.328358,-0.0125
-0.14199,0.43103,0.018848,-0.141418,0.43089,0.02247,-0.140988,0.489075,0.025183
-0.140988,0.430785,0.025183,-0.140988,0.489075,0.025183,-0.141418,0.43089,0.02247
-0.142795,0.374965,0.013755,-0.140988,0.328358,0.025183,-0.14199,0.374943,0.018848
-0.14199,0.43103,0.018848,-0.140988,0.489075,0.025183,-0.14633,0.430912,-0.008578001
-0.140988,0.489075,0.025183,-0.14695,0.628807,-0.012499999,-0.14633,0.430912,-0.008577999
-0.142795,0.374965,0.013755,-0.14695,0.375078,-0.0125,-0.14695,0.328358,-0.0125
-0.14695,0.430895,-0.0125,-0.14633,0.430912,-0.008578,-0.14695,0.628807,-0.0125
-0.140988,0.489075,0.025183,-0.142795,0.628695,0.013755,-0.14695,0.628807,-0.012499999
-0.14695,0.328358,-0.0125,-0.140988,0.328358,0.025183,-0.142795,0.374965,0.013755
-0.140988,0.375187,0.025183,-0.14199,0.374943,0.018848,-0.140988,0.328358,0.025183
-0.140988,0.375187,0.025183,-0.140988,0.328358,0.025183,-0.13197,0.374932,0.042878
-0.140988,0.328358,0.025183,-0.123658,0.328358,0.059183,-0.13197,0.374932,0.042878
-0.12733,0.430972,0.051977,-0.123658,0.489075,0.059183,-0.129455,0.431112,0.047807
-0.123658,0.489075,0.059183,-0.140988,0.489075,0.025183,-0.129455,0.431112,0.047807
-0.123658,0.43073,0.059183,-0.123658,0.489075,0.059183,-0.12733,0.430972,0.051977
-0.140988,0.430785,0.025183,-0.129455,0.431112,0.047807,-0.140988,0.489075,0.025183
-0.123658,0.37524,0.059183,-0.129455,0.37486,0.047807,-0.123658,0.328358,0.059183
-0.129455,0.37486,0.047807,-0.13197,0.374932,0.042878,-0.123658,0.328358,0.059183
-0.11394,0.374948,0.0689,-0.123658,0.328358,0.059183,-0.11017,0.374835,0.07267
-0.123658,0.43073,0.059183,-0.11017,0.43114,0.07267,-0.123658,0.489075,0.059183
-0.123658,0.489075,0.059183,-0.1064,0.431025,0.07644,-0.096683,0.43073,0.086158
-0.096683,0.628972,0.086158,-0.123658,0.489075,0.059183,-0.096683,0.43073,0.086158
-0.11017,0.43114,0.07267,-0.1064,0.431025,0.07644,-0.123658,0.489075,0.059183
-0.096683,0.37524,0.086158,-0.11017,0.374835,0.07267,-0.096683,0.328358,0.086158
-0.096683,0.328358,0.086158,-0.11017,0.374835,0.07267,-0.123658,0.328358,0.059183
-0.123658,0.328358,0.059183,-0.11394,0.374948,0.0689,-0.123658,0.37524,0.059183
-0.089478,0.375,0.08983,-0.096683,0.328358,0.086158,-0.085308,0.37486,0.091955
-0.062683,0.430785,0.103488,-0.062683,0.628918,0.103488,-0.080378,0.431042,0.09447
-0.085308,0.431112,0.091955,-0.089478,0.628733,0.08983,-0.096683,0.43073,0.086158
-0.080378,0.431042,0.09447,-0.085308,0.628592,0.091955,-0.085308,0.431112,0.091955
-0.096683,0.628972,0.086158,-0.096683,0.43073,0.086158,-0.089478,0.628733,0.08983
-0.096683,0.328358,0.086158,-0.062683,0.328358,0.103488,-0.085308,0.37486,0.091955
-0.089478,0.375,0.08983,-0.096683,0.37524,0.086158,-0.096683,0.328358,0.086158
-0.062683,0.375187,0.103488,-0.085308,0.37486,0.091955,-0.062683,0.328358,0.103488
-0.05997,0.375082,0.103918,-0.062683,0.328358,0.103488,-0.056348,0.374943,0.10449
-0.062683,0.328358,0.103488,-0.05997,0.375082,0.103918,-0.062683,0.375187,0.103488
-0.056348,0.374943,0.10449,-0.025000002,0.328358,0.10945,-0.028923,0.37506,0.10883
-0.056348,0.43103,0.10449,-0.051255,0.43101,0.105295,-0.025000002,0.489075,0.10945
-0.025,0.489075,0.10945,-0.051255,0.43101,0.105295,-0.025,0.430895,0.10945
-0.062683,0.430785,0.103488,-0.056348,0.43103,0.10449,-0.024999999,0.489075,0.10945
-0.025,0.375078,0.10945,-0.028923,0.37506,0.10883,-0.025,0.328358,0.10945
-0.025,0.328358,0.10945,-0.056347996,0.374943,0.10449,-0.062683,0.328358,0.103488
-0.11394,0.374948,0.0689,-0.102623,0.373105,0.065123,-0.120072,0.373105,0.04239
-0.11017,0.374835,0.07267,-0.102623,0.373105,0.065123,-0.11394,0.374948,0.0689
-0.11394,0.374948,0.0689,-0.120072,0.373105,0.04239,-0.123658,0.37524,0.059183
-0.1064,0.431025,0.07644,-0.11017,0.43114,0.07267,-0.102623,0.43288,0.065123
-0.07989,0.43288,0.082573,-0.085308,0.431112,0.091955,-0.096683,0.43073,0.086158
-0.028923,0.37506,0.10883,-0.053415,0.373105,0.093538,-0.056348,0.374943,0.10449
-0.025,0.373105,0.09728,-0.053415,0.373105,0.093538,-0.028923,0.37506,0.10883
-0.05997,0.375082,0.103918,-0.053415,0.373105,0.093538,-0.07989,0.373105,0.082573
-0.056348,0.374943,0.10449,-0.053415,0.373105,0.093538,-0.05997,0.375082,0.103918
-0.085308,0.37486,0.091955,-0.062683,0.375187,0.103488,-0.07989,0.373105,0.082573
-0.05997,0.375082,0.103918,-0.07989,0.373105,0.082573,-0.062683,0.375187,0.103488
-0.053415,0.43288,0.093538,-0.025,0.430598,0.08328,-0.025,0.43288,0.09728
-0.025,0.43288,0.09728,-0.051255,0.43101,0.105295,-0.053415,0.43288,0.093538
-0.053415,0.43288,0.093538,-0.080378,0.431042,0.09447,-0.07989,0.43288,0.082573
-0.056348,0.43103,0.10449,-0.062683,0.430785,0.103488,-0.053415,0.43288,0.093538
-0.053415,0.43288,0.093538,-0.062683,0.430785,0.103488,-0.080378,0.431042,0.09447
-0.11017,0.374835,0.07267,-0.096683,0.37524,0.086158,-0.102623,0.373105,0.065123
-0.089478,0.375,0.08983,-0.102623,0.373105,0.065123,-0.096683,0.37524,0.086158
-0.102623,0.373105,0.065123,-0.089478,0.375,0.08983,-0.07989,0.373105,0.082573
-0.085308,0.37486,0.091955,-0.07989,0.373105,0.082573,-0.089478,0.375,0.08983
-0.053415,0.373105,0.093538,-0.07289,0.375372,0.07044,-0.07989,0.373105,0.082573
-0.08433,0.38185,0.04683,-0.09272,0.375372,0.05522,-0.07289,0.375372,0.07044
-0.08433,0.38185,0.04683,-0.07289,0.375372,0.07044,-0.06695,0.38185,0.060158
-0.053415,0.373105,0.093538,-0.049793,0.375372,0.080013,-0.07289,0.375372,0.07044
-0.053415,0.373105,0.093538,-0.025,0.373105,0.09728,-0.049793,0.375372,0.080013
-0.04672,0.38185,0.06855,-0.06695,0.38185,0.060158,-0.049793,0.375372,0.080013
-0.07289,0.375372,0.07044,-0.049793,0.375372,0.080013,-0.06695,0.38185,0.060158
-0.09272,0.430598,0.05522,-0.06695,0.42412,0.060158,-0.07289,0.430598,0.07044
-0.06695,0.42412,0.060158,-0.04672,0.42412,0.06855,-0.07289,0.430598,0.07044
-0.07989,0.43288,0.082573,-0.102623,0.43288,0.065123,-0.07289,0.430598,0.07044
-0.049793,0.430598,0.080013,-0.07989,0.43288,0.082573,-0.07289,0.430598,0.07044
-0.09272,0.430598,0.05522,-0.07289,0.430598,0.07044,-0.102623,0.43288,0.065123
-0.07989,0.43288,0.082573,-0.049793,0.430598,0.080013,-0.053415,0.43288,0.093538
-0.080378,0.431042,0.09447,-0.085308,0.431112,0.091955,-0.07989,0.43288,0.082573
-0.1064,0.431025,0.07644,-0.07989,0.43288,0.082573,-0.096683,0.43073,0.086158
-0.1064,0.431025,0.07644,-0.102623,0.43288,0.065123,-0.07989,0.43288,0.082573
-0.129455,0.37486,0.047807,-0.123658,0.37524,0.059183,-0.120072,0.373105,0.04239
-0.120072,0.373105,0.04239,-0.13197,0.374932,0.042878,-0.129455,0.37486,0.047807
-0.129455,0.431112,0.047807,-0.120072,0.43288,0.04239,-0.12733,0.430972,0.051977
-0.10794,0.375372,0.03539,-0.117513,0.375372,0.012292001,-0.120072,0.373105,0.04239
-0.102623,0.373105,0.065123,-0.10794,0.375372,0.03539,-0.120072,0.373105,0.04239
-0.120072,0.43288,0.04239,-0.09272,0.430598,0.05522,-0.102623,0.43288,0.065123
-0.102623,0.43288,0.065123,-0.12733,0.430972,0.051977,-0.120072,0.43288,0.04239
-0.11017,0.43114,0.07267,-0.123658,0.43073,0.059183,-0.102623,0.43288,0.065123
-0.12733,0.430972,0.051977,-0.102623,0.43288,0.065123,-0.123658,0.43073,0.059183
-0.14199,0.374943,0.018848,-0.140988,0.375187,0.025183,-0.131038,0.373105,0.015915
-0.13197,0.374932,0.042878,-0.131038,0.373105,0.015915,-0.140988,0.375187,0.025183
-0.13478,0.373105,-0.0125,-0.142795,0.374965,0.013755,-0.131038,0.373105,0.015915003
-0.141418,0.43089,0.02247,-0.120072,0.43288,0.04239,-0.140988,0.430785,0.025183
-0.14695,0.430895,-0.0125,-0.13478,0.43288,-0.0125,-0.14633,0.430912,-0.008578
-0.14199,0.43103,0.018848,-0.131038,0.43288,0.015915,-0.141418,0.43089,0.02247
-0.14199,0.43103,0.018848,-0.14633,0.430912,-0.008578001,-0.131038,0.43288,0.015915
-0.13197,0.374932,0.042878,-0.120072,0.373105,0.04239,-0.131038,0.373105,0.015915
-0.117513,0.375372,0.012292,-0.12078,0.375372,-0.0125,-0.131038,0.373105,0.015915
-0.117513,0.375372,0.012292,-0.131038,0.373105,0.015915,-0.120072,0.373105,0.04239
-0.10794,0.375372,0.03539,-0.097658,0.38185,0.02945,-0.10605,0.38185,0.00922
-0.097658,0.38185,0.02945,-0.10794,0.375372,0.03539,-0.09272,0.375372,0.05522
-0.097658,0.38185,0.02945,-0.098378,0.391553,0.007158,-0.10605,0.38185,0.00922
-0.097658,0.42412,0.02945,-0.10605,0.42412,0.00922,-0.090792,0.414418,0.025488
-0.097658,0.42412,0.02945,-0.08433,0.42412,0.04683,-0.10794,0.430598,0.03539
-0.131038,0.43288,0.015915,-0.13478,0.43288,-0.012500001,-0.117513,0.430598,0.012292
-0.08433,0.42412,0.04683,-0.09272,0.430598,0.05522,-0.10794,0.430598,0.03539
-0.131038,0.43288,0.015915,-0.10794,0.430598,0.03539,-0.120072,0.43288,0.04239
-0.120072,0.43288,0.04239,-0.10794,0.430598,0.03539,-0.09272,0.430598,0.05522
-0.131038,0.43288,0.015915,-0.117513,0.430598,0.012292,-0.10794,0.430598,0.03539
-0.129455,0.431112,0.047807,-0.140988,0.430785,0.025183,-0.120072,0.43288,0.04239
-0.131038,0.43288,0.015915,-0.120072,0.43288,0.04239,-0.141418,0.43089,0.02247
-0.102623,0.373105,0.065123,-0.09272,0.375372,0.05522,-0.10794,0.375372,0.03539
-0.09272,0.375372,0.05522,-0.102623,0.373105,0.065123,-0.07989,0.373105,0.082573
-0.07989,0.373105,0.082573,-0.07289,0.375372,0.07044,-0.09272,0.375372,0.05522
-0.09272,0.375372,0.05522,-0.08433,0.38185,0.04683,-0.097658,0.38185,0.02945
