-0.29087126,0.2321433,0.016668856,-0.25698838,0.1959414,0.03969959,-0.30120677,0.21623282,0.12166483
-0.29087126,0.2321433,0.016668856,-0.30120677,0.21623282,0.12166483,-0.35741487,0.25111622,0.13594809
0.09780125,0.59251386,-0.35555536,0.17971265,0.6074275,-0.33961445,0.18717927,0.5590401,-0.35372457
0.09780125,0.59251386,-0.35555536,0.18717927,0.5590401,-0.35372457,0.11741331,0.5541891,-0.37121233
0.14689174,0.29402012,-0.4265861,0.11599583,0.31653333,-0.43745908,0.16566417,0.3476091,-0.485761
0.14689174,0.29402012,-0.4265861,0.16566417,0.3476091,-0.485761,0.19187227,0.3261834,-0.47483253
-0.014159545,0.3622008,-0.4048758,0.05011864,0.36030212,-0.4187124,0.07527662,0.2986302,-0.41240722
-0.014159545,0.3622008,-0.4048758,0.07527662,0.2986302,-0.41240722,0.026349738,0.28486532,-0.39718452
-0.18030508,0.6446862,0.34073398,-0.2873452,0.6425349,0.27634582,-0.2836198,0.5775456,0.33910853
-0.18030508,0.6446862,0.34073398,-0.2836198,0.5775456,0.33910853,-0.20102856,0.5726847,0.37989646
0.15198556,0.42540273,-0.4953901,0.0975059,0.42206252,-0.4435498,0.11912479,0.4657449,-0.437777
0.15198556,0.42540273,-0.4953901,0.11912479,0.4657449,-0.437777,0.16915071,0.45834753,-0.49187768
-0.35962814,0.60358447,0.22755119,-0.40471628,0.53447914,0.22841729,-0.35609972,0.51796174,0.3000258
-0.35962814,0.60358447,0.22755119,-0.35609972,0.51796174,0.3000258,-0.33794633,0.5732253,0.29714802
0.18087293,0.2413233,-0.3418071,0.09225114,0.252519,-0.37931705,0.11788954,0.268296,-0.3955488
0.18087293,0.2413233,-0.3418071,0.11788954,0.268296,-0.3955488,0.19132392,0.26196572,-0.36155698
0.057516664,0.51110524,-0.3530386,0.07143291,0.51634806,-0.35025024,0.089128636,0.5047656,-0.3661247
0.057516664,0.51110524,-0.3530386,0.089128636,0.5047656,-0.3661247,0.05797086,0.5044887,-0.36740628
-0.22580104,0.65707743,-0.10207413,-0.11251793,0.71088904,-0.04562818,0.005902052,0.6969811,-0.16222894
-0.22580104,0.65707743,-0.10207413,0.005902052,0.6969811,-0.16222894,-0.16032085,0.6358509,-0.21343821
0.10383043,0.15340051,-0.19621497,0.007485971,0.16850941,-0.25474784,-0.009874977,0.19578062,-0.3040802
0.10383043,0.15340051,-0.19621497,-0.009874977,0.19578062,-0.3040802,0.1267723,0.17926891,-0.2395697
-0.06675264,0.4538685,-0.38379717,-0.077542946,0.36732182,-0.37274882,-0.14577863,0.374817,-0.325244
-0.06675264,0.4538685,-0.38379717,-0.14577863,0.374817,-0.325244,-0.13098805,0.47558132,-0.32500663
0.09225114,0.252519,-0.37931705,0.026349738,0.28486532,-0.39718452,0.07527662,0.2986302,-0.41240722
0.09225114,0.252519,-0.37931705,0.07527662,0.2986302,-0.41240722,0.11788954,0.268296,-0.3955488
0.09749962,0.3615477,-0.4432134,0.0975059,0.42206252,-0.4435498,0.15198556,0.42540273,-0.4953901
0.09749962,0.3615477,-0.4432134,0.15198556,0.42540273,-0.4953901,0.1506364,0.38244423,-0.4927398
-0.05303631,0.2190222,-0.32585904,-0.009874977,0.19578062,-0.3040802,-0.024906404,0.10202701,-0.2810397
-0.05303631,0.2190222,-0.32585904,-0.024906404,0.10202701,-0.2810397,-0.064271,0.104071505,-0.3015827
-0.13098805,0.47558132,-0.32500663,-0.14577863,0.374817,-0.325244,-0.21111985,0.36174932,-0.24637346
-0.13098805,0.47558132,-0.32500663,-0.21111985,0.36174932,-0.24637346,-0.2062841,0.49021712,-0.2368077
-0.16767919,0.1069794,-0.2575016,-0.163713,0.013656601,-0.25617093,-0.1408622,0.012737103,-0.20267871
-0.16767919,0.1069794,-0.2575016,-0.1408622,0.012737103,-0.20267871,-0.1447656,0.1054323,-0.20421717
0.05187177,0.65746355,-0.28520977,0.14022772,0.6800562,-0.26499724,0.15530436,0.6572895,-0.29348853
0.05187177,0.65746355,-0.28520977,0.15530436,0.6572895,-0.29348853,0.07269955,0.6377985,-0.32526267
0.07269955,0.6377985,-0.32526267,0.15530436,0.6572895,-0.29348853,0.17971265,0.6074275,-0.33961445
0.07269955,0.6377985,-0.32526267,0.17971265,0.6074275,-0.33961445,0.09780125,0.59251386,-0.35555536
-0.082697645,0.1377609,0.156279,-0.15877786,0.1497924,0.10759325,-0.091487885,0.1465881,-0.027142644
-0.082697645,0.1377609,0.156279,-0.091487885,0.1465881,-0.027142644,-0.010071151,0.137481,0.01903209
-0.2873452,0.6425349,0.27634582,-0.35962814,0.60358447,0.22755119,-0.33794633,0.5732253,0.29714802
-0.2873452,0.6425349,0.27634582,-0.33794633,0.5732253,0.29714802,-0.2836198,0.5775456,0.33910853
0.043958478,0.5702727,-0.35505205,0.09780125,0.59251386,-0.35555536,0.07021652,0.55340135,-0.34170297
0.043958478,0.5702727,-0.35505205,0.07021652,0.55340135,-0.34170297,0.05609095,0.55816203,-0.34086618
0.07143291,0.51634806,-0.35025024,0.07986997,0.5364552,-0.34505725,0.11741331,0.5541891,-0.37121233
0.07143291,0.51634806,-0.35025024,0.11741331,0.5541891,-0.37121233,0.089128636,0.5047656,-0.3661247
-0.2254349,0.18339752,0.19382519,-0.25506338,0.22325401,0.2666896,-0.25859734,0.1022901,0.25076786
-0.2254349,0.18339752,0.19382519,-0.25859734,0.1022901,0.25076786,-0.23607743,0.102277204,0.2155489
-0.09236292,0.60560703,-0.3047301,-0.16032085,0.6358509,-0.21343821,-0.18172607,0.71155053,-0.28451926
-0.09236292,0.60560703,-0.3047301,-0.18172607,0.71155053,-0.28451926,-0.13159464,0.6825537,-0.32461655
-0.27450573,0.3623067,-0.13050939,-0.21111985,0.36174932,-0.24637346,-0.196637,0.27210212,-0.24649034
-0.27450573,0.3623067,-0.13050939,-0.196637,0.27210212,-0.24649034,-0.2524588,0.2772249,-0.12000879
-0.27450573,0.3623067,-0.13050939,-0.27043077,0.503847,-0.13084097,-0.2062841,0.49021712,-0.2368077
-0.27450573,0.3623067,-0.13050939,-0.2062841,0.49021712,-0.2368077,-0.21111985,0.36174932,-0.24637346
-0.014159545,0.3622008,-0.4048758,0.0050795227,0.4381062,-0.4016137,0.050910562,0.4305192,-0.41862977
-0.014159545,0.3622008,-0.4048758,0.050910562,0.4305192,-0.41862977,0.05011864,0.36030212,-0.4187124
-0.40471628,0.53447914,0.22841729,-0.419141,0.43509993,0.23036519,-0.3573047,0.42709893,0.304011
-0.40471628,0.53447914,0.22841729,-0.3573047,0.42709893,0.304011,-0.35609972,0.51796174,0.3000258
-0.18172607,0.71155053,-0.28451926,-0.006860614,0.7604709,-0.21528837,-0.10440409,0.85746783,-0.36801916
-0.18172607,0.71155053,-0.28451926,-0.10440409,0.85746783,-0.36801916,-0.1545666,0.82685584,-0.38858235
-0.1545666,0.82685584,-0.38858235,-0.10440409,0.85746783,-0.36801916,-0.098733574,0.83940184,-0.37498605
-0.1545666,0.82685584,-0.38858235,-0.098733574,0.83940184,-0.37498605,-0.14498164,0.80990314,-0.3940233
-0.13159464,0.6825537,-0.32461655,-0.18172607,0.71155053,-0.28451926,-0.1545666,0.82685584,-0.38858235
-0.13159464,0.6825537,-0.32461655,-0.1545666,0.82685584,-0.38858235,-0.14498164,0.80990314,-0.3940233
-0.22580104,0.65707743,-0.10207413,-0.16032085,0.6358509,-0.21343821,-0.2062841,0.49021712,-0.2368077
-0.22580104,0.65707743,-0.10207413,-0.2062841,0.49021712,-0.2368077,-0.27043077,0.503847,-0.13084097
0.026349738,0.28486532,-0.39718452,-0.03142388,0.2604306,-0.36931583,-0.077542946,0.36732182,-0.37274882
0.026349738,0.28486532,-0.39718452,-0.077542946,0.36732182,-0.37274882,-0.014159545,0.3622008,-0.4048758
-0.35741487,0.25111622,0.13594809,-0.38052118,0.33867154,0.1158663,-0.31384146,0.2949387,0.0027753115
-0.35741487,0.25111622,0.13594809,-0.31384146,0.2949387,0.0027753115,-0.29087126,0.2321433,0.016668856
-0.11251793,0.71088904,-0.04562818,-0.003906667,0.7387086,0.007382676,0.07584547,0.71366763,-0.14333001
-0.11251793,0.71088904,-0.04562818,0.07584547,0.71366763,-0.14333001,0.0059020445,0.6969811,-0.16222894
-0.08992027,0.15820532,-0.16757366,-0.14818795,0.1845558,-0.19965024,-0.1447656,0.1054323,-0.20421717
-0.08992027,0.15820532,-0.16757366,-0.1447656,0.1054323,-0.20421717,-0.089088544,0.102764405,-0.17507784
-0.3742907,0.25352013,0.21447197,-0.35741487,0.25111622,0.13594809,-0.34665713,0.104111105,0.15730128
-0.3742907,0.25352013,0.21447197,-0.34665713,0.104111105,0.15730128,-0.3589824,0.103814706,0.19970596
-0.27428806,0.28981322,0.33082232,-0.19361162,0.28284422,0.3658802,-0.20997044,0.3886749,0.39679453
-0.27428806,0.28981322,0.33082232,-0.20997044,0.3886749,0.39679453,-0.28754953,0.40042293,0.36120003
-0.08377723,0.7388205,0.15831916,-0.19667086,0.7219479,0.086144865,-0.25078055,0.6993159,0.18474269
-0.08377723,0.7388205,0.15831916,-0.25078055,0.6993159,0.18474269,-0.13538417,0.71049994,0.2558441
-0.13538417,0.71049994,0.2558441,-0.25078055,0.6993159,0.18474269,-0.2873452,0.6425349,0.27634582
-0.13538417,0.71049994,0.2558441,-0.2873452,0.6425349,0.27634582,-0.18030508,0.6446862,0.34073398
-0.419141,0.43509993,0.23036519,-0.40218076,0.35293412,0.22631839,-0.35190386,0.3404544,0.29603422
-0.419141,0.43509993,0.23036519,-0.35190386,0.3404544,0.29603422,-0.3573047,0.42709893,0.304011
-0.035308465,0.008997001,-0.19259414,-0.032989256,0.10041,-0.19171411,-0.089088544,0.102764405,-0.17507784
-0.035308465,0.008997001,-0.19259414,-0.089088544,0.102764405,-0.17507784,-0.08833082,0.0105339,-0.17492737
-0.40471628,0.53447914,0.22841729,-0.35962814,0.60358447,0.22755119,-0.33503568,0.6464535,0.11506452
-0.40471628,0.53447914,0.22841729,-0.33503568,0.6464535,0.11506452,-0.38005182,0.5269527,0.09726736
-0.38005182,0.5269527,0.09726736,-0.33503568,0.6464535,0.11506452,-0.28896427,0.6651015,0.010256365
-0.38005182,0.5269527,0.09726736,-0.28896427,0.6651015,0.010256365,-0.33314624,0.5223897,-0.018251449
-0.419141,0.43509993,0.23036519,-0.40471628,0.53447914,0.22841729,-0.38005182,0.5269527,0.09726736
-0.419141,0.43509993,0.23036519,-0.38005182,0.5269527,0.09726736,-0.38825673,0.4176108,0.10104638
-0.38825673,0.4176108,0.10104638,-0.38005182,0.5269527,0.09726736,-0.33314624,0.5223897,-0.018251449
-0.38825673,0.4176108,0.10104638,-0.33314624,0.5223897,-0.018251449,-0.3371881,0.38454604,-0.012391999
-0.30120677,0.21623282,0.12166483,-0.24379429,0.18498181,0.14786777,-0.24825516,0.102327004,0.16737363
-0.30120677,0.21623282,0.12166483,-0.24825516,0.102327004,0.16737363,-0.30400857,0.103492506,0.13869418
-0.30400857,0.103492506,0.13869418,-0.30358863,0.011089802,0.13806346,-0.3458618,0.011089802,0.15626776
-0.30400857,0.103492506,0.13869418,-0.3458618,0.011089802,0.15626776,-0.34665713,0.1041111,0.15730128
-0.19667086,0.7219479,0.086144865,-0.28896427,0.6651015,0.010256365,-0.33503568,0.6464535,0.11506452
-0.19667086,0.7219479,0.086144865,-0.33503568,0.6464535,0.11506452,-0.25078055,0.6993159,0.18474269
-0.25078055,0.6993159,0.18474269,-0.33503568,0.6464535,0.11506452,-0.35962814,0.60358447,0.22755119
-0.25078055,0.6993159,0.18474269,-0.35962814,0.60358447,0.22755119,-0.2873452,0.6425349,0.27634582
-0.3025236,0.22928552,0.28622645,-0.341299,0.24617551,0.26986867,-0.33662182,0.1029609,0.25117344
-0.3025236,0.22928552,0.28622645,-0.33662182,0.1029609,0.25117344,-0.31055897,0.1026441,0.26466432
-0.09236292,0.60560703,-0.3047301,-0.013736114,0.5543007,-0.35369217,-0.009202361,0.5189403,-0.35910088
-0.09236292,0.60560703,-0.3047301,-0.009202361,0.5189403,-0.35910088,-0.13098805,0.47558132,-0.32500663
0.0012554526,0.6174048,-0.32708833,-0.065124676,0.6095391,-0.31205493,0.05187177,0.65746355,-0.28520977
-0.16032085,0.6358509,-0.21343821,0.005902052,0.6969811,-0.16222894,-0.006860614,0.7604709,-0.21528837
-0.16032085,0.6358509,-0.21343821,-0.006860614,0.7604709,-0.21528837,-0.18172607,0.71155053,-0.28451926
-0.0068606213,0.7604709,-0.21528837,0.021692105,0.73710275,-0.25860012,-0.098733574,0.83940184,-0.37498605
-0.0068606213,0.7604709,-0.21528837,-0.098733574,0.83940184,-0.37498605,-0.10440409,0.85746783,-0.36801916
-0.042931885,2.2950002E-4,-0.20173773,-0.15204233,2.2950002E-4,-0.25334924,-0.12509477,2.2950002E-4,-0.28722176
-0.042931885,2.2950002E-4,-0.20173773,-0.12509477,2.2950002E-4,-0.28722176,-0.023300484,2.2950002E-4,-0.23469935
-0.24824241,0.0110898,0.16735083,-0.24825516,0.102327004,0.16737363,-0.23607743,0.102277204,0.2155489
-0.24824241,0.0110898,0.16735083,-0.23607743,0.102277204,0.2155489,-0.23606363,0.0110898,0.21552733
-0.33685863,2.2950002E-4,0.16421188,-0.24774043,2.2950002E-4,0.2136338,-0.26545048,2.2950002E-4,0.24134046
-0.33685863,2.2950002E-4,0.16421188,-0.26545048,2.2950002E-4,0.24134046,-0.3466759,2.2950002E-4,0.19809973
-0.31055897,0.1026441,0.26466432,-0.33662182,0.10296091,0.25117344,-0.33613545,0.011089802,0.25070447
-0.31055897,0.1026441,0.26466432,-0.33613545,0.011089802,0.25070447,-0.31025946,0.011089802,0.26439717
-0.064271,0.104071505,-0.3015827,-0.062417194,0.011401802,-0.3010701,-0.13111368,0.013089001,-0.29699105
-0.064271,0.104071505,-0.3015827,-0.13111368,0.013089001,-0.29699105,-0.13380681,0.10601581,-0.2978154
-0.00931596,0.10028671,-0.23210803,-0.032989256,0.10041,-0.19171411,-0.035308465,0.008997001,-0.19259414
-0.00931596,0.10028671,-0.23210803,-0.035308465,0.008997001,-0.19259414,-0.011244275,0.008776501,-0.23299876
-0.3589824,0.103814706,0.19970596,-0.35818008,0.011089802,0.19878817,-0.33613545,0.011089802,0.25070447
-0.3589824,0.103814706,0.19970596,-0.33613545,0.011089802,0.25070447,-0.33662182,0.10296091,0.25117344
0.06808097,0.1371801,-0.12865695,-0.038994707,0.1509261,-0.17853466,0.007485971,0.16850941,-0.25474784
0.06808097,0.1371801,-0.12865695,0.007485971,0.16850941,-0.25474784,0.10383043,0.15340051,-0.19621497
-0.18185194,0.21253201,-0.2549978,-0.12996127,0.23261401,-0.32431465,-0.13380681,0.10601581,-0.2978154
-0.18185194,0.21253201,-0.2549978,-0.13380681,0.10601581,-0.2978154,-0.16767919,0.1069794,-0.2575016
-0.13857698,0.28725332,-0.32356095,-0.196637,0.27210212,-0.24649034,-0.21111985,0.36174932,-0.24637346
-0.13857698,0.28725332,-0.32356095,-0.21111985,0.36174932,-0.24637346,-0.14577863,0.374817,-0.325244
-0.15877786,0.1497924,0.10759325,-0.21308416,0.1692042,0.07105746,-0.15030497,0.16352761,-0.056966737
-0.15877786,0.1497924,0.10759325,-0.15030497,0.16352761,-0.056966737,-0.091487885,0.1465881,-0.027142644
-0.15877786,0.1497924,0.10759325,-0.082697645,0.1377609,0.156279,-0.13510522,0.1655634,0.25531694
-0.15877786,0.1497924,0.10759325,-0.13510522,0.1655634,0.25531694,-0.2254349,0.18339752,0.19382519
-0.3742907,0.25352013,0.21447197,-0.40218076,0.35293412,0.22631839,-0.38052118,0.33867154,0.1158663
-0.3742907,0.25352013,0.21447197,-0.38052118,0.33867154,0.1158663,-0.35741487,0.25111622,0.13594809
-0.35190386,0.3404544,0.29603422,-0.27428806,0.28981322,0.33082232,-0.28754953,0.40042293,0.36120003
-0.35190386,0.3404544,0.29603422,-0.28754953,0.40042293,0.36120003,-0.3573047,0.42709893,0.304011
-0.2254349,0.18339752,0.19382519,-0.13510522,0.1655634,0.25531694,-0.1802627,0.2328681,0.3406539
-0.28767908,0.5220267,0.35816467,-0.24589758,0.5192628,0.3778072,-0.23401041,0.5396646,0.3782314
-0.28767908,0.5220267,0.35816467,-0.23401041,0.5396646,0.3782314,-0.2836198,0.5775456,0.33910853
-0.35609972,0.51796174,0.3000258,-0.28767908,0.5220267,0.35816467,-0.2836198,0.5775456,0.33910853
-0.35609972,0.51796174,0.3000258,-0.2836198,0.5775456,0.33910853,-0.33794633,0.5732253,0.29714802
-0.28754953,0.40042293,0.36120003,-0.24068703,0.48179403,0.3877987,-0.24589758,0.5192628,0.3778072
-0.28754953,0.40042293,0.36120003,-0.24589758,0.5192628,0.3778072,-0.28767908,0.5220267,0.35816467
-0.3573047,0.42709893,0.304011,-0.28754953,0.40042293,0.36120003,-0.28767908,0.5220267,0.35816467
-0.3573047,0.42709893,0.304011,-0.28767908,0.5220267,0.35816467,-0.35609972,0.51796174,0.3000258
-0.009874977,0.19578062,-0.3040802,-0.05303631,0.2190222,-0.32585904,-0.03142388,0.2604306,-0.36931583
-0.009874977,0.19578062,-0.3040802,-0.03142388,0.2604306,-0.36931583,0.038072318,0.21750662,-0.33448765
-0.05303631,0.2190222,-0.32585904,-0.12996127,0.23261401,-0.32431465,-0.13857698,0.28725332,-0.32356095
-0.05303631,0.2190222,-0.32585904,-0.13857698,0.28725332,-0.32356095,-0.03142388,0.2604306,-0.36931583
-0.3025236,0.22928552,0.28622645,-0.25506338,0.22325401,0.2666896,-0.23983052,0.24012001,0.3160495
-0.3025236,0.22928552,0.28622645,-0.23983052,0.24012001,0.3160495,-0.27428806,0.28981322,0.33082232
-0.19692083,0.18760802,-0.08027358,-0.25698838,0.1959414,0.03969959,-0.29087126,0.2321433,0.016668856
-0.19692083,0.18760802,-0.08027358,-0.29087126,0.2321433,0.016668856,-0.23243831,0.21740282,-0.100111954
-0.3742907,0.25352013,0.21447197,-0.341299,0.24617551,0.26986867,-0.35190386,0.3404544,0.29603422
-0.3742907,0.25352013,0.21447197,-0.35190386,0.3404544,0.29603422,-0.40218076,0.35293412,0.22631839
-0.23607743,0.102277204,0.2155489,-0.25859734,0.1022901,0.25076786,-0.2585832,0.011089802,0.25075772
-0.23607743,0.102277204,0.2155489,-0.2585832,0.011089802,0.25075772,-0.23606363,0.011089802,0.21552733
-0.24825516,0.102327004,0.16737363,-0.24379429,0.18498181,0.14786777,-0.2254349,0.18339752,0.19382519
-0.24825516,0.102327004,0.16737363,-0.2254349,0.18339752,0.19382519,-0.23607743,0.102277204,0.2155489
-0.31055897,0.1026441,0.26466432,-0.31025946,0.011089802,0.26439717,-0.2585832,0.011089802,0.25075772
-0.31055897,0.1026441,0.26466432,-0.2585832,0.011089802,0.25075772,-0.25859734,0.1022901,0.25076786
-0.032989256,0.10041,-0.19171411,-0.038994707,0.1509261,-0.17853466,-0.08992027,0.15820532,-0.16757366
-0.032989256,0.10041,-0.19171411,-0.08992027,0.15820532,-0.16757366,-0.089088544,0.102764405,-0.17507784
-0.16767919,0.1069794,-0.2575016,-0.13380681,0.10601581,-0.2978154,-0.13111368,0.013089001,-0.29699105
-0.16767919,0.1069794,-0.2575016,-0.13111368,0.013089001,-0.29699105,-0.163713,0.013656601,-0.25617093
-0.3589824,0.103814706,0.19970596,-0.34665713,0.1041111,0.15730128,-0.3458618,0.011089802,0.15626776
-0.3589824,0.103814706,0.19970596,-0.3458618,0.011089802,0.15626776,-0.35818008,0.011089802,0.19878817
-0.064271,0.104071505,-0.3015827,-0.024906404,0.10202701,-0.2810397,-0.024745524,0.009876601,-0.2811552
-0.064271,0.104071505,-0.3015827,-0.024745524,0.009876601,-0.2811552,-0.062417194,0.011401802,-0.3010701
-0.18185194,0.21253201,-0.2549978,-0.16767919,0.1069794,-0.2575016,-0.1447656,0.1054323,-0.20421717
-0.18185194,0.21253201,-0.2549978,-0.1447656,0.1054323,-0.20421717,-0.14818795,0.1845558,-0.19965024
-0.089088544,0.102764405,-0.17507784,-0.1447656,0.1054323,-0.20421717,-0.1408622,0.012737103,-0.20267871
-0.089088544,0.102764405,-0.17507784,-0.1408622,0.012737103,-0.20267871,-0.08833082,0.010533899,-0.17492737
-0.05303631,0.2190222,-0.32585904,-0.064271,0.104071505,-0.3015827,-0.13380681,0.10601581,-0.2978154
-0.05303631,0.2190222,-0.32585904,-0.13380681,0.10601581,-0.2978154,-0.12996127,0.23261401,-0.32431465
0.007485971,0.16850941,-0.25474784,-0.00931596,0.10028671,-0.23210803,-0.024906404,0.10202701,-0.2810397
0.007485971,0.16850941,-0.25474784,-0.024906404,0.10202701,-0.2810397,-0.009874977,0.19578062,-0.3040802
-0.3025236,0.22928552,0.28622645,-0.31055897,0.1026441,0.26466432,-0.25859734,0.10229011,0.25076786
-0.3025236,0.22928552,0.28622645,-0.25859734,0.10229011,0.25076786,-0.25506338,0.22325401,0.2666896
-0.30400857,0.103492506,0.13869418,-0.24825516,0.102327004,0.16737363,-0.24824241,0.011089802,0.16735083
-0.30400857,0.103492506,0.13869418,-0.24824241,0.011089802,0.16735083,-0.30358863,0.011089802,0.13806346
-0.3742907,0.25352013,0.21447197,-0.3589824,0.103814706,0.19970596,-0.33662182,0.102960914,0.25117344
-0.3742907,0.25352013,0.21447197,-0.33662182,0.102960914,0.25117344,-0.341299,0.24617551,0.26986867
-0.30120677,0.21623282,0.12166483,-0.30400857,0.103492506,0.13869418,-0.34665713,0.1041111,0.15730128
-0.30120677,0.21623282,0.12166483,-0.34665713,0.1041111,0.15730128,-0.35741487,0.25111622,0.13594809
0.007485971,0.16850941,-0.25474784,-0.038994707,0.1509261,-0.17853466,-0.032989256,0.10041,-0.19171411
0.007485971,0.16850941,-0.25474784,-0.032989256,0.10041,-0.19171411,-0.00931596,0.10028671,-0.23210803
-0.31384146,0.2949387,0.0027753115,-0.38052118,0.33867154,0.1158663,-0.38825673,0.4176108,0.10104638
-0.31384146,0.2949387,0.0027753115,-0.38825673,0.4176108,0.10104638,-0.3371881,0.38454604,-0.012391999
-0.2524588,0.2772249,-0.12000879,-0.196637,0.27210212,-0.24649036,-0.18185194,0.21253201,-0.2549978
-0.2524588,0.2772249,-0.12000879,-0.18185194,0.21253201,-0.2549978,-0.23243831,0.21740282,-0.100111954
-0.38052118,0.33867154,0.1158663,-0.40218076,0.35293412,0.22631839,-0.419141,0.43509993,0.23036519
-0.38052118,0.33867154,0.1158663,-0.419141,0.43509993,0.23036519,-0.38825673,0.4176108,0.10104638
-0.196637,0.27210212,-0.24649034,-0.13857698,0.28725332,-0.32356095,-0.12996127,0.23261401,-0.32431465
-0.196637,0.27210212,-0.24649034,-0.12996127,0.23261401,-0.32431465,-0.18185194,0.21253201,-0.2549978
-0.30120677,0.21623282,0.12166483,-0.25698838,0.1959414,0.03969959,-0.21308416,0.1692042,0.07105746
-0.30120677,0.21623282,0.12166483,-0.21308416,0.1692042,0.07105746,-0.24379429,0.18498181,0.14786777
-0.19361162,0.28284422,0.3658802,-0.27428806,0.28981322,0.33082232,-0.23983052,0.24012001,0.3160495
-0.19361162,0.28284422,0.3658802,-0.23983052,0.24012001,0.3160495,-0.1802627,0.2328681,0.3406539
0.1267723,0.17926891,-0.2395697,-0.009874985,0.19578062,-0.3040802,0.038072318,0.21750662,-0.33448765
0.1267723,0.17926891,-0.2395697,0.038072318,0.21750662,-0.33448765,0.15019783,0.20573281,-0.28383842
-0.27428806,0.28981322,0.33082232,-0.35190386,0.3404544,0.29603422,-0.341299,0.24617551,0.26986867
-0.27428806,0.28981322,0.33082232,-0.341299,0.24617551,0.26986867,-0.3025236,0.22928552,0.28622645
-0.09236292,0.60560703,-0.3047301,-0.065124676,0.6095391,-0.31205493,-0.013736114,0.5543007,-0.35369217
0.038072318,0.21750662,-0.33448765,-0.03142388,0.2604306,-0.36931583,0.026349738,0.28486532,-0.39718452
0.038072318,0.21750662,-0.33448765,0.026349738,0.28486532,-0.39718452,0.09225114,0.252519,-0.37931705
0.15019783,0.20573281,-0.28383842,0.038072318,0.21750662,-0.33448765,0.09225114,0.252519,-0.37931705
0.15019783,0.20573281,-0.28383842,0.09225114,0.252519,-0.37931705,0.18087293,0.2413233,-0.3418071
-0.16032085,0.6358509,-0.21343821,-0.09236292,0.60560703,-0.3047301,-0.13098805,0.47558132,-0.32500663
-0.16032085,0.6358509,-0.21343821,-0.13098805,0.47558132,-0.32500663,-0.2062841,0.49021712,-0.2368077
0.005902048,0.6969811,-0.16222894,0.056098156,0.6750543,-0.25254527,0.021692105,0.73710275,-0.25860012
0.005902048,0.6969811,-0.16222894,0.021692105,0.73710275,-0.25860012,-0.0068606213,0.7604709,-0.21528837
0.0050795227,0.4381062,-0.4016137,-0.014159545,0.3622008,-0.4048758,-0.077542946,0.36732182,-0.37274882
0.0050795227,0.4381062,-0.4016137,-0.077542946,0.36732182,-0.37274882,-0.06675264,0.4538685,-0.38379717
-0.077542946,0.36732182,-0.37274882,-0.03142388,0.2604306,-0.36931583,-0.13857698,0.28725332,-0.32356095
-0.077542946,0.36732182,-0.37274882,-0.13857698,0.28725332,-0.32356095,-0.14577863,0.374817,-0.325244
0.09749962,0.3615477,-0.4432134,0.1506364,0.38244423,-0.4927398,0.16566417,0.3476091,-0.485761
0.09749962,0.3615477,-0.4432134,0.16566417,0.3476091,-0.485761,0.11599583,0.31653333,-0.43745908
0.11912479,0.4657449,-0.437777,0.15417346,0.47733274,-0.42439425,0.19897076,0.4719375,-0.48162255
0.11912479,0.4657449,-0.437777,0.19897076,0.4719375,-0.48162255,0.16915071,0.45834753,-0.49187768
0.15417346,0.47733274,-0.42439425,0.2143984,0.4994067,-0.4051623,0.24427998,0.4944582,-0.46163145
0.15417346,0.47733274,-0.42439425,0.24427998,0.4944582,-0.46163145,0.19897076,0.4719375,-0.48162255
-0.31384146,0.2949387,0.0027753115,-0.2524588,0.2772249,-0.12000879,-0.23243831,0.21740282,-0.100111954
-0.31384146,0.2949387,0.0027753115,-0.23243831,0.21740282,-0.100111954,-0.29087126,0.2321433,0.016668856
-0.14818795,0.1845558,-0.19965024,-0.19692083,0.18760802,-0.08027358,-0.23243831,0.21740282,-0.100111954
-0.14818795,0.1845558,-0.19965024,-0.23243831,0.21740282,-0.100111954,-0.18185194,0.21253201,-0.2549978
-0.19667086,0.7219479,0.086144865,-0.08377723,0.7388205,0.15831916,-0.003906667,0.7387086,0.007382676
-0.19667086,0.7219479,0.086144865,-0.003906667,0.7387086,0.007382676,-0.11251793,0.71088904,-0.045628175
-0.28896427,0.6651015,0.010256365,-0.22580104,0.65707743,-0.10207413,-0.27043077,0.503847,-0.13084097
-0.28896427,0.6651015,0.010256365,-0.27043077,0.503847,-0.13084097,-0.33314624,0.5223897,-0.018251449
-0.3371881,0.38454604,-0.012391999,-0.33314624,0.5223897,-0.018251449,-0.27043077,0.503847,-0.13084097
-0.3371881,0.38454604,-0.012391999,-0.27043077,0.503847,-0.13084097,-0.27450573,0.3623067,-0.13050939
-0.3371881,0.38454604,-0.012391999,-0.27450573,0.3623067,-0.13050939,-0.2524588,0.2772249,-0.12000879
-0.3371881,0.38454604,-0.012391999,-0.2524588,0.2772249,-0.12000879,-0.31384146,0.2949387,0.0027753115
-0.28896427,0.6651015,0.010256365,-0.19667086,0.7219479,0.086144865,-0.11251792,0.71088904,-0.04562818
-0.28896427,0.6651015,0.010256365,-0.11251792,0.71088904,-0.04562818,-0.22580104,0.65707743,-0.10207413
-0.3089295,2.2950002E-4,0.2528162,-0.26545048,2.2950002E-4,0.24134046,-0.2585832,0.0110898,0.25075772
-0.3089295,2.2950002E-4,0.2528162,-0.2585832,0.0110898,0.25075772,-0.31025946,0.0110898,0.26439717
-0.15204233,2.2950002E-4,-0.25334924,-0.13113941,2.2950002E-4,-0.20981815,-0.1408622,0.0127371,-0.20267871
-0.15204233,2.2950002E-4,-0.25334924,-0.1408622,0.0127371,-0.20267871,-0.163713,0.0136566,-0.25617093
-0.3466759,2.2950002E-4,0.19809973,-0.32764843,2.2950002E-4,0.24291076,-0.33613545,0.0110898,0.25070447
-0.3466759,2.2950002E-4,0.19809973,-0.33613545,0.0110898,0.25070447,-0.35818008,0.0110898,0.19878817
-0.06423659,2.2950002E-4,-0.28973353,-0.12509477,2.2950002E-4,-0.28722176,-0.13111368,0.013089,-0.29699105
-0.06423659,2.2950002E-4,-0.28973353,-0.13111368,0.013089,-0.29699105,-0.062417194,0.0114018,-0.3010701
-0.30407074,2.2950002E-4,0.15009344,-0.33685863,2.2950002E-4,0.16421188,-0.3458618,0.0110898,0.15626776
-0.30407074,2.2950002E-4,0.15009344,-0.3458618,0.0110898,0.15626776,-0.30358863,0.0110898,0.13806346
-0.023300484,2.2950002E-4,-0.23469935,-0.03427591,2.2950002E-4,-0.27387968,-0.024745524,0.0098766005,-0.2811552
-0.023300484,2.2950002E-4,-0.23469935,-0.024745524,0.0098766005,-0.2811552,-0.011244275,0.008776501,-0.23299876
-0.087531716,2.2950002E-4,-0.18677838,-0.042931885,2.2950002E-4,-0.20173773,-0.035308465,0.008997001,-0.19259414
-0.087531716,2.2950002E-4,-0.18677838,-0.035308465,0.008997001,-0.19259414,-0.08833082,0.0105339,-0.17492737
-0.24774043,2.2950002E-4,0.2136338,-0.25758657,2.2950002E-4,0.17469129,-0.24824241,0.0110898,0.16735083
-0.24774043,2.2950002E-4,0.2136338,-0.24824241,0.0110898,0.16735083,-0.23606363,0.0110898,0.21552733
-0.042931885,2.2950002E-4,-0.20173773,-0.023300484,2.2950002E-4,-0.23469935,-0.011244275,0.008776501,-0.23299876
-0.042931885,2.2950002E-4,-0.20173773,-0.011244275,0.008776501,-0.23299876,-0.035308465,0.008997001,-0.19259414
-0.08833082,0.0105339,-0.17492737,-0.1408622,0.0127371,-0.20267871,-0.13113941,2.2950023E-4,-0.20981815
-0.08833082,0.0105339,-0.17492737,-0.13113941,2.2950023E-4,-0.20981815,-0.087531716,2.2950023E-4,-0.18677838
-0.163713,0.0136566,-0.25617093,-0.13111368,0.013089,-0.29699105,-0.12509477,2.2950023E-4,-0.28722176
-0.163713,0.0136566,-0.25617093,-0.12509477,2.2950023E-4,-0.28722176,-0.15204233,2.2950023E-4,-0.25334924
-0.062417194,0.0114018,-0.3010701,-0.024745524,0.0098766005,-0.2811552,-0.03427591,2.2950023E-4,-0.27387968
-0.062417194,0.0114018,-0.3010701,-0.03427591,2.2950023E-4,-0.27387968,-0.06423659,2.2950023E-4,-0.28973353
-0.35818008,0.0110898,0.19878817,-0.3458618,0.0110898,0.15626776,-0.33685863,2.2950023E-4,0.16421188
-0.35818008,0.0110898,0.19878817,-0.33685863,2.2950023E-4,0.16421188,-0.3466759,2.2950023E-4,0.19809973
-0.30358863,0.0110898,0.13806346,-0.24824241,0.0110898,0.16735083,-0.25758657,2.2950023E-4,0.17469129
-0.30358863,0.0110898,0.13806346,-0.25758657,2.2950023E-4,0.17469129,-0.30407074,2.2950023E-4,0.15009344
-0.23606363,0.0110898,0.21552733,-0.2585832,0.0110898,0.25075772,-0.26545048,2.2950023E-4,0.24134046
-0.23606363,0.0110898,0.21552733,-0.26545048,2.2950023E-4,0.24134046,-0.24774043,2.2950023E-4,0.2136338
-0.31025946,0.0110898,0.26439717,-0.33613545,0.0110898,0.25070447,-0.32764843,2.2950023E-4,0.24291076
-0.31025946,0.0110898,0.26439717,-0.32764843,2.2950023E-4,0.24291076,-0.3089295,2.2950023E-4,0.2528162
-0.00931596,0.10028671,-0.23210803,-0.011244275,0.008776501,-0.23299876,-0.024745524,0.009876601,-0.2811552
-0.00931596,0.10028671,-0.23210803,-0.024745524,0.009876601,-0.2811552,-0.024906404,0.10202701,-0.2810397
-0.2254349,0.18339752,0.19382519,-0.24379429,0.18498181,0.14786777,-0.21308416,0.1692042,0.07105746
-0.2254349,0.18339752,0.19382519,-0.21308416,0.1692042,0.07105746,-0.15877786,0.1497924,0.10759325
-0.091487885,0.1465881,-0.027142648,-0.15030497,0.16352761,-0.056966744,-0.08992027,0.15820532,-0.16757366
-0.091487885,0.1465881,-0.027142648,-0.08992027,0.15820532,-0.16757366,-0.038994707,0.1509261,-0.17853466
-0.010071149,0.137481,0.01903209,-0.091487885,0.1465881,-0.027142648,-0.038994707,0.1509261,-0.17853466
-0.010071149,0.137481,0.01903209,-0.038994707,0.1509261,-0.17853466,0.06808097,0.1371801,-0.12865695
-0.15030497,0.16352761,-0.056966744,-0.21308416,0.1692042,0.07105746,-0.25698838,0.1959414,0.03969959
-0.15030497,0.16352761,-0.056966744,-0.25698838,0.1959414,0.03969959,-0.19692083,0.18760802,-0.08027358
-0.08992027,0.15820532,-0.16757366,-0.15030497,0.16352761,-0.056966744,-0.19692083,0.18760802,-0.08027358
-0.08992027,0.15820532,-0.16757366,-0.19692083,0.18760802,-0.08027358,-0.14818795,0.1845558,-0.19965024
0.1312693,0.5080689,-0.38523507,0.19418004,0.51367176,-0.3669544,0.2143984,0.4994067,-0.4051623
0.1312693,0.5080689,-0.38523507,0.2143984,0.4994067,-0.4051623,0.15417346,0.47733274,-0.42439425
0.19132392,0.26196572,-0.36155698,0.11788954,0.268296,-0.3955488,0.14689174,0.29402012,-0.4265861
0.19132392,0.26196572,-0.36155698,0.14689174,0.29402012,-0.4265861,0.21013686,0.28885922,-0.397109
0.07527662,0.2986302,-0.41240722,0.05011864,0.36030212,-0.4187124,0.09749962,0.3615477,-0.4432134
0.07527662,0.2986302,-0.41240722,0.09749962,0.3615477,-0.4432134,0.11599583,0.31653333,-0.43745908
0.050910562,0.4305192,-0.41862977,0.08832872,0.4859352,-0.39539242,0.11912479,0.4657449,-0.437777
0.050910562,0.4305192,-0.41862977,0.11912479,0.4657449,-0.437777,0.0975059,0.42206252,-0.4435498
0.05011864,0.36030212,-0.4187124,0.050910562,0.4305192,-0.41862977,0.0975059,0.42206252,-0.4435498
0.05011864,0.36030212,-0.4187124,0.0975059,0.42206252,-0.4435498,0.09749962,0.3615477,-0.4432134
0.15417346,0.47733274,-0.42439425,0.11912479,0.4657449,-0.437777,0.08832872,0.4859352,-0.39539242
0.15417346,0.47733274,-0.42439425,0.08832872,0.4859352,-0.39539242,0.1312693,0.5080689,-0.38523507
0.11788954,0.268296,-0.3955488,0.07527662,0.2986302,-0.41240722,0.11599583,0.31653333,-0.43745908
0.11788954,0.268296,-0.3955488,0.11599583,0.31653333,-0.43745908,0.14689174,0.29402012,-0.4265861
0.21013686,0.28885922,-0.397109,0.14689174,0.29402012,-0.4265861,0.19187227,0.3261834,-0.47483253
0.21013686,0.28885922,-0.397109,0.19187227,0.3261834,-0.47483253,0.23926456,0.3203745,-0.45215347
-0.013736114,0.5543007,-0.35369217,0.0411582,0.55361825,-0.3424981,0.031582557,0.5321064,-0.34935394
-0.013736114,0.5543007,-0.35369217,0.031582557,0.5321064,-0.34935394,-0.009202361,0.5189403,-0.35910088
0.09780125,0.59251386,-0.35555536,0.043958478,0.5702727,-0.35505205,0.0012554526,0.6174048,-0.32708833
0.09780125,0.59251386,-0.35555536,0.0012554526,0.6174048,-0.32708833,0.07269955,0.6377985,-0.32526267
0.11741331,0.5541891,-0.37121233,0.07986997,0.5364552,-0.34505725,0.07021652,0.55340135,-0.34170297
0.11741331,0.5541891,-0.37121233,0.07021652,0.55340135,-0.34170297,0.09780125,0.59251386,-0.35555536
-0.009202361,0.5189403,-0.35910088,0.031582557,0.5321064,-0.34935394,0.042240545,0.5153763,-0.35347322
-0.009202361,0.5189403,-0.35910088,0.042240545,0.5153763,-0.35347322,0.0216541,0.49422452,-0.38487935
0.11741331,0.5541891,-0.37121233,0.18717927,0.5590401,-0.35372457,0.19418004,0.51367176,-0.3669544
0.11741331,0.5541891,-0.37121233,0.19418004,0.51367176,-0.3669544,0.1312693,0.5080689,-0.38523507
-0.013736114,0.5543007,-0.35369217,0.043958478,0.5702727,-0.35505205,0.05609095,0.55816203,-0.34086618
-0.013736114,0.5543007,-0.35369217,0.05609095,0.55816203,-0.34086618,0.0411582,0.55361825,-0.3424981
0.042240545,0.5153763,-0.35347322,0.057516664,0.51110524,-0.3530386,0.05797086,0.5044887,-0.36740628
0.042240545,0.5153763,-0.35347322,0.05797086,0.5044887,-0.36740628,0.0216541,0.49422452,-0.38487935
0.0012554526,0.6174048,-0.32708833,0.043958478,0.5702727,-0.35505205,-0.013736114,0.5543007,-0.35369217
-0.13098805,0.47558132,-0.32500663,-0.009202361,0.5189403,-0.35910088,-0.06675264,0.4538685,-0.38379717
0.0216541,0.49422452,-0.38487935,0.08832872,0.4859352,-0.39539242,0.050910562,0.4305192,-0.41862977
0.0216541,0.49422452,-0.38487935,0.050910562,0.4305192,-0.41862977,0.0050795227,0.4381062,-0.4016137
0.0216541,0.49422452,-0.38487935,0.0050795227,0.4381062,-0.4016137,-0.06675264,0.4538685,-0.38379717
0.0216541,0.49422452,-0.38487935,-0.06675264,0.4538685,-0.38379717,-0.009202361,0.5189403,-0.35910088
0.089128636,0.5047656,-0.3661247,0.11741331,0.5541891,-0.37121233,0.1312693,0.5080689,-0.38523507
0.089128636,0.5047656,-0.3661247,0.1312693,0.5080689,-0.38523507,0.08832872,0.4859352,-0.39539242
0.05797086,0.5044887,-0.36740628,0.089128636,0.5047656,-0.3661247,0.08832872,0.4859352,-0.39539242
0.05797086,0.5044887,-0.36740628,0.08832872,0.4859352,-0.39539242,0.0216541,0.49422452,-0.38487935
0.14022772,0.6800562,-0.26499724,0.05187177,0.65746355,-0.28520977,0.056098156,0.6750543,-0.25254527
0.14022772,0.6800562,-0.26499724,0.056098156,0.6750543,-0.25254527,0.12305141,0.69542044,-0.23253809
0.005902048,0.6969811,-0.16222894,0.075845465,0.71366763,-0.14333001,0.12305142,0.69542044,-0.23253809
0.005902048,0.6969811,-0.16222894,0.12305142,0.69542044,-0.23253809,0.056098156,0.6750543,-0.25254527
0.05187177,0.65746355,-0.28520977,0.07269955,0.6377985,-0.32526267,0.0012554526,0.6174048,-0.32708833
-0.013736114,0.5543007,-0.35369217,-0.065124676,0.6095391,-0.31205493,0.0012554526,0.6174048,-0.32708833
-0.023300484,2.2950002E-4,-0.23469935,-0.12509477,2.2950002E-4,-0.28722176,-0.06423659,2.2950002E-4,-0.28973353
-0.023300484,2.2950002E-4,-0.23469935,-0.06423659,2.2950002E-4,-0.28973353,-0.03427591,2.2950002E-4,-0.27387968
-0.15204233,2.2950002E-4,-0.25334924,-0.042931885,2.2950002E-4,-0.20173773,-0.087531716,2.2950002E-4,-0.18677838
-0.15204233,2.2950002E-4,-0.25334924,-0.087531716,2.2950002E-4,-0.18677838,-0.13113941,2.2950002E-4,-0.20981815
-0.24774043,2.2950002E-4,0.2136338,-0.33685863,2.2950002E-4,0.16421188,-0.30407074,2.2950002E-4,0.15009344
-0.24774043,2.2950002E-4,0.2136338,-0.30407074,2.2950002E-4,0.15009344,-0.25758657,2.2950002E-4,0.17469129
-0.3466759,2.2950002E-4,0.19809973,-0.26545048,2.2950002E-4,0.24134046,-0.3089295,2.2950002E-4,0.2528162
-0.3466759,2.2950002E-4,0.19809973,-0.3089295,2.2950002E-4,0.2528162,-0.32764843,2.2950002E-4,0.24291076
0.1498269,0.2321433,0.24987164,0.08863479,0.25111622,0.37198272,0.06882851,0.21623282,0.3174752
0.1498269,0.2321433,0.24987164,0.06882851,0.21623282,0.3174752,0.11172641,0.1959414,0.23481119
0.23896621,0.59251386,-0.28085554,0.24088022,0.5541891,-0.30587777,0.18717927,0.5590401,-0.35372457
0.23896621,0.59251386,-0.28085554,0.18717927,0.5590401,-0.35372457,0.17971265,0.6074275,-0.33961445
0.2700829,0.29402012,-0.36139745,0.28467304,0.3261834,-0.42572546,0.30845034,0.3476091,-0.41020334
0.2700829,0.29402012,-0.36139745,0.30845034,0.3476091,-0.41020334,0.2964511,0.31653333,-0.34196815
0.3427205,0.3622008,-0.21602675,0.31357563,0.28486532,-0.24519417,0.29864165,0.2986302,-0.2942099
0.3427205,0.3622008,-0.21602675,0.29864165,0.2986302,-0.2942099,0.31800568,0.36030212,-0.27695552
-0.18030508,0.6446862,0.34073398,-0.20102856,0.5726847,0.37989646,-0.1208488,0.5775456,0.42524153
-0.18030508,0.6446862,0.34073398,-0.1208488,0.5775456,0.42524153,-0.06686037,0.6425349,0.39301905
0.32410568,0.42540273,-0.40430984,0.31154656,0.45834753,-0.41652656,0.294954,0.4657449,-0.34473404
0.32410568,0.42540273,-0.40430984,0.294954,0.4657449,-0.34473404,0.3118872,0.42206252,-0.33010638
0.014141202,0.60358447,0.42533746,-0.05559784,0.5732253,0.44655743,-0.047766313,0.51796174,0.46318558
0.014141202,0.60358447,0.42533746,-0.047766313,0.51796174,0.46318558,0.038786232,0.53447914,0.46310407
0.18087293,0.2413233,-0.3418071,0.19132392,0.26196572,-0.36155698,0.26073402,0.268296,-0.31996027
0.18087293,0.2413233,-0.3418071,0.26073402,0.268296,-0.31996027,0.2617345,0.252519,-0.28963208
0.25954455,0.51110524,-0.2461322,0.27116847,0.5044887,-0.25458923,0.2525832,0.5047656,-0.27962995
0.25954455,0.51110524,-0.2461322,0.2525832,0.5047656,-0.27962995,0.24941152,0.51634806,-0.2560699
0.21140437,0.65707743,0.1292804,0.2666503,0.6358509,0.012500688,0.13081302,0.6969811,-0.09613022
0.21140437,0.65707743,0.1292804,0.13081302,0.6969811,-0.09613022,0.10101486,0.71088904,0.06736626
0.10383043,0.15340051,-0.19621497,0.1267723,0.17926891,-0.2395697,0.25697154,0.19578062,-0.1628739
0.10383043,0.15340051,-0.19621497,0.25697154,0.19578062,-0.1628739,0.20641781,0.16850941,-0.14947975
0.35487494,0.4538685,-0.1606859,0.34239727,0.47558132,-0.07450688,0.35091296,0.374817,-0.062411383
0.35487494,0.4538685,-0.1606859,0.35091296,0.374817,-0.062411383,0.35180938,0.36732182,-0.14554986
0.2617345,0.252519,-0.28963208,0.26073402,0.268296,-0.31996027,0.29864165,0.2986302,-0.2942099
0.2617345,0.252519,-0.28963208,0.29864165,0.2986302,-0.2942099,0.31357563,0.28486532,-0.24519417
0.31161258,0.3615477,-0.32991195,0.32267326,0.38244423,-0.4017036,0.32410568,0.42540273,-0.40430984
0.31161258,0.3615477,-0.32991195,0.32410568,0.42540273,-0.40430984,0.3118872,0.42206252,-0.33010638
0.29925588,0.2190222,-0.13943774,0.28550318,0.104071505,-0.11649385,0.24637628,0.10202701,-0.13748598
0.29925588,0.2190222,-0.13943774,0.24637628,0.10202701,-0.13748598,0.25697154,0.19578062,-0.1628739
0.34239727,0.47558132,-0.07450688,0.3118258,0.49021712,0.03735879,0.3224549,0.36174932,0.035976514
0.34239727,0.47558132,-0.07450688,0.3224549,0.36174932,0.035976514,0.35091296,0.374817,-0.062411383
0.30722132,0.1069794,-0.0062000602,0.2502767,0.1054323,0.004826084,0.24680912,0.012737103,0.0024640337
0.30722132,0.1069794,-0.0062000602,0.24680912,0.012737103,0.0024640337,0.30389023,0.013656601,-0.008730888
0.20663801,0.65746355,-0.20331265,0.22803906,0.6377985,-0.24306218,0.15530436,0.6572895,-0.29348853
0.20663801,0.65746355,-0.20331265,0.15530436,0.6572895,-0.29348853,0.14022772,0.6800562,-0.26499724
0.22803906,0.6377985,-0.24306218,0.23896621,0.59251386,-0.28085554,0.17971265,0.6074275,-0.33961445
0.22803906,0.6377985,-0.24306218,0.17971265,0.6074275,-0.33961445,0.15530436,0.6572895,-0.29348853
-0.082697645,0.1377609,0.156279,-0.010071151,0.137481,0.01903209,0.07390185,0.1465881,0.060376093
-0.082697645,0.1377609,0.156279,0.07390185,0.1465881,0.060376093,3.497973E-4,0.1497924,0.19179831
-0.06686037,0.6425349,0.39301905,-0.1208488,0.5775456,0.42524153,-0.05559784,0.5732253,0.44655743
-0.06686037,0.6425349,0.39301905,-0.05559784,0.5732253,0.44655743,0.014141202,0.60358447,0.42533746
0.26883548,0.5702727,-0.23605464,0.2502822,0.55816203,-0.23810664,0.24302872,0.55340135,-0.2502565
0.26883548,0.5702727,-0.23605464,0.24302872,0.55340135,-0.2502565,0.23896621,0.59251386,-0.28085554
0.24941152,0.51634806,-0.2560699,0.2525832,0.5047656,-0.27962995,0.24088022,0.5541891,-0.30587777
0.24941152,0.51634806,-0.2560699,0.24088022,0.5541891,-0.30587777,0.24037223,0.5364552,-0.2601248
-0.03345459,0.18339752,0.29541478,-0.045429826,0.102277204,0.31643328,-0.06188228,0.1022901,0.3548629
-0.03345459,0.18339752,0.29541478,-0.06188228,0.1022901,0.3548629,-0.07703436,0.22325401,0.36089665
0.3039066,0.60560703,-0.09503746,0.342416,0.6825537,-0.073785916,0.3374609,0.71155053,-0.009782791
0.3039066,0.60560703,-0.09503746,0.3374609,0.71155053,-0.009782791,0.2666503,0.6358509,0.012500688
0.26231033,0.3623067,0.1535558,0.2412274,0.2772249,0.14123352,0.31440523,0.27210212,0.023936197
0.26231033,0.3623067,0.1535558,0.31440523,0.27210212,0.023936197,0.3224549,0.36174932,0.035976514
0.26231033,0.3623067,0.1535558,0.3224549,0.36174932,0.035976514,0.3118258,0.49021712,0.03735879
0.26231033,0.3623067,0.1535558,0.3118258,0.49021712,0.03735879,0.26029244,0.503847,0.15000008
0.3427205,0.3622008,-0.21602675,0.31800568,0.36030212,-0.27695552,0.3174919,0.4305192,-0.2775638
0.3427205,0.3622008,-0.21602675,0.3174919,0.4305192,-0.2775638,0.32920182,0.4381062,-0.23009901
0.038786232,0.53447914,0.46310407,-0.047766313,0.51796174,0.46318558,-0.050383553,0.42709893,0.46642345
0.038786232,0.53447914,0.46310407,-0.050383553,0.42709893,0.46642345,0.04528925,0.43509993,0.47612622
0.3374609,0.71155053,-0.009782791,0.40822488,0.82685584,-0.09077184,0.36300763,0.85746783,-0.120680444
0.3374609,0.71155053,-0.009782791,0.36300763,0.85746783,-0.120680444,0.1818619,0.7604709,-0.115422696
0.40822488,0.82685584,-0.09077184,0.40733218,0.80990314,-0.10175721,0.36557838,0.83940184,-0.12928762
0.40822488,0.82685584,-0.09077184,0.36557838,0.83940184,-0.12928762,0.36300763,0.85746783,-0.120680444
0.342416,0.6825537,-0.073785916,0.40733218,0.80990314,-0.10175721,0.40822488,0.82685584,-0.09077184
0.342416,0.6825537,-0.073785916,0.40822488,0.82685584,-0.09077184,0.3374609,0.71155053,-0.009782791
0.21140437,0.65707743,0.1292804,0.26029244,0.503847,0.15000008,0.3118258,0.49021712,0.03735879
0.21140437,0.65707743,0.1292804,0.3118258,0.49021712,0.03735879,0.2666503,0.6358509,0.012500688
0.31357563,0.28486532,-0.24519417,0.3427205,0.3622008,-0.21602675,0.35180938,0.36732182,-0.14554986
0.31357563,0.28486532,-0.24519417,0.35180938,0.36732182,-0.14554986,0.32302994,0.2604306,-0.18175068
0.08863479,0.25111622,0.37198272,0.1498269,0.2321433,0.24987164,0.17423448,0.2949387,0.26104885
0.08863479,0.25111622,0.37198272,0.17423448,0.2949387,0.26104885,0.118235484,0.33867154,0.3797917
0.10101486,0.71088904,0.06736626,0.13081302,0.6969811,-0.09613022,0.075845465,0.71366763,-0.14333001
0.10101486,0.71088904,0.06736626,0.075845465,0.71366763,-0.14333001,-0.003906667,0.7387086,0.007382676
0.18913011,0.15820532,-0.019909486,0.19486682,0.102764405,-0.024818122,0.2502767,0.1054323,0.004826084
0.18913011,0.15820532,-0.019909486,0.2502767,0.1054323,0.004826084,0.24842574,0.1845558,0.010224506
0.03320265,0.25352013,0.43010387,0.036800772,0.103814706,0.40914124,0.06492874,0.104111105,0.3750988
0.03320265,0.25352013,0.43010387,0.06492874,0.104111105,0.3750988,0.08863479,0.25111622,0.37198272
-0.11924657,0.28981322,0.41286513,-0.13690391,0.40042293,0.44091666,-0.20997044,0.3886749,0.39679453
-0.11924657,0.28981322,0.41286513,-0.20997044,0.3886749,0.39679453,-0.19361162,0.28284422,0.3658802
-0.08377723,0.7388205,0.15831916,-0.13538417,0.71049994,0.2558441,-0.011688672,0.6993159,0.31126213
-0.08377723,0.7388205,0.15831916,-0.011688672,0.6993159,0.31126213,0.039397612,0.7219479,0.21106443
-0.13538417,0.71049994,0.2558441,-0.18030508,0.6446862,0.34073398,-0.06686037,0.6425349,0.39301905
-0.13538417,0.71049994,0.2558441,-0.06686037,0.6425349,0.39301905,-0.011688672,0.6993159,0.31126213
0.04528925,0.43509993,0.47612622,-0.050383553,0.42709893,0.46642345,-0.04682611,0.3404544,0.4574712
0.04528925,0.43509993,0.47612622,-0.04682611,0.3404544,0.4574712,0.03909543,0.35293412,0.45982704
0.17909937,0.008997001,-0.07913666,0.19431622,0.0105339,-0.025359973,0.19486682,0.102764405,-0.024818122
0.17909937,0.008997001,-0.07913666,0.19486682,0.102764405,-0.024818122,0.17706722,0.10041,-0.08055922
0.038786232,0.53447914,0.46310407,0.13334927,0.5269527,0.36894214,0.093313776,0.6464535,0.3417328
0.038786232,0.53447914,0.46310407,0.093313776,0.6464535,0.3417328,0.014141202,0.60358447,0.42533746
0.13334927,0.5269527,0.36894214,0.2024782,0.5223897,0.26518315,0.15405618,0.6651015,0.24468802
0.13334927,0.5269527,0.36894214,0.15405618,0.6651015,0.24468802,0.093313776,0.6464535,0.3417328
0.04528925,0.43509993,0.47612622,0.13483983,0.4176108,0.37785167,0.13334927,0.5269527,0.36894214
0.04528925,0.43509993,0.47612622,0.13334927,0.5269527,0.36894214,0.038786232,0.53447914,0.46310407
0.13483983,0.4176108,0.37785167,0.19990698,0.38454604,0.27182084,0.2024782,0.5223897,0.26518315
0.13483983,0.4176108,0.37785167,0.2024782,0.5223897,0.26518315,0.13334927,0.5269527,0.36894214
0.06882851,0.21623282,0.3174752,0.056324385,0.103492506,0.32937038,0.0012517944,0.102327004,0.29940438
0.06882851,0.21623282,0.3174752,0.0012517944,0.102327004,0.29940438,0.014870308,0.18498181,0.28474447
0.056324385,0.103492506,0.32937038,0.06492874,0.1041111,0.3750988,0.065335914,0.011089802,0.37385988
0.056324385,0.103492506,0.32937038,0.065335914,0.011089802,0.37385988,0.056609668,0.011089802,0.32866842
0.039397612,0.7219479,0.21106443,-0.011688672,0.6993159,0.31126213,0.093313776,0.6464535,0.3417328
0.039397612,0.7219479,0.21106443,0.093313776,0.6464535,0.3417328,0.15405618,0.6651015,0.24468802
-0.011688672,0.6993159,0.31126213,-0.06686037,0.6425349,0.39301905,0.014141202,0.60358447,0.42533746
-0.011688672,0.6993159,0.31126213,0.014141202,0.60358447,0.42533746,0.093313776,0.6464535,0.3417328
-0.066492274,0.22928552,0.41112638,-0.04414472,0.1026441,0.40564188,-0.0183305,0.1029609,0.41960257
-0.066492274,0.22928552,0.41112638,-0.0183305,0.1029609,0.41960257,-0.031157166,0.24617551,0.4339854
0.3039066,0.60560703,-0.09503746,0.34239727,0.47558132,-0.07450688,0.30208498,0.5189403,-0.194378
0.3039066,0.60560703,-0.09503746,0.30208498,0.5189403,-0.194378,0.3001631,0.5543007,-0.18758716
0.2697343,0.6174048,-0.18501827,0.20663801,0.65746355,-0.20331265,0.2946419,0.6095391,-0.121678434
0.2666503,0.6358509,0.012500688,0.3374609,0.71155053,-0.009782791,0.1818619,0.7604709,-0.115422696
0.2666503,0.6358509,0.012500688,0.1818619,0.7604709,-0.115422696,0.13081302,0.6969811,-0.09613022
0.1818619,0.7604709,-0.115422696,0.36300763,0.85746783,-0.120680444,0.36557838,0.83940184,-0.12928762
0.1818619,0.7604709,-0.115422696,0.36557838,0.83940184,-0.12928762,0.20161226,0.73710275,-0.16339236
0.1909474,2.2950002E-4,-0.077976614,0.20715821,2.2950002E-4,-0.11274828,0.30784148,2.2950002E-4,-0.058126323
0.1909474,2.2950002E-4,-0.077976614,0.30784148,2.2950002E-4,-0.058126323,0.29499272,2.2950002E-4,-0.016793206
0.001263462,0.0110898,0.29938105,-0.045419745,0.0110898,0.31640974,-0.045429826,0.102277204,0.31643328
0.001263462,0.0110898,0.29938105,-0.045429826,0.102277204,0.31643328,0.0012517944,0.102327004,0.29940438
0.0537035,2.2950002E-4,0.37088436,0.031206667,2.2950002E-4,0.3980626,-0.050232857,2.2950002E-4,0.35522646
0.0537035,2.2950002E-4,0.37088436,-0.050232857,2.2950002E-4,0.35522646,-0.037286207,2.2950002E-4,0.32499918
-0.04414472,0.1026441,0.40564188,-0.044092312,0.011089802,0.40524396,-0.018216357,0.011089802,0.41893667
-0.04414472,0.1026441,0.40564188,-0.018216357,0.011089802,0.41893667,-0.0183305,0.10296091,0.41960257
0.28550318,0.104071505,-0.11649385,0.32150078,0.10601581,-0.056881815,0.31930432,0.013089001,-0.058644846
0.28550318,0.104071505,-0.11649385,0.31930432,0.013089001,-0.058644846,0.28403664,0.011401802,-0.11773826
0.19714966,0.10028671,-0.12285328,0.19897076,0.008776501,-0.12175995,0.17909937,0.008997001,-0.07913666
0.19714966,0.10028671,-0.12285328,0.17909937,0.008997001,-0.07913666,0.17706722,0.10041,-0.08055922
0.036800772,0.103814706,0.40914124,-0.0183305,0.10296091,0.41960257,-0.018216357,0.011089802,0.41893667
0.036800772,0.103814706,0.40914124,-0.018216357,0.011089802,0.41893667,0.037108332,0.011089802,0.4079616
0.06808097,0.1371801,-0.12865695,0.10383043,0.15340051,-0.19621497,0.2064178,0.16850941,-0.14947975
0.06808097,0.1371801,-0.12865695,0.2064178,0.16850941,-0.14947975,0.16954824,0.1509261,-0.06818067
0.31312305,0.21253201,0.006926462,0.30722132,0.1069794,-0.0062000602,0.32150078,0.10601581,-0.056881815
0.31312305,0.21253201,0.006926462,0.32150078,0.10601581,-0.056881815,0.34124762,0.23261401,-0.074966595
0.34547058,0.28725332,-0.0674191,0.35091296,0.374817,-0.062411383,0.3224549,0.36174932,0.035976514
0.34547058,0.28725332,-0.0674191,0.3224549,0.36174932,0.035976514,0.31440523,0.27210212,0.023936197
3.497973E-4,0.1497924,0.19179831,0.07390185,0.1465881,0.060376093,0.13164413,0.16352761,0.09223134
3.497973E-4,0.1497924,0.19179831,0.13164413,0.16352761,0.09223134,0.06110417,0.1692042,0.2161488
3.497973E-4,0.1497924,0.19179831,-0.03345459,0.18339752,0.29541478,-0.13510522,0.1655634,0.25531694
3.497973E-4,0.1497924,0.19179831,-0.13510522,0.1655634,0.25531694,-0.082697645,0.1377609,0.156279
0.03320265,0.25352013,0.43010387,0.08863479,0.25111622,0.37198272,0.118235484,0.33867154,0.3797917
0.03320265,0.25352013,0.43010387,0.118235484,0.33867154,0.3797917,0.03909543,0.35293412,0.45982704
-0.04682611,0.3404544,0.4574712,-0.050383553,0.42709893,0.46642345,-0.13690391,0.40042293,0.44091666
-0.04682611,0.3404544,0.4574712,-0.13690391,0.40042293,0.44091666,-0.11924657,0.28981322,0.41286513
-0.03345459,0.18339752,0.29541478,-0.07703436,0.22325401,0.36089665,-0.12641382,0.24012001,0.37606582
-0.13517906,0.51849186,0.44021246,-0.1208488,0.5775456,0.42524153,-0.17006171,0.5375043,0.41074622
-0.13517906,0.51849186,0.44021246,-0.17006171,0.5375043,0.41074622,-0.1626114,0.5156388,0.424068
-0.047766313,0.51796174,0.46318558,-0.05559784,0.5732253,0.44655743,-0.1208488,0.5775456,0.42524153
-0.047766313,0.51796174,0.46318558,-0.1208488,0.5775456,0.42524153,-0.13517906,0.51849186,0.44021246
-0.13690391,0.40042293,0.44091666,-0.13517906,0.51849186,0.44021246,-0.1626114,0.5156388,0.424068
-0.13690391,0.40042293,0.44091666,-0.1626114,0.5156388,0.424068,-0.17984374,0.48002103,0.41998985
-0.050383553,0.42709893,0.46642345,-0.047766313,0.51796174,0.46318558,-0.13517906,0.51849186,0.44021246
-0.050383553,0.42709893,0.46642345,-0.13517906,0.51849186,0.44021246,-0.13690391,0.40042293,0.44091666
0.25697154,0.19578062,-0.1628739,0.25514343,0.21750662,-0.21962085,0.32302994,0.2604306,-0.18175068
0.25697154,0.19578062,-0.1628739,0.32302994,0.2604306,-0.18175068,0.29925588,0.2190222,-0.13943774
0.29925588,0.2190222,-0.13943774,0.32302994,0.2604306,-0.18175068,0.34547058,0.28725332,-0.0674191
0.29925588,0.2190222,-0.13943774,0.34547058,0.28725332,-0.0674191,0.34124762,0.23261401,-0.074966595
-0.066492274,0.22928552,0.41112638,-0.11924657,0.28981322,0.41286513,-0.12641382,0.24012001,0.37606582
-0.066492274,0.22928552,0.41112638,-0.12641382,0.24012001,0.37606582,-0.07703436,0.22325401,0.36089665
0.17713492,0.18760802,0.11766425,0.21351536,0.21740282,0.13587187,0.1498269,0.2321433,0.24987164
0.17713492,0.18760802,0.11766425,0.1498269,0.2321433,0.24987164,0.11172641,0.1959414,0.23481119
0.03320265,0.25352013,0.43010387,0.03909543,0.35293412,0.45982704,-0.04682611,0.3404544,0.4574712
0.03320265,0.25352013,0.43010387,-0.04682611,0.3404544,0.4574712,-0.031157166,0.24617551,0.4339854
-0.045429826,0.102277204,0.31643328,-0.045419745,0.011089802,0.31640974,-0.061881885,0.011089802,0.3548455
-0.045429826,0.102277204,0.31643328,-0.061881885,0.011089802,0.3548455,-0.06188228,0.1022901,0.3548629
0.0012517944,0.102327004,0.29940438,-0.045429826,0.102277204,0.31643328,-0.03345459,0.18339752,0.29541478
0.0012517944,0.102327004,0.29940438,-0.03345459,0.18339752,0.29541478,0.014870308,0.18498181,0.28474447
-0.04414472,0.1026441,0.40564188,-0.06188228,0.1022901,0.3548629,-0.061881885,0.011089802,0.3548455
-0.04414472,0.1026441,0.40564188,-0.061881885,0.011089802,0.3548455,-0.044092312,0.011089802,0.40524396
0.17706722,0.10041,-0.08055922,0.19486682,0.102764405,-0.024818122,0.18913011,0.15820532,-0.019909486
0.17706722,0.10041,-0.08055922,0.18913011,0.15820532,-0.019909486,0.16954824,0.1509261,-0.06818067
0.30722132,0.1069794,-0.0062000602,0.30389023,0.013656601,-0.008730888,0.31930432,0.013089001,-0.058644846
0.30722132,0.1069794,-0.0062000602,0.31930432,0.013089001,-0.058644846,0.32150078,0.10601581,-0.056881815
0.036800772,0.103814706,0.40914124,0.037108332,0.011089802,0.4079616,0.065335914,0.011089802,0.37385988
0.036800772,0.103814706,0.40914124,0.065335914,0.011089802,0.37385988,0.06492874,0.1041111,0.3750988
0.28550318,0.104071505,-0.11649385,0.28403664,0.011401802,-0.11773826,0.24638125,0.009876601,-0.13768396
0.28550318,0.104071505,-0.11649385,0.24638125,0.009876601,-0.13768396,0.24637628,0.10202701,-0.13748598
0.31312305,0.21253201,0.006926462,0.24842574,0.1845558,0.010224506,0.2502767,0.1054323,0.004826084
0.31312305,0.21253201,0.006926462,0.2502767,0.1054323,0.004826084,0.30722132,0.1069794,-0.0062000602
0.19486682,0.102764405,-0.024818122,0.19431622,0.010533899,-0.025359973,0.24680912,0.012737103,0.0024640337
0.19486682,0.102764405,-0.024818122,0.24680912,0.012737103,0.0024640337,0.2502767,0.1054323,0.004826084
0.29925588,0.2190222,-0.13943774,0.34124762,0.23261401,-0.074966595,0.32150078,0.10601581,-0.056881815
0.29925588,0.2190222,-0.13943774,0.32150078,0.10601581,-0.056881815,0.28550318,0.104071505,-0.11649385
0.20641781,0.16850941,-0.14947975,0.25697154,0.19578062,-0.1628739,0.24637628,0.10202701,-0.13748598
0.20641781,0.16850941,-0.14947975,0.24637628,0.10202701,-0.13748598,0.19714966,0.10028671,-0.12285328
-0.066492274,0.22928552,0.41112638,-0.07703436,0.22325401,0.36089665,-0.06188228,0.10229011,0.3548629
-0.066492274,0.22928552,0.41112638,-0.06188228,0.10229011,0.3548629,-0.04414472,0.1026441,0.40564188
0.056324385,0.103492506,0.32937038,0.056609668,0.011089802,0.32866842,0.001263462,0.011089802,0.29938105
0.056324385,0.103492506,0.32937038,0.001263462,0.011089802,0.29938105,0.0012517944,0.102327004,0.29940438
0.03320265,0.25352013,0.43010387,-0.031157166,0.24617551,0.4339854,-0.0183305,0.102960914,0.41960257
0.03320265,0.25352013,0.43010387,-0.0183305,0.102960914,0.41960257,0.036800772,0.103814706,0.40914124
0.06882851,0.21623282,0.3174752,0.08863479,0.25111622,0.37198272,0.06492874,0.1041111,0.3750988
0.06882851,0.21623282,0.3174752,0.06492874,0.1041111,0.3750988,0.056324385,0.103492506,0.32937038
0.20641781,0.16850941,-0.14947975,0.19714966,0.10028671,-0.12285328,0.17706722,0.10041,-0.08055922
0.20641781,0.16850941,-0.14947975,0.17706722,0.10041,-0.08055922,0.16954824,0.1509261,-0.06818067
0.17423448,0.2949387,0.26104885,0.19990698,0.38454604,0.27182084,0.13483983,0.4176108,0.37785167
0.17423448,0.2949387,0.26104885,0.13483983,0.4176108,0.37785167,0.118235484,0.33867154,0.3797917
0.2412274,0.2772249,0.14123352,0.21351536,0.21740282,0.13587187,0.31312305,0.21253201,0.006926462
0.2412274,0.2772249,0.14123352,0.31312305,0.21253201,0.006926462,0.31440523,0.27210212,0.023936197
0.118235484,0.33867154,0.3797917,0.13483983,0.4176108,0.37785167,0.04528925,0.43509993,0.47612622
0.118235484,0.33867154,0.3797917,0.04528925,0.43509993,0.47612622,0.03909543,0.35293412,0.45982704
0.31440523,0.27210212,0.023936197,0.31312305,0.21253201,0.006926462,0.34124762,0.23261401,-0.074966595
0.31440523,0.27210212,0.023936197,0.34124762,0.23261401,-0.074966595,0.34547058,0.28725332,-0.0674191
0.06882851,0.21623282,0.3174752,0.014870308,0.18498181,0.28474447,0.06110417,0.1692042,0.2161488
0.06882851,0.21623282,0.3174752,0.06110417,0.1692042,0.2161488,0.11172641,0.1959414,0.23481119
-0.19361162,0.28284422,0.3658802,-0.1802627,0.2328681,0.3406539,-0.12641382,0.24012001,0.37606582
-0.19361162,0.28284422,0.3658802,-0.12641382,0.24012001,0.37606582,-0.11924657,0.28981322,0.41286513
0.1267723,0.17926891,-0.2395697,0.15019783,0.20573281,-0.28383842,0.25514343,0.21750662,-0.21962085
0.1267723,0.17926891,-0.2395697,0.25514343,0.21750662,-0.21962085,0.25697154,0.19578062,-0.1628739
-0.11924657,0.28981322,0.41286513,-0.066492274,0.22928552,0.41112638,-0.031157166,0.24617551,0.4339854
-0.11924657,0.28981322,0.41286513,-0.031157166,0.24617551,0.4339854,-0.04682611,0.3404544,0.4574712
0.3039066,0.60560703,-0.09503746,0.3001631,0.5543007,-0.18758716,0.2946419,0.6095391,-0.121678434
0.25514343,0.21750662,-0.21962085,0.2617345,0.252519,-0.28963208,0.31357563,0.28486532,-0.24519417
0.25514343,0.21750662,-0.21962085,0.31357563,0.28486532,-0.24519417,0.32302994,0.2604306,-0.18175068
0.15019783,0.20573281,-0.28383842,0.18087293,0.2413233,-0.3418071,0.2617345,0.252519,-0.28963208
0.15019783,0.20573281,-0.28383842,0.2617345,0.252519,-0.28963208,0.25514343,0.21750662,-0.21962085
0.2666503,0.6358509,0.012500688,0.3118258,0.49021712,0.03735879,0.34239727,0.47558132,-0.07450688
0.2666503,0.6358509,0.012500688,0.34239727,0.47558132,-0.07450688,0.3039066,0.60560703,-0.09503746
0.13081302,0.6969811,-0.09613022,0.1818619,0.7604709,-0.115422696,0.20161226,0.73710275,-0.16339236
0.13081302,0.6969811,-0.09613022,0.20161226,0.73710275,-0.16339236,0.17725337,0.6750543,-0.18843396
0.32920182,0.4381062,-0.23009901,0.35487494,0.4538685,-0.1606859,0.35180938,0.36732182,-0.14554986
0.32920182,0.4381062,-0.23009901,0.35180938,0.36732182,-0.14554986,0.3427205,0.3622008,-0.21602675
0.35180938,0.36732182,-0.14554986,0.35091296,0.374817,-0.062411383,0.34547058,0.28725332,-0.0674191
0.35180938,0.36732182,-0.14554986,0.34547058,0.28725332,-0.0674191,0.32302994,0.2604306,-0.18175068
0.31161258,0.3615477,-0.32991195,0.2964511,0.31653333,-0.34196815,0.30845034,0.3476091,-0.41020334
0.31161258,0.3615477,-0.32991195,0.30845034,0.3476091,-0.41020334,0.32267326,0.38244423,-0.4017036
0.294954,0.4657449,-0.34473404,0.31154656,0.45834753,-0.41652656,0.28629434,0.4719375,-0.4354138
0.294954,0.4657449,-0.34473404,0.28629434,0.4719375,-0.4354138,0.26417485,0.47733274,-0.3661852
0.26417485,0.47733274,-0.3661852,0.28629434,0.4719375,-0.4354138,0.24427998,0.4944582,-0.46163145
0.26417485,0.47733274,-0.3661852,0.24427998,0.4944582,-0.46163145,0.2143984,0.4994067,-0.4051623
0.17423448,0.2949387,0.26104885,0.1498269,0.2321433,0.24987164,0.21351536,0.21740282,0.13587187
0.17423448,0.2949387,0.26104885,0.21351536,0.21740282,0.13587187,0.2412274,0.2772249,0.14123352
0.24842574,0.1845558,0.010224506,0.31312305,0.21253201,0.006926462,0.21351536,0.21740282,0.13587187
0.24842574,0.1845558,0.010224506,0.21351536,0.21740282,0.13587187,0.17713492,0.18760802,0.11766425
0.039397612,0.7219479,0.21106443,0.10101486,0.71088904,0.06736626,-0.003906667,0.7387086,0.007382676
0.039397612,0.7219479,0.21106443,-0.003906667,0.7387086,0.007382676,-0.08377723,0.7388205,0.15831916
0.15405618,0.6651015,0.24468802,0.2024782,0.5223897,0.26518315,0.26029244,0.503847,0.15000008
0.15405618,0.6651015,0.24468802,0.26029244,0.503847,0.15000008,0.21140437,0.65707743,0.1292804
0.19990698,0.38454604,0.27182084,0.26231033,0.3623067,0.1535558,0.26029244,0.503847,0.15000008
0.19990698,0.38454604,0.27182084,0.26029244,0.503847,0.15000008,0.2024782,0.5223897,0.26518315
0.19990698,0.38454604,0.27182084,0.17423448,0.2949387,0.26104885,0.2412274,0.2772249,0.14123352
0.19990698,0.38454604,0.27182084,0.2412274,0.2772249,0.14123352,0.26231033,0.3623067,0.1535558
0.15405618,0.6651015,0.24468802,0.21140437,0.65707743,0.1292804,0.10101486,0.71088904,0.06736626
0.15405618,0.6651015,0.24468802,0.10101486,0.71088904,0.06736626,0.039397612,0.7219479,0.21106443
-0.035265103,2.2950002E-4,0.39763027,-0.044092312,0.0110898,0.40524396,-0.061881885,0.0110898,0.3548455
-0.035265103,2.2950002E-4,0.39763027,-0.061881885,0.0110898,0.3548455,-0.050232857,2.2950002E-4,0.35522646
0.29499272,2.2950002E-4,-0.016793206,0.30389023,0.0136566,-0.008730888,0.24680912,0.0127371,0.0024640337
0.29499272,2.2950002E-4,-0.016793206,0.24680912,0.0127371,0.0024640337,0.24724324,2.2950002E-4,-0.009590648
0.031206667,2.2950002E-4,0.3980626,0.037108332,0.0110898,0.4079616,-0.018216357,0.0110898,0.41893667
0.031206667,2.2950002E-4,0.3980626,-0.018216357,0.0110898,0.41893667,-0.01654616,2.2950002E-4,0.40753573
0.2756868,2.2950002E-4,-0.10985739,0.28403664,0.0114018,-0.11773826,0.31930432,0.013089,-0.058644846
0.2756868,2.2950002E-4,-0.10985739,0.31930432,0.013089,-0.058644846,0.30784148,2.2950002E-4,-0.058126323
0.046934336,2.2950002E-4,0.3358336,0.056609668,0.0110898,0.32866842,0.065335914,0.0110898,0.37385988
0.046934336,2.2950002E-4,0.3358336,0.065335914,0.0110898,0.37385988,0.0537035,2.2950002E-4,0.37088436
0.20715821,2.2950002E-4,-0.11274828,0.19897076,0.008776501,-0.12175995,0.24638125,0.0098766005,-0.13768396
0.20715821,2.2950002E-4,-0.11274828,0.24638125,0.0098766005,-0.13768396,0.2457264,2.2950002E-4,-0.1257118
0.20366529,2.2950002E-4,-0.032686636,0.19431622,0.0105339,-0.025359973,0.17909937,0.008997001,-0.07913666
0.20366529,2.2950002E-4,-0.032686636,0.17909937,0.008997001,-0.07913666,0.1909474,2.2950002E-4,-0.077976614
-0.037286207,2.2950002E-4,0.32499918,-0.045419745,0.0110898,0.31640974,0.001263462,0.0110898,0.29938105
-0.037286207,2.2950002E-4,0.32499918,0.001263462,0.0110898,0.29938105,4.5016408E-4,2.2950002E-4,0.31123576
0.1909474,2.2950002E-4,-0.077976614,0.17909937,0.008997001,-0.07913666,0.19897076,0.008776501,-0.12175995
0.1909474,2.2950002E-4,-0.077976614,0.19897076,0.008776501,-0.12175995,0.20715821,2.2950002E-4,-0.11274828
0.19431622,0.0105339,-0.025359973,0.20366529,2.2950023E-4,-0.032686636,0.24724324,2.2950023E-4,-0.009590648
0.19431622,0.0105339,-0.025359973,0.24724324,2.2950023E-4,-0.009590648,0.24680912,0.0127371,0.0024640337
0.30389023,0.0136566,-0.008730888,0.29499272,2.2950023E-4,-0.016793206,0.30784148,2.2950023E-4,-0.058126323
0.30389023,0.0136566,-0.008730888,0.30784148,2.2950023E-4,-0.058126323,0.31930432,0.013089,-0.058644846
0.28403664,0.0114018,-0.11773826,0.2756868,2.2950023E-4,-0.10985739,0.2457264,2.2950023E-4,-0.1257118
0.28403664,0.0114018,-0.11773826,0.2457264,2.2950023E-4,-0.1257118,0.24638125,0.0098766005,-0.13768396
0.037108332,0.0110898,0.4079616,0.031206667,2.2950023E-4,0.3980626,0.0537035,2.2950023E-4,0.37088436
0.037108332,0.0110898,0.4079616,0.0537035,2.2950023E-4,0.37088436,0.065335914,0.0110898,0.37385988
0.056609668,0.0110898,0.32866842,0.046934336,2.2950023E-4,0.3358336,4.5016408E-4,2.2950023E-4,0.31123576
0.056609668,0.0110898,0.32866842,4.5016408E-4,2.2950023E-4,0.31123576,0.001263462,0.0110898,0.29938105
-0.045419745,0.0110898,0.31640974,-0.037286207,2.2950023E-4,0.32499918,-0.050232857,2.2950023E-4,0.35522646
-0.045419745,0.0110898,0.31640974,-0.050232857,2.2950023E-4,0.35522646,-0.061881885,0.0110898,0.3548455
-0.044092312,0.0110898,0.40524396,-0.035265103,2.2950023E-4,0.39763027,-0.01654616,2.2950023E-4,0.40753573
-0.044092312,0.0110898,0.40524396,-0.01654616,2.2950023E-4,0.40753573,-0.018216357,0.0110898,0.41893667
0.19714966,0.10028671,-0.12285328,0.24637628,0.10202701,-0.13748598,0.24638125,0.009876601,-0.13768396
0.19714966,0.10028671,-0.12285328,0.24638125,0.009876601,-0.13768396,0.19897076,0.008776501,-0.12175995
-0.03345459,0.18339752,0.29541478,3.497973E-4,0.1497924,0.19179831,0.06110417,0.1692042,0.2161488
-0.03345459,0.18339752,0.29541478,0.06110417,0.1692042,0.2161488,0.014870308,0.18498181,0.28474447
0.07390185,0.1465881,0.06037609,0.16954824,0.1509261,-0.068180665,0.18913011,0.15820532,-0.01990949
0.07390185,0.1465881,0.06037609,0.18913011,0.15820532,-0.01990949,0.13164413,0.16352761,0.09223134
-0.010071149,0.137481,0.01903209,0.06808097,0.1371801,-0.12865695,0.16954824,0.1509261,-0.06818067
-0.010071149,0.137481,0.01903209,0.16954824,0.1509261,-0.06818067,0.07390185,0.1465881,0.06037609
0.13164413,0.16352761,0.09223134,0.17713492,0.18760802,0.11766425,0.11172641,0.1959414,0.23481119
0.13164413,0.16352761,0.09223134,0.11172641,0.1959414,0.23481119,0.06110417,0.1692042,0.2161488
0.18913011,0.15820532,-0.019909486,0.24842574,0.1845558,0.010224506,0.17713492,0.18760802,0.11766425
0.18913011,0.15820532,-0.019909486,0.17713492,0.18760802,0.11766425,0.13164413,0.16352761,0.09223134
0.24468067,0.5080689,-0.32522154,0.26417485,0.47733274,-0.3661852,0.2143984,0.4994067,-0.4051623
0.24468067,0.5080689,-0.32522154,0.2143984,0.4994067,-0.4051623,0.19418004,0.51367176,-0.3669544
0.19132392,0.26196572,-0.36155698,0.21013686,0.28885922,-0.397109,0.2700829,0.29402012,-0.36139745
0.19132392,0.26196572,-0.36155698,0.2700829,0.29402012,-0.36139745,0.26073402,0.268296,-0.31996027
0.29864165,0.2986302,-0.2942099,0.2964511,0.31653333,-0.34196815,0.31161258,0.3615477,-0.32991195
0.29864165,0.2986302,-0.2942099,0.31161258,0.3615477,-0.32991195,0.31800568,0.36030212,-0.27695552
0.3174919,0.4305192,-0.2775638,0.3118872,0.42206252,-0.33010638,0.294954,0.4657449,-0.34473404
0.3174919,0.4305192,-0.2775638,0.294954,0.4657449,-0.34473404,0.27723208,0.4859352,-0.29543108
0.31800568,0.36030212,-0.27695552,0.31161258,0.3615477,-0.32991195,0.3118872,0.42206252,-0.33010638
0.31800568,0.36030212,-0.27695552,0.3118872,0.42206252,-0.33010638,0.3174919,0.4305192,-0.2775638
0.26417485,0.47733274,-0.3661852,0.24468067,0.5080689,-0.32522154,0.27723208,0.4859352,-0.29543108
0.26417485,0.47733274,-0.3661852,0.27723208,0.4859352,-0.29543108,0.294954,0.4657449,-0.34473404
0.26073402,0.268296,-0.31996027,0.2700829,0.29402012,-0.36139745,0.2964511,0.31653333,-0.34196815
0.26073402,0.268296,-0.31996027,0.2964511,0.31653333,-0.34196815,0.29864165,0.2986302,-0.2942099
0.21013686,0.28885922,-0.397109,0.23926456,0.3203745,-0.45215347,0.28467304,0.3261834,-0.42572546
0.21013686,0.28885922,-0.397109,0.28467304,0.3261834,-0.42572546,0.2700829,0.29402012,-0.36139745
0.3001631,0.5543007,-0.18758716,0.30208498,0.5189403,-0.194378,0.2710854,0.5321064,-0.222617
0.3001631,0.5543007,-0.18758716,0.2710854,0.5321064,-0.222617,0.26003084,0.55361825,-0.22667798
0.23896621,0.59251386,-0.28085554,0.22803906,0.6377985,-0.24306218,0.2697343,0.6174048,-0.18501827
0.23896621,0.59251386,-0.28085554,0.2697343,0.6174048,-0.18501827,0.26883548,0.5702727,-0.23605464
0.24088022,0.5541891,-0.30587777,0.23896621,0.59251386,-0.28085554,0.24302872,0.55340135,-0.2502565
0.24088022,0.5541891,-0.30587777,0.24302872,0.55340135,-0.2502565,0.24037223,0.5364552,-0.2601248
0.30208498,0.5189403,-0.194378,0.30604276,0.49422452,-0.23439033,0.2684964,0.5153763,-0.23374616
0.30208498,0.5189403,-0.194378,0.2684964,0.5153763,-0.23374616,0.2710854,0.5321064,-0.222617
0.24088022,0.5541891,-0.30587777,0.24468067,0.5080689,-0.32522154,0.19418004,0.51367176,-0.3669544
0.24088022,0.5541891,-0.30587777,0.19418004,0.51367176,-0.3669544,0.18717927,0.5590401,-0.35372457
0.3001631,0.5543007,-0.18758716,0.26003084,0.55361825,-0.22667798,0.2502822,0.55816203,-0.23810664
0.3001631,0.5543007,-0.18758716,0.2502822,0.55816203,-0.23810664,0.26883548,0.5702727,-0.23605464
0.2684964,0.5153763,-0.23374616,0.30604276,0.49422452,-0.23439033,0.27116847,0.5044887,-0.25458923
0.2684964,0.5153763,-0.23374616,0.27116847,0.5044887,-0.25458923,0.25954455,0.51110524,-0.2461322
0.2697343,0.6174048,-0.18501827,0.3001631,0.5543007,-0.18758716,0.26883548,0.5702727,-0.23605464
0.34239727,0.47558132,-0.07450688,0.35487494,0.4538685,-0.1606859,0.30208498,0.5189403,-0.194378
0.30604276,0.49422452,-0.23439033,0.32920182,0.4381062,-0.23009901,0.3174919,0.4305192,-0.2775638
0.30604276,0.49422452,-0.23439033,0.3174919,0.4305192,-0.2775638,0.27723208,0.4859352,-0.29543108
0.30604276,0.49422452,-0.23439033,0.30208498,0.5189403,-0.194378,0.35487494,0.4538685,-0.1606859
0.30604276,0.49422452,-0.23439033,0.35487494,0.4538685,-0.1606859,0.32920182,0.4381062,-0.23009901
0.2525832,0.5047656,-0.27962995,0.27723208,0.4859352,-0.29543108,0.24468067,0.5080689,-0.32522154
0.2525832,0.5047656,-0.27962995,0.24468067,0.5080689,-0.32522154,0.24088022,0.5541891,-0.30587777
0.27116847,0.5044887,-0.25458923,0.30604276,0.49422452,-0.23439033,0.27723208,0.4859352,-0.29543108
0.27116847,0.5044887,-0.25458923,0.27723208,0.4859352,-0.29543108,0.2525832,0.5047656,-0.27962995
0.14022772,0.6800562,-0.26499724,0.12305141,0.69542044,-0.23253809,0.17725337,0.6750543,-0.18843396
0.14022772,0.6800562,-0.26499724,0.17725337,0.6750543,-0.18843396,0.20663801,0.65746355,-0.20331265
0.13081302,0.6969811,-0.09613022,0.17725337,0.6750543,-0.18843396,0.12305141,0.69542044,-0.23253809
0.13081302,0.6969811,-0.09613022,0.12305141,0.69542044,-0.23253809,0.075845465,0.71366763,-0.14333001
0.20663801,0.65746355,-0.20331265,0.2697343,0.6174048,-0.18501827,0.22803906,0.6377985,-0.24306218
0.3001631,0.5543007,-0.18758716,0.2697343,0.6174048,-0.18501827,0.2946419,0.6095391,-0.121678434
0.20715821,2.2950002E-4,-0.11274828,0.2457264,2.2950002E-4,-0.1257118,0.2756868,2.2950002E-4,-0.10985739
0.20715821,2.2950002E-4,-0.11274828,0.2756868,2.2950002E-4,-0.10985739,0.30784148,2.2950002E-4,-0.058126323
0.29499272,2.2950002E-4,-0.016793206,0.24724324,2.2950002E-4,-0.009590648,0.20366529,2.2950002E-4,-0.032686636
0.29499272,2.2950002E-4,-0.016793206,0.20366529,2.2950002E-4,-0.032686636,0.1909474,2.2950002E-4,-0.077976614
-0.037286207,2.2950002E-4,0.32499918,4.5016408E-4,2.2950002E-4,0.31123576,0.046934336,2.2950002E-4,0.3358336
-0.037286207,2.2950002E-4,0.32499918,0.046934336,2.2950002E-4,0.3358336,0.0537035,2.2950002E-4,0.37088436
0.031206667,2.2950002E-4,0.3980626,-0.01654616,2.2950002E-4,0.40753573,-0.035265103,2.2950002E-4,0.39763027
0.031206667,2.2950002E-4,0.3980626,-0.035265103,2.2950002E-4,0.39763027,-0.050232857,2.2950002E-4,0.35522646
-0.17006171,0.5375043,0.41074622,-0.1208488,0.5775456,0.42524153,-0.20102856,0.5726847,0.37989646
-0.17006171,0.5375043,0.41074622,-0.20102856,0.5726847,0.37989646,-0.20398416,0.5523414,0.38548186
-0.19635648,0.5462586,0.39739022,-0.17006171,0.5375043,0.41074622,-0.20398416,0.5523414,0.38548186
-0.22526565,0.544164,0.3891448,-0.20398416,0.5523414,0.38548186,-0.23401041,0.5396646,0.3782314
-0.23721221,0.5239536,0.39255434,-0.23401041,0.5396646,0.3782314,-0.24589758,0.5192628,0.3778072
-0.17790054,0.57217294,0.4263615,-0.19786307,0.57151264,0.40706962,-0.20954038,0.5894556,0.4065016
-0.17790054,0.57217294,0.4263615,-0.20954038,0.5894556,0.4065016,-0.19527593,0.59742033,0.42332467
-0.19786307,0.57151264,0.40706962,-0.21881205,0.56598395,0.3991726,-0.22499429,0.5797518,0.40171292
-0.19786307,0.57151264,0.40706962,-0.22499429,0.5797518,0.40171292,-0.20954038,0.5894556,0.4065016
-0.20954038,0.5894556,0.4065016,-0.22499429,0.5797518,0.40171292,-0.23864825,0.58726925,0.40251347
-0.20954038,0.5894556,0.4065016,-0.23864825,0.58726925,0.40251347,-0.23065263,0.601321,0.40251338
-0.19527593,0.59742033,0.42332467,-0.20954038,0.5894556,0.4065016,-0.23065263,0.601321,0.40251338
-0.19527593,0.59742033,0.42332467,-0.23065263,0.601321,0.40251338,-0.22484392,0.61499673,0.41421404
-0.22484392,0.61499673,0.41421404,-0.23065263,0.601321,0.40251338,-0.25675526,0.597933,0.39711785
-0.22484392,0.61499673,0.41421404,-0.25675526,0.597933,0.39711785,-0.2597403,0.6128382,0.40192062
-0.23065263,0.601321,0.40251338,-0.23864825,0.58726925,0.40251347,-0.2563581,0.5834289,0.4036306
-0.23065263,0.601321,0.40251338,-0.2563581,0.5834289,0.4036306,-0.25675526,0.597933,0.39711785
-0.25675526,0.597933,0.39711785,-0.2563581,0.5834289,0.4036306,-0.2715913,0.5668434,0.40927315
-0.25675526,0.597933,0.39711785,-0.2715913,0.5668434,0.40927315,-0.279237,0.57661474,0.39717945
-0.2597403,0.6128382,0.40192062,-0.25675526,0.597933,0.39711785,-0.279237,0.57661474,0.39717945
-0.2597403,0.6128382,0.40192062,-0.279237,0.57661474,0.39717945,-0.28940704,0.58756864,0.39592847
-0.28940704,0.58756864,0.39592847,-0.279237,0.57661474,0.39717945,-0.28958032,0.53970546,0.40874675
-0.28940704,0.58756864,0.39592847,-0.28958032,0.53970546,0.40874675,-0.30357715,0.5422107,0.40489784
-0.279237,0.57661474,0.39717945,-0.2715913,0.5668434,0.40927315,-0.27803463,0.53949034,0.42273682
-0.279237,0.57661474,0.39717945,-0.27803463,0.53949034,0.42273682,-0.28958032,0.53970546,0.40874675
-0.28958032,0.53970546,0.40874675,-0.27803463,0.53949034,0.42273682,-0.2733591,0.5130882,0.4415127
-0.28958032,0.53970546,0.40874675,-0.2733591,0.5130882,0.4415127,-0.28380597,0.5031153,0.42975053
-0.30357715,0.5422107,0.40489784,-0.28958032,0.53970546,0.40874675,-0.28380597,0.5031153,0.42975053
-0.30357715,0.5422107,0.40489784,-0.28380597,0.5031153,0.42975053,-0.2968405,0.49669653,0.4275903
-0.2968405,0.49669653,0.4275903,-0.28380597,0.5031153,0.42975053,-0.26180932,0.48336902,0.4554065
-0.2968405,0.49669653,0.4275903,-0.26180932,0.48336902,0.4554065,-0.26864365,0.47173804,0.45883146
-0.28380597,0.5031153,0.42975053,-0.2733591,0.5130882,0.4415127,-0.25800768,0.49961942,0.46154442
-0.28380597,0.5031153,0.42975053,-0.25800768,0.49961942,0.46154442,-0.26180932,0.48336902,0.4554065
-0.26180932,0.48336902,0.4554065,-0.25800768,0.49961942,0.46154442,-0.23952095,0.5023713,0.47839326
-0.26180932,0.48336902,0.4554065,-0.23952095,0.5023713,0.47839326,-0.23444611,0.4858851,0.47818553
-0.26864365,0.47173804,0.45883146,-0.26180932,0.48336902,0.4554065,-0.23444611,0.4858851,0.47818553
-0.26864365,0.47173804,0.45883146,-0.23444611,0.4858851,0.47818553,-0.23300198,0.47425172,0.48759326
-0.23300198,0.47425172,0.48759326,-0.23444611,0.4858851,0.47818553,-0.21422598,0.5102667,0.49133015
-0.23300198,0.47425172,0.48759326,-0.21422598,0.5102667,0.49133015,-0.20609386,0.5039994,0.5036476
-0.23444611,0.4858851,0.47818553,-0.23952095,0.5023713,0.47839326,-0.22646116,0.5203884,0.48836425
-0.23444611,0.4858851,0.47818553,-0.22646116,0.5203884,0.48836425,-0.21422598,0.5102667,0.49133015
-0.21422598,0.5102667,0.49133015,-0.22646116,0.5203884,0.48836425,-0.22438096,0.5444316,0.49112508
-0.21422598,0.5102667,0.49133015,-0.22438096,0.5444316,0.49112508,-0.2093071,0.54395944,0.49391168
-0.20609386,0.5039994,0.5036476,-0.21422598,0.5102667,0.49133015,-0.2093071,0.54395944,0.49391168
-0.20609386,0.5039994,0.5036476,-0.2093071,0.54395944,0.49391168,-0.19818413,0.54592323,0.5058188
-0.19818413,0.54592323,0.5058188,-0.2093071,0.54395944,0.49391168,-0.22377664,0.57303995,0.4874527
-0.19818413,0.54592323,0.5058188,-0.22377664,0.57303995,0.4874527,-0.21448006,0.58294356,0.49638164
-0.2093071,0.54395944,0.49391168,-0.22438096,0.5444316,0.49112508,-0.23597403,0.56463003,0.4878001
-0.2093071,0.54395944,0.49391168,-0.23597403,0.56463003,0.4878001,-0.22377664,0.57303995,0.4874527
-0.22377664,0.57303995,0.4874527,-0.23597403,0.56463003,0.4878001,-0.2555075,0.5768607,0.4819771
-0.22377664,0.57303995,0.4874527,-0.2555075,0.5768607,0.4819771,-0.24978954,0.59026116,0.47745028
-0.21448006,0.58294356,0.49638164,-0.22377664,0.57303995,0.4874527,-0.24978954,0.59026116,0.47745028
-0.21448006,0.58294356,0.49638164,-0.24978954,0.59026116,0.47745028,-0.24587043,0.6047172,0.4823579
-0.24587043,0.6047172,0.4823579,-0.24978954,0.59026116,0.47745028,-0.27720684,0.5916873,0.46993387
-0.24587043,0.6047172,0.4823579,-0.27720684,0.5916873,0.46993387,-0.2802101,0.6050931,0.4713664
-0.24978954,0.59026116,0.47745028,-0.2555075,0.5768607,0.4819771,-0.27570483,0.5792691,0.4776524
-0.24978954,0.59026116,0.47745028,-0.27570483,0.5792691,0.4776524,-0.27720684,0.5916873,0.46993387
-0.27720684,0.5916873,0.46993387,-0.27570483,0.5792691,0.4776524,-0.2915403,0.57332015,0.4779926
-0.27720684,0.5916873,0.46993387,-0.2915403,0.57332015,0.4779926,-0.29864353,0.5799519,0.4690853
-0.2802101,0.6050931,0.4713664,-0.27720684,0.5916873,0.46993387,-0.29864353,0.5799519,0.4690853
-0.2802101,0.6050931,0.4713664,-0.29864353,0.5799519,0.4690853,-0.3075336,0.58794755,0.46866164
-0.3075336,0.58794755,0.46866164,-0.29864353,0.5799519,0.4690853,-0.30849338,0.56021523,0.47766814
-0.3075336,0.58794755,0.46866164,-0.30849338,0.56021523,0.47766814,-0.3200175,0.56068355,0.4777823
-0.29864353,0.5799519,0.4690853,-0.2915403,0.57332015,0.4779926,-0.29921615,0.56193846,0.48517323
-0.29864353,0.5799519,0.4690853,-0.29921615,0.56193846,0.48517323,-0.30849338,0.56021523,0.47766814
-0.30849338,0.56021523,0.47766814,-0.29921615,0.56193846,0.48517323,-0.29759493,0.5505642,0.49823266
-0.30849338,0.56021523,0.47766814,-0.29759493,0.5505642,0.49823266,-0.30550402,0.5411751,0.49462175
-0.3200175,0.56068355,0.4777823,-0.30849338,0.56021523,0.47766814,-0.30550402,0.5411751,0.49462175
-0.3200175,0.56068355,0.4777823,-0.30550402,0.5411751,0.49462175,-0.31622785,0.5347821,0.49777117
-0.31622785,0.5347821,0.49777117,-0.30550402,0.5411751,0.49462175,-0.2910152,0.5311251,0.5168102
-0.31622785,0.5347821,0.49777117,-0.2910152,0.5311251,0.5168102,-0.29807514,0.52104515,0.5248537
-0.30550402,0.5411751,0.49462175,-0.29759493,0.5505642,0.49823266,-0.28741637,0.5445081,0.5148378
-0.30550402,0.5411751,0.49462175,-0.28741637,0.5445081,0.5148378,-0.2910152,0.5311251,0.5168102
-0.2910152,0.5311251,0.5168102,-0.28741637,0.5445081,0.5148378,-0.2742676,0.54603964,0.5303082
-0.2910152,0.5311251,0.5168102,-0.2742676,0.54603964,0.5303082,-0.27237728,0.5332026,0.53662646
-0.29807514,0.52104515,0.5248537,-0.2910152,0.5311251,0.5168102,-0.27237728,0.5332026,0.53662646
-0.29807514,0.52104515,0.5248537,-0.27237728,0.5332026,0.53662646,-0.274451,0.5234745,0.5484879
-0.274451,0.5234745,0.5484879,-0.27237728,0.5332026,0.53662646,-0.25745445,0.5482044,0.5472595
-0.274451,0.5234745,0.5484879,-0.25745445,0.5482044,0.5472595,-0.25493544,0.5425383,0.55937594
-0.27237728,0.5332026,0.53662646,-0.2742676,0.54603964,0.5303082,-0.26408142,0.55640763,0.5402788
-0.27237728,0.5332026,0.53662646,-0.26408142,0.55640763,0.5402788,-0.25745445,0.5482044,0.5472595
-0.25745445,0.5482044,0.5472595,-0.26408142,0.55640763,0.5402788,-0.25932086,0.57581586,0.54399264
-0.25745445,0.5482044,0.5472595,-0.25932086,0.57581586,0.54399264,-0.2501562,0.5727213,0.5495489
-0.25493544,0.5425383,0.55937594,-0.25745445,0.5482044,0.5472595,-0.2501562,0.5727213,0.5495489
-0.25493544,0.5425383,0.55937594,-0.2501562,0.5727213,0.5495489,-0.24487199,0.5713632,0.5599612
-0.21881205,0.56598395,0.3991726,-0.22633028,0.55706495,0.41122264,-0.23128432,0.572763,0.4152859
-0.21881205,0.56598395,0.3991726,-0.23128432,0.572763,0.4152859,-0.22499429,0.5797518,0.40171292
-0.22633028,0.55706495,0.41122264,-0.21930763,0.55115795,0.43240228,-0.22690369,0.57314044,0.43610132
-0.22633028,0.55706495,0.41122264,-0.22690369,0.57314044,0.43610132,-0.23128432,0.572763,0.4152859
-0.23128432,0.572763,0.4152859,-0.22690369,0.57314044,0.43610132,-0.2434345,0.58501744,0.4351732
-0.23128432,0.572763,0.4152859,-0.2434345,0.58501744,0.4351732,-0.24343401,0.58071035,0.41692284
-0.22499429,0.5797518,0.40171292,-0.23128432,0.572763,0.4152859,-0.24343401,0.58071035,0.41692284
-0.22499429,0.5797518,0.40171292,-0.24343401,0.58071035,0.41692284,-0.23864825,0.58726925,0.40251347
-0.23864825,0.58726925,0.40251347,-0.24343401,0.58071035,0.41692284,-0.25854173,0.57800704,0.41944376
-0.23864825,0.58726925,0.40251347,-0.25854173,0.57800704,0.41944376,-0.2563581,0.5834289,0.4036306
-0.24343401,0.58071035,0.41692284,-0.2434345,0.58501744,0.4351732,-0.26233858,0.5838546,0.4343947
-0.24343401,0.58071035,0.41692284,-0.26233858,0.5838546,0.4343947,-0.25854173,0.57800704,0.41944376
-0.25854173,0.57800704,0.41944376,-0.26233858,0.5838546,0.4343947,-0.27752736,0.5697804,0.43798667
-0.25854173,0.57800704,0.41944376,-0.27752736,0.5697804,0.43798667,-0.2710694,0.56438524,0.42609438
-0.2563581,0.5834289,0.4036306,-0.25854173,0.57800704,0.41944376,-0.2710694,0.56438524,0.42609438
-0.2563581,0.5834289,0.4036306,-0.2710694,0.56438524,0.42609438,-0.2715913,0.5668434,0.40927315
-0.2715913,0.5668434,0.40927315,-0.2710694,0.56438524,0.42609438,-0.27602306,0.5421186,0.4390026
-0.2715913,0.5668434,0.40927315,-0.27602306,0.5421186,0.4390026,-0.27803463,0.53949034,0.42273682
-0.2710694,0.56438524,0.42609438,-0.27752736,0.5697804,0.43798667,-0.28385735,0.5457204,0.44890594
-0.2710694,0.56438524,0.42609438,-0.28385735,0.5457204,0.44890594,-0.27602306,0.5421186,0.4390026
-0.27602306,0.5421186,0.4390026,-0.28385735,0.5457204,0.44890594,-0.2794941,0.5227284,0.46561068
-0.27602306,0.5421186,0.4390026,-0.2794941,0.5227284,0.46561068,-0.27188048,0.5210121,0.45588964
-0.27803463,0.53949034,0.42273682,-0.27602306,0.5421186,0.4390026,-0.27188048,0.5210121,0.45588964
-0.27803463,0.53949034,0.42273682,-0.27188048,0.5210121,0.45588964,-0.2733591,0.5130882,0.4415127
-0.2733591,0.5130882,0.4415127,-0.27188048,0.5210121,0.45588964,-0.25936982,0.510831,0.47337922
-0.2733591,0.5130882,0.4415127,-0.25936982,0.510831,0.47337922,-0.25800768,0.49961942,0.46154442
-0.27188048,0.5210121,0.45588964,-0.2794941,0.5227284,0.46561068,-0.26509556,0.5116827,0.48497367
-0.27188048,0.5210121,0.45588964,-0.26509556,0.5116827,0.48497367,-0.25936982,0.510831,0.47337922
-0.25936982,0.510831,0.47337922,-0.26509556,0.5116827,0.48497367,-0.24798758,0.5146365,0.50203174
-0.25936982,0.510831,0.47337922,-0.24798758,0.5146365,0.50203174,-0.24474889,0.5136498,0.48811182
-0.25800768,0.49961942,0.46154442,-0.25936982,0.510831,0.47337922,-0.24474889,0.5136498,0.48811182
-0.25800768,0.49961942,0.46154442,-0.24474889,0.5136498,0.48811182,-0.23952095,0.5023713,0.47839326
-0.23952095,0.5023713,0.47839326,-0.24474889,0.5136498,0.48811182,-0.23492849,0.52816653,0.4973427
-0.23952095,0.5023713,0.47839326,-0.23492849,0.52816653,0.4973427,-0.22646116,0.5203884,0.48836425
-0.24474889,0.5136498,0.48811182,-0.24798758,0.5146365,0.50203174,-0.2362063,0.53003556,0.5123933
-0.24474889,0.5136498,0.48811182,-0.2362063,0.53003556,0.5123933,-0.23492849,0.52816653,0.4973427
-0.23492849,0.52816653,0.4973427,-0.2362063,0.53003556,0.5123933,-0.23396108,0.5507211,0.51579404
-0.23492849,0.52816653,0.4973427,-0.23396108,0.5507211,0.51579404,-0.23390374,0.5472579,0.5007696
-0.22646116,0.5203884,0.48836425,-0.23492849,0.52816653,0.4973427,-0.23390374,0.5472579,0.5007696
-0.22646116,0.5203884,0.48836425,-0.23390374,0.5472579,0.5007696,-0.22438096,0.5444316,0.49112508
-0.22438096,0.5444316,0.49112508,-0.23390374,0.5472579,0.5007696,-0.243463,0.5634414,0.4991264
-0.22438096,0.5444316,0.49112508,-0.243463,0.5634414,0.4991264,-0.23597403,0.56463003,0.4878001
-0.23390374,0.5472579,0.5007696,-0.23396108,0.5507211,0.51579404,-0.24311453,0.5689818,0.51336145
-0.23390374,0.5472579,0.5007696,-0.24311453,0.5689818,0.51336145,-0.243463,0.5634414,0.4991264
-0.243463,0.5634414,0.4991264,-0.24311453,0.5689818,0.51336145,-0.25996715,0.58050424,0.50766194
-0.243463,0.5634414,0.4991264,-0.25996715,0.58050424,0.50766194,-0.25948113,0.5736147,0.49484664
-0.23597403,0.56463003,0.4878001,-0.243463,0.5634414,0.4991264,-0.25948113,0.5736147,0.49484664
-0.23597403,0.56463003,0.4878001,-0.25948113,0.5736147,0.49484664,-0.2555075,0.5768607,0.4819771
-0.2555075,0.5768607,0.4819771,-0.25948113,0.5736147,0.49484664,-0.27661827,0.5763912,0.4908766
-0.2555075,0.5768607,0.4819771,-0.27661827,0.5763912,0.4908766,-0.27570483,0.5792691,0.4776524
-0.25948113,0.5736147,0.49484664,-0.25996715,0.58050424,0.50766194,-0.2793541,0.5828442,0.50182897
-0.25948113,0.5736147,0.49484664,-0.2793541,0.5828442,0.50182897,-0.27661827,0.5763912,0.4908766
-0.27661827,0.5763912,0.4908766,-0.2793541,0.5828442,0.50182897,-0.29581732,0.57764554,0.49982706
-0.27661827,0.5763912,0.4908766,-0.29581732,0.57764554,0.49982706,-0.29058862,0.57286924,0.49051178
-0.27570483,0.5792691,0.4776524,-0.27661827,0.5763912,0.4908766,-0.29058862,0.57286924,0.49051178
-0.27570483,0.5792691,0.4776524,-0.29058862,0.57286924,0.49051178,-0.2915403,0.57332015,0.4779926
-0.2915403,0.57332015,0.4779926,-0.29058862,0.57286924,0.49051178,-0.29795054,0.5652054,0.49625954
-0.2915403,0.57332015,0.4779926,-0.29795054,0.5652054,0.49625954,-0.29921615,0.56193846,0.48517323
-0.29058862,0.57286924,0.49051178,-0.29581732,0.57764554,0.49982706,-0.30468255,0.5679417,0.50482374
-0.29058862,0.57286924,0.49051178,-0.30468255,0.5679417,0.50482374,-0.29795054,0.5652054,0.49625954
-0.29795054,0.5652054,0.49625954,-0.30468255,0.5679417,0.50482374,-0.3047059,0.5582463,0.5159656
-0.29795054,0.5652054,0.49625954,-0.3047059,0.5582463,0.5159656,-0.2975825,0.557307,0.50713056
-0.29921615,0.56193846,0.48517323,-0.29795054,0.5652054,0.49625954,-0.2975825,0.557307,0.50713056
-0.29921615,0.56193846,0.48517323,-0.2975825,0.557307,0.50713056,-0.29759493,0.5505642,0.49823266
-0.29759493,0.5505642,0.49823266,-0.2975825,0.557307,0.50713056,-0.2899531,0.55302423,0.52093303
-0.29759493,0.5505642,0.49823266,-0.2899531,0.55302423,0.52093303,-0.28741637,0.5445081,0.5148378
-0.2975825,0.557307,0.50713056,-0.3047059,0.5582463,0.5159656,-0.29653022,0.5528982,0.530851
-0.2975825,0.557307,0.50713056,-0.29653022,0.5528982,0.530851,-0.2899531,0.55302423,0.52093303
-0.2899531,0.55302423,0.52093303,-0.29653022,0.5528982,0.530851,-0.2849125,0.5540589,0.5449077
-0.2899531,0.55302423,0.52093303,-0.2849125,0.5540589,0.5449077,-0.2795697,0.5542293,0.5341652
-0.28741637,0.5445081,0.5148378,-0.2899531,0.55302423,0.52093303,-0.2795697,0.5542293,0.5341652
-0.28741637,0.5445081,0.5148378,-0.2795697,0.5542293,0.5341652,-0.2742676,0.54603964,0.5303082
-0.2742676,0.54603964,0.5303082,-0.2795697,0.5542293,0.5341652,-0.27126014,0.56234944,0.5434913
-0.2742676,0.54603964,0.5303082,-0.27126014,0.56234944,0.5434913,-0.26408142,0.55640763,0.5402788
-0.2795697,0.5542293,0.5341652,-0.2849125,0.5540589,0.5449077,-0.27501652,0.5631126,0.5538945
-0.2795697,0.5542293,0.5341652,-0.27501652,0.5631126,0.5538945,-0.27126014,0.56234944,0.5434913
-0.27126014,0.56234944,0.5434913,-0.27501652,0.5631126,0.5538945,-0.26951572,0.5805066,0.5570613
-0.27126014,0.56234944,0.5434913,-0.26951572,0.5805066,0.5570613,-0.26709872,0.5790075,0.54755545
-0.26408142,0.55640763,0.5402788,-0.27126014,0.56234944,0.5434913,-0.26709872,0.5790075,0.54755545
-0.26408142,0.55640763,0.5402788,-0.26709872,0.5790075,0.54755545,-0.25932086,0.57581586,0.54399264
-0.21930763,0.55115795,0.43240228,-0.2014797,0.5536611,0.44885024,-0.21390168,0.5830806,0.4506272
-0.21930763,0.55115795,0.43240228,-0.21390168,0.5830806,0.4506272,-0.22690369,0.57314044,0.43610132
-0.2014797,0.5536611,0.44885024,-0.18266553,0.561033,0.45390362,-0.19970997,0.5947593,0.45311877
-0.2014797,0.5536611,0.44885024,-0.19970997,0.5947593,0.45311877,-0.21390168,0.5830806,0.4506272
-0.21390168,0.5830806,0.4506272,-0.19970997,0.5947593,0.45311877,-0.23171979,0.6152415,0.44395825
-0.21390168,0.5830806,0.4506272,-0.23171979,0.6152415,0.44395825,-0.23867057,0.5999415,0.44541606
-0.22690369,0.57314044,0.43610132,-0.21390168,0.5830806,0.4506272,-0.23867057,0.5999415,0.44541606
-0.22690369,0.57314044,0.43610132,-0.23867057,0.5999415,0.44541606,-0.2434345,0.58501744,0.4351732
-0.2434345,0.58501744,0.4351732,-0.23867057,0.5999415,0.44541606,-0.26624367,0.5994036,0.43860775
-0.2434345,0.58501744,0.4351732,-0.26624367,0.5994036,0.43860775,-0.26233858,0.5838546,0.4343947
-0.23867057,0.5999415,0.44541606,-0.23171979,0.6152415,0.44395825,-0.26756102,0.61455125,0.43150556
-0.23867057,0.5999415,0.44541606,-0.26756102,0.61455125,0.43150556,-0.26624367,0.5994036,0.43860775
-0.26624367,0.5994036,0.43860775,-0.26756102,0.61455125,0.43150556,-0.29693538,0.59094125,0.42504302
-0.26624367,0.5994036,0.43860775,-0.29693538,0.59094125,0.42504302,-0.28849354,0.5809521,0.43693614
-0.26233858,0.5838546,0.4343947,-0.26624367,0.5994036,0.43860775,-0.28849354,0.5809521,0.43693614
-0.26233858,0.5838546,0.4343947,-0.28849354,0.5809521,0.43693614,-0.27752736,0.5697804,0.43798667
-0.27752736,0.5697804,0.43798667,-0.28849354,0.5809521,0.43693614,-0.2985671,0.54810095,0.4459302
-0.27752736,0.5697804,0.43798667,-0.2985671,0.54810095,0.4459302,-0.28385735,0.5457204,0.44890594
-0.28849354,0.5809521,0.43693614,-0.29693538,0.59094125,0.42504302,-0.31082565,0.54819185,0.4328133
-0.28849354,0.5809521,0.43693614,-0.31082565,0.54819185,0.4328133,-0.2985671,0.54810095,0.4459302
-0.2985671,0.54810095,0.4459302,-0.31082565,0.54819185,0.4328133,-0.30450615,0.50601244,0.45470154
-0.2985671,0.54810095,0.4459302,-0.30450615,0.50601244,0.45470154,-0.29329386,0.5161476,0.46495685
-0.28385735,0.5457204,0.44890594,-0.2985671,0.54810095,0.4459302,-0.29329386,0.5161476,0.46495685
-0.28385735,0.5457204,0.44890594,-0.29329386,0.5161476,0.46495685,-0.2794941,0.5227284,0.46561068
-0.2794941,0.5227284,0.46561068,-0.29329386,0.5161476,0.46495685,-0.27293065,0.500307,0.4904714
-0.2794941,0.5227284,0.46561068,-0.27293065,0.500307,0.4904714,-0.26509556,0.5116827,0.48497367
-0.29329386,0.5161476,0.46495685,-0.30450615,0.50601244,0.45470154,-0.27773264,0.48431224,0.48640603
-0.29329386,0.5161476,0.46495685,-0.27773264,0.48431224,0.48640603,-0.27293065,0.500307,0.4904714
-0.27293065,0.500307,0.4904714,-0.27773264,0.48431224,0.48640603,-0.2438974,0.4878669,0.5152379
-0.27293065,0.500307,0.4904714,-0.2438974,0.4878669,0.5152379,-0.24775755,0.5036781,0.51344264
-0.26509556,0.5116827,0.48497367,-0.27293065,0.500307,0.4904714,-0.24775755,0.5036781,0.51344264
-0.26509556,0.5116827,0.48497367,-0.24775755,0.5036781,0.51344264,-0.24798758,0.5146365,0.50203174
-0.24798758,0.5146365,0.50203174,-0.24775755,0.5036781,0.51344264,-0.2292699,0.5243997,0.5256189
-0.24798758,0.5146365,0.50203174,-0.2292699,0.5243997,0.5256189,-0.2362063,0.53003556,0.5123933
-0.24775755,0.5036781,0.51344264,-0.2438974,0.4878669,0.5152379,-0.21823075,0.5149092,0.5294929
-0.24775755,0.5036781,0.51344264,-0.21823075,0.5149092,0.5294929,-0.2292699,0.5243997,0.5256189
-0.2292699,0.5243997,0.5256189,-0.21823075,0.5149092,0.5294929,-0.20967758,0.55262554,0.52979195
-0.2292699,0.5243997,0.5256189,-0.20967758,0.55262554,0.52979195,-0.22379512,0.5528913,0.5273532
-0.2362063,0.53003556,0.5123933,-0.2292699,0.5243997,0.5256189,-0.22379512,0.5528913,0.5273532
-0.2362063,0.53003556,0.5123933,-0.22379512,0.5528913,0.5273532,-0.23396108,0.5507211,0.51579404
-0.23396108,0.5507211,0.51579404,-0.22379512,0.5528913,0.5273532,-0.23441343,0.5785158,0.5214665
-0.23396108,0.5507211,0.51579404,-0.23441343,0.5785158,0.5214665,-0.24311453,0.5689818,0.51336145
-0.22379512,0.5528913,0.5273532,-0.20967758,0.55262554,0.52979195,-0.22281113,0.58655643,0.5202951
-0.22379512,0.5528913,0.5273532,-0.22281113,0.58655643,0.5202951,-0.23441343,0.5785158,0.5214665
-0.23441343,0.5785158,0.5214665,-0.22281113,0.58655643,0.5202951,-0.25100365,0.6067056,0.5069925
-0.23441343,0.5785158,0.5214665,-0.25100365,0.6067056,0.5069925,-0.25638458,0.5941329,0.5120446
-0.24311453,0.5689818,0.51336145,-0.23441343,0.5785158,0.5214665,-0.25638458,0.5941329,0.5120446
-0.24311453,0.5689818,0.51336145,-0.25638458,0.5941329,0.5120446,-0.25996715,0.58050424,0.50766194
-0.25996715,0.58050424,0.50766194,-0.25638458,0.5941329,0.5120446,-0.2827118,0.59530985,0.50348806
-0.25996715,0.58050424,0.50766194,-0.2827118,0.59530985,0.50348806,-0.2793541,0.5828442,0.50182897
-0.25638458,0.5941329,0.5120446,-0.25100365,0.6067056,0.5069925,-0.28456825,0.6067872,0.4959961
-0.25638458,0.5941329,0.5120446,-0.28456825,0.6067872,0.4959961,-0.2827118,0.59530985,0.50348806
-0.2827118,0.59530985,0.50348806,-0.28456825,0.6067872,0.4959961,-0.3127853,0.59089774,0.4920718
-0.2827118,0.59530985,0.50348806,-0.3127853,0.59089774,0.4920718,-0.30519462,0.5849535,0.50019133
-0.2793541,0.5828442,0.50182897,-0.2827118,0.59530985,0.50348806,-0.30519462,0.5849535,0.50019133
-0.2793541,0.5828442,0.50182897,-0.30519462,0.5849535,0.50019133,-0.29581732,0.57764554,0.49982706
-0.29581732,0.57764554,0.49982706,-0.30519462,0.5849535,0.50019133,-0.31673223,0.5682498,0.5056047
-0.29581732,0.57764554,0.49982706,-0.31673223,0.5682498,0.5056047,-0.30468255,0.5679417,0.50482374
-0.30519462,0.5849535,0.50019133,-0.3127853,0.59089774,0.4920718,-0.3265348,0.56636673,0.4987666
-0.30519462,0.5849535,0.50019133,-0.3265348,0.56636673,0.4987666,-0.31673223,0.5682498,0.5056047
-0.31673223,0.5682498,0.5056047,-0.3265348,0.56636673,0.4987666,-0.32413024,0.54307896,0.5160946
-0.31673223,0.5682498,0.5056047,-0.32413024,0.54307896,0.5160946,-0.31582564,0.5521608,0.5194105
-0.30468255,0.5679417,0.50482374,-0.31673223,0.5682498,0.5056047,-0.31582564,0.5521608,0.5194105
-0.30468255,0.5679417,0.50482374,-0.31582564,0.5521608,0.5194105,-0.3047059,0.5582463,0.5159656
-0.3047059,0.5582463,0.5159656,-0.31582564,0.5521608,0.5194105,-0.3037052,0.54323643,0.5390722
-0.3047059,0.5582463,0.5159656,-0.3037052,0.54323643,0.5390722,-0.29653022,0.5528982,0.530851
-0.31582564,0.5521608,0.5194105,-0.32413024,0.54307896,0.5160946,-0.30741906,0.5302713,0.5412216
-0.31582564,0.5521608,0.5194105,-0.30741906,0.5302713,0.5412216,-0.3037052,0.54323643,0.5390722
-0.3037052,0.54323643,0.5390722,-0.30741906,0.5302713,0.5412216,-0.28494835,0.53203803,0.5634513
-0.3037052,0.54323643,0.5390722,-0.28494835,0.53203803,0.5634513,-0.28691247,0.5446032,0.5569511
-0.29653022,0.5528982,0.530851,-0.3037052,0.54323643,0.5390722,-0.28691247,0.5446032,0.5569511
-0.29653022,0.5528982,0.530851,-0.28691247,0.5446032,0.5569511,-0.2849125,0.5540589,0.5449077
-0.2849125,0.5540589,0.5449077,-0.28691247,0.5446032,0.5569511,-0.27251717,0.5575062,0.5660892
-0.2849125,0.5540589,0.5449077,-0.27251717,0.5575062,0.5660892,-0.27501652,0.5631126,0.5538945
-0.28691247,0.5446032,0.5569511,-0.28494835,0.53203803,0.5634513,-0.26591003,0.5493633,0.5731483
-0.28691247,0.5446032,0.5569511,-0.26591003,0.5493633,0.5731483,-0.27251717,0.5575062,0.5660892
-0.27251717,0.5575062,0.5660892,-0.26591003,0.5493633,0.5731483,-0.25537294,0.5759325,0.5727885
-0.27251717,0.5575062,0.5660892,-0.25537294,0.5759325,0.5727885,-0.26438472,0.5790879,0.56735253
-0.27501652,0.5631126,0.5538945,-0.27251717,0.5575062,0.5660892,-0.26438472,0.5790879,0.56735253
-0.27501652,0.5631126,0.5538945,-0.26438472,0.5790879,0.56735253,-0.26951572,0.5805066,0.5570613
-0.18266553,0.561033,0.45390362,-0.17301247,0.56810915,0.44469723,-0.19215749,0.59977293,0.44184303
-0.18266553,0.561033,0.45390362,-0.19215749,0.59977293,0.44184303,-0.19970997,0.5947593,0.45311877
-0.17301247,0.56810915,0.44469723,-0.17790054,0.57217294,0.4263615,-0.19527593,0.59742033,0.42332467
-0.17301247,0.56810915,0.44469723,-0.19527593,0.59742033,0.42332467,-0.19215749,0.59977293,0.44184303
-0.19215749,0.59977293,0.44184303,-0.19527593,0.59742033,0.42332467,-0.22484392,0.61499673,0.41421404
-0.19215749,0.59977293,0.44184303,-0.22484392,0.61499673,0.41421404,-0.22588934,0.6205521,0.43100688
-0.19970997,0.5947593,0.45311877,-0.19215749,0.59977293,0.44184303,-0.22588934,0.6205521,0.43100688
-0.19970997,0.5947593,0.45311877,-0.22588934,0.6205521,0.43100688,-0.23171979,0.6152415,0.44395825
-0.23171979,0.6152415,0.44395825,-0.22588934,0.6205521,0.43100688,-0.2644572,0.6193296,0.41628194
-0.23171979,0.6152415,0.44395825,-0.2644572,0.6193296,0.41628194,-0.26756102,0.61455125,0.43150556
-0.22588934,0.6205521,0.43100688,-0.22484392,0.61499673,0.41421404,-0.2597403,0.6128382,0.40192062
-0.22588934,0.6205521,0.43100688,-0.2597403,0.6128382,0.40192062,-0.2644572,0.6193296,0.41628194
-0.2644572,0.6193296,0.41628194,-0.2597403,0.6128382,0.40192062,-0.28940704,0.58756864,0.39592847
-0.2644572,0.6193296,0.41628194,-0.28940704,0.58756864,0.39592847,-0.29666087,0.5931819,0.4080214
-0.26756102,0.61455125,0.43150556,-0.2644572,0.6193296,0.41628194,-0.29666087,0.5931819,0.4080214
-0.26756102,0.61455125,0.43150556,-0.29666087,0.5931819,0.4080214,-0.29693538,0.59094125,0.42504302
-0.29693538,0.59094125,0.42504302,-0.29666087,0.5931819,0.4080214,-0.31212437,0.54568774,0.41567436
-0.29693538,0.59094125,0.42504302,-0.31212437,0.54568774,0.41567436,-0.31082565,0.54819185,0.4328133
-0.29666087,0.5931819,0.4080214,-0.28940704,0.58756864,0.39592847,-0.30357715,0.5422107,0.40489784
-0.29666087,0.5931819,0.4080214,-0.30357715,0.5422107,0.40489784,-0.31212437,0.54568774,0.41567436
-0.31212437,0.54568774,0.41567436,-0.30357715,0.5422107,0.40489784,-0.2968405,0.49669653,0.4275903
-0.31212437,0.54568774,0.41567436,-0.2968405,0.49669653,0.4275903,-0.30521974,0.4982508,0.43881786
-0.31082565,0.54819185,0.4328133,-0.31212437,0.54568774,0.41567436,-0.30521974,0.4982508,0.43881786
-0.31082565,0.54819185,0.4328133,-0.30521974,0.4982508,0.43881786,-0.30450615,0.50601244,0.45470154
-0.30450615,0.50601244,0.45470154,-0.30521974,0.4982508,0.43881786,-0.27537012,0.47284532,0.4724986
-0.30450615,0.50601244,0.45470154,-0.27537012,0.47284532,0.4724986,-0.27773264,0.48431224,0.48640603
-0.30521974,0.4982508,0.43881786,-0.2968405,0.49669653,0.4275903,-0.26864365,0.47173804,0.45883146
-0.30521974,0.4982508,0.43881786,-0.26864365,0.47173804,0.45883146,-0.27537012,0.47284532,0.4724986
-0.27537012,0.47284532,0.4724986,-0.26864365,0.47173804,0.45883146,-0.23300198,0.47425172,0.48759326
-0.27537012,0.47284532,0.4724986,-0.23300198,0.47425172,0.48759326,-0.23745507,0.4759134,0.50351626
-0.27773264,0.48431224,0.48640603,-0.27537012,0.47284532,0.4724986,-0.23745507,0.4759134,0.50351626
-0.27773264,0.48431224,0.48640603,-0.23745507,0.4759134,0.50351626,-0.2438974,0.4878669,0.5152379
-0.2438974,0.4878669,0.5152379,-0.23745507,0.4759134,0.50351626,-0.20856766,0.50649995,0.51960623
-0.2438974,0.4878669,0.5152379,-0.20856766,0.50649995,0.51960623,-0.21823075,0.5149092,0.5294929
-0.23745507,0.4759134,0.50351626,-0.23300198,0.47425172,0.48759326,-0.20609386,0.5039994,0.5036476
-0.23745507,0.4759134,0.50351626,-0.20609386,0.5039994,0.5036476,-0.20856766,0.50649995,0.51960623
-0.20856766,0.50649995,0.51960623,-0.20609386,0.5039994,0.5036476,-0.19818413,0.54592323,0.5058188
-0.20856766,0.50649995,0.51960623,-0.19818413,0.54592323,0.5058188,-0.19919848,0.54959285,0.52049524
-0.21823075,0.5149092,0.5294929,-0.20856766,0.50649995,0.51960623,-0.19919848,0.54959285,0.52049524
-0.21823075,0.5149092,0.5294929,-0.19919848,0.54959285,0.52049524,-0.20967758,0.55262554,0.52979195
-0.20967758,0.55262554,0.52979195,-0.19919848,0.54959285,0.52049524,-0.2147271,0.5881146,0.5097928
-0.20967758,0.55262554,0.52979195,-0.2147271,0.5881146,0.5097928,-0.22281113,0.58655643,0.5202951
-0.19919848,0.54959285,0.52049524,-0.19818413,0.54592323,0.5058188,-0.21448006,0.58294356,0.49638164
-0.19919848,0.54959285,0.52049524,-0.21448006,0.58294356,0.49638164,-0.2147271,0.5881146,0.5097928
-0.2147271,0.5881146,0.5097928,-0.21448006,0.58294356,0.49638164,-0.24587043,0.6047172,0.4823579
-0.2147271,0.5881146,0.5097928,-0.24587043,0.6047172,0.4823579,-0.24669322,0.61077935,0.49464813
-0.22281113,0.58655643,0.5202951,-0.2147271,0.5881146,0.5097928,-0.24669322,0.61077935,0.49464813
-0.22281113,0.58655643,0.5202951,-0.24669322,0.61077935,0.49464813,-0.25100365,0.6067056,0.5069925
-0.25100365,0.6067056,0.5069925,-0.24669322,0.61077935,0.49464813,-0.2833005,0.6106059,0.48254496
-0.25100365,0.6067056,0.5069925,-0.2833005,0.6106059,0.48254496,-0.28456825,0.6067872,0.4959961
-0.24669322,0.61077935,0.49464813,-0.24587043,0.6047172,0.4823579,-0.2802101,0.6050931,0.4713664
-0.24669322,0.61077935,0.49464813,-0.2802101,0.6050931,0.4713664,-0.2833005,0.6106059,0.48254496
-0.2833005,0.6106059,0.48254496,-0.2802101,0.6050931,0.4713664,-0.3075336,0.58794755,0.46866164
-0.2833005,0.6106059,0.48254496,-0.3075336,0.58794755,0.46866164,-0.31324947,0.59203625,0.47876477
-0.28456825,0.6067872,0.4959961,-0.2833005,0.6106059,0.48254496,-0.31324947,0.59203625,0.47876477
-0.28456825,0.6067872,0.4959961,-0.31324947,0.59203625,0.47876477,-0.3127853,0.59089774,0.4920718
-0.3127853,0.59089774,0.4920718,-0.31324947,0.59203625,0.47876477,-0.32727492,0.5632596,0.48701367
-0.3127853,0.59089774,0.4920718,-0.32727492,0.5632596,0.48701367,-0.3265348,0.56636673,0.4987666
-0.31324947,0.59203625,0.47876477,-0.3075336,0.58794755,0.46866164,-0.3200175,0.56068355,0.4777823
-0.31324947,0.59203625,0.47876477,-0.3200175,0.56068355,0.4777823,-0.32727492,0.5632596,0.48701367
-0.32727492,0.5632596,0.48701367,-0.3200175,0.56068355,0.4777823,-0.31622785,0.5347821,0.49777117
-0.32727492,0.5632596,0.48701367,-0.31622785,0.5347821,0.49777117,-0.32374695,0.5360292,0.50690174
-0.3265348,0.56636673,0.4987666,-0.32727492,0.5632596,0.48701367,-0.32374695,0.5360292,0.50690174
-0.3265348,0.56636673,0.4987666,-0.32374695,0.5360292,0.50690174,-0.32413024,0.54307896,0.5160946
-0.32413024,0.54307896,0.5160946,-0.32374695,0.5360292,0.50690174,-0.30476716,0.52133733,0.5349491
-0.32413024,0.54307896,0.5160946,-0.30476716,0.52133733,0.5349491,-0.30741906,0.5302713,0.5412216
-0.32374695,0.5360292,0.50690174,-0.31622785,0.5347821,0.49777117,-0.29807514,0.52104515,0.5248537
-0.32374695,0.5360292,0.50690174,-0.29807514,0.52104515,0.5248537,-0.30476716,0.52133733,0.5349491
-0.30476716,0.52133733,0.5349491,-0.29807514,0.52104515,0.5248537,-0.274451,0.5234745,0.5484879
-0.30476716,0.52133733,0.5349491,-0.274451,0.5234745,0.5484879,-0.27972043,0.5235765,0.5594125
-0.30741906,0.5302713,0.5412216,-0.30476716,0.52133733,0.5349491,-0.27972043,0.5235765,0.5594125
-0.30741906,0.5302713,0.5412216,-0.27972043,0.5235765,0.5594125,-0.28494835,0.53203803,0.5634513
-0.28494835,0.53203803,0.5634513,-0.27972043,0.5235765,0.5594125,-0.25871146,0.54336154,0.5698573
-0.28494835,0.53203803,0.5634513,-0.25871146,0.54336154,0.5698573,-0.26591003,0.5493633,0.5731483
-0.27972043,0.5235765,0.5594125,-0.274451,0.5234745,0.5484879,-0.25493544,0.5425383,0.55937594
-0.27972043,0.5235765,0.5594125,-0.25493544,0.5425383,0.55937594,-0.25871146,0.54336154,0.5698573
-0.25871146,0.54336154,0.5698573,-0.25493544,0.5425383,0.55937594,-0.24487199,0.5713632,0.5599612
-0.25871146,0.54336154,0.5698573,-0.24487199,0.5713632,0.5599612,-0.24744207,0.5728017,0.5693464
-0.26591003,0.5493633,0.5731483,-0.25871146,0.54336154,0.5698573,-0.24744207,0.5728017,0.5693464
-0.26591003,0.5493633,0.5731483,-0.24744207,0.5728017,0.5693464,-0.25537294,0.5759325,0.5727885
-0.25932086,0.57581586,0.54399264,-0.26709872,0.5790075,0.54755545,-0.26726505,0.6030543,0.54670817
-0.25932086,0.57581586,0.54399264,-0.26726505,0.6030543,0.54670817,-0.26032186,0.60134465,0.5429338
-0.26709872,0.5790075,0.54755545,-0.26951572,0.5805066,0.5570613,-0.2689634,0.603792,0.5552472
-0.26709872,0.5790075,0.54755545,-0.2689634,0.603792,0.5552472,-0.26726505,0.6030543,0.54670817
-0.26726505,0.6030543,0.54670817,-0.2689634,0.603792,0.5552472,-0.26872352,0.6200394,0.55233467
-0.26726505,0.6030543,0.54670817,-0.26872352,0.6200394,0.55233467,-0.26722708,0.6229905,0.5460001
-0.26032186,0.60134465,0.5429338,-0.26726505,0.6030543,0.54670817,-0.26722708,0.6229905,0.5460001
-0.26032186,0.60134465,0.5429338,-0.26722708,0.6229905,0.5460001,-0.26251602,0.61895704,0.54281175
-0.25259653,0.6185991,0.5518272,-0.25770447,0.6221982,0.54557294,-0.2629525,0.6298869,0.54972875
-0.25259653,0.6185991,0.5518272,-0.2629525,0.6298869,0.54972875,-0.25560158,0.6224667,0.55652463
-0.25770447,0.6221982,0.54557294,-0.26251602,0.61895704,0.54281175,-0.26722708,0.6229905,0.5460001
-0.25770447,0.6221982,0.54557294,-0.26722708,0.6229905,0.5460001,-0.2629525,0.6298869,0.54972875
-0.2629525,0.6298869,0.54972875,-0.26722708,0.6229905,0.5460001,-0.26872352,0.6200394,0.55233467
-0.2629525,0.6298869,0.54972875,-0.26872352,0.6200394,0.55233467,-0.2651242,0.62325937,0.5569519
-0.25560158,0.6224667,0.55652463,-0.2629525,0.6298869,0.54972875,-0.2651242,0.62325937,0.5569519
-0.25560158,0.6224667,0.55652463,-0.2651242,0.62325937,0.5569519,-0.25888962,0.6196759,0.5609994
-0.25537294,0.5759325,0.5727885,-0.24744207,0.5728017,0.5693464,-0.24836148,0.6020043,0.56376153
-0.25537294,0.5759325,0.5727885,-0.24836148,0.6020043,0.56376153,-0.25525793,0.60302067,0.56740075
-0.24744207,0.5728017,0.5693464,-0.24487199,0.5713632,0.5599612,-0.24642125,0.6006154,0.5556462
-0.24744207,0.5728017,0.5693464,-0.24642125,0.6006154,0.5556462,-0.24836148,0.6020043,0.56376153
-0.24836148,0.6020043,0.56376153,-0.24642125,0.6006154,0.5556462,-0.25259653,0.6185991,0.5518272
-0.24836148,0.6020043,0.56376153,-0.25259653,0.6185991,0.5518272,-0.25560158,0.6224667,0.55652463
-0.25525793,0.60302067,0.56740075,-0.24836148,0.6020043,0.56376153,-0.25560158,0.6224667,0.55652463
-0.25525793,0.60302067,0.56740075,-0.25560158,0.6224667,0.55652463,-0.25888962,0.6196759,0.5609994
-0.24487199,0.5713632,0.5599612,-0.2501562,0.5727213,0.5495489,-0.25182232,0.600888,0.54695696
-0.24487199,0.5713632,0.5599612,-0.25182232,0.600888,0.54695696,-0.24642125,0.6006154,0.5556462
-0.2501562,0.5727213,0.5495489,-0.25932086,0.57581586,0.54399264,-0.26032186,0.60134465,0.5429338
-0.2501562,0.5727213,0.5495489,-0.26032186,0.60134465,0.5429338,-0.25182232,0.600888,0.54695696
-0.25182232,0.600888,0.54695696,-0.26032186,0.60134465,0.5429338,-0.26251602,0.61895704,0.54281175
-0.25182232,0.600888,0.54695696,-0.26251602,0.61895704,0.54281175,-0.25770447,0.6221982,0.54557294
-0.24642125,0.6006154,0.5556462,-0.25182232,0.600888,0.54695696,-0.25770447,0.6221982,0.54557294
-0.24642125,0.6006154,0.5556462,-0.25770447,0.6221982,0.54557294,-0.25259653,0.6185991,0.5518272
-0.26951572,0.5805066,0.5570613,-0.26438472,0.5790879,0.56735253,-0.26380417,0.6041709,0.56351274
-0.26951572,0.5805066,0.5570613,-0.26380417,0.6041709,0.56351274,-0.2689634,0.603792,0.5552472
-0.26438472,0.5790879,0.56735253,-0.25537294,0.5759325,0.5727885,-0.25525793,0.60302067,0.56740075
-0.26438472,0.5790879,0.56735253,-0.25525793,0.60302067,0.56740075,-0.26380417,0.6041709,0.56351274
-0.26380417,0.6041709,0.56351274,-0.25525793,0.60302067,0.56740075,-0.25888962,0.6196759,0.5609994
-0.26380417,0.6041709,0.56351274,-0.25888962,0.6196759,0.5609994,-0.2651242,0.62325937,0.5569519
-0.2689634,0.603792,0.5552472,-0.26380417,0.6041709,0.56351274,-0.2651242,0.62325937,0.5569519
-0.2689634,0.603792,0.5552472,-0.2651242,0.62325937,0.5569519,-0.26872352,0.6200394,0.55233467
-0.21881205,0.56598395,0.3991726,-0.19786307,0.57151264,0.40706962,-0.1972495,0.55648804,0.40380567
-0.21881205,0.56598395,0.3991726,-0.1972495,0.55648804,0.40380567,-0.22127756,0.5514792,0.39380854
-0.19786307,0.57151264,0.40706962,-0.17790054,0.57217294,0.4263615,-0.17577055,0.55116725,0.4228373
-0.19786307,0.57151264,0.40706962,-0.17577055,0.55116725,0.4228373,-0.1972495,0.55648804,0.40380567
-0.1972495,0.55648804,0.40380567,-0.17577055,0.55116725,0.4228373,-0.17575961,0.5415933,0.4133558
-0.1972495,0.55648804,0.40380567,-0.17575961,0.5415933,0.4133558,-0.19635648,0.5462586,0.39739022
-0.22127756,0.5514792,0.39380854,-0.1972495,0.55648804,0.40380567,-0.19635648,0.5462586,0.39739022
-0.22127756,0.5514792,0.39380854,-0.19635648,0.5462586,0.39739022,-0.22526565,0.544164,0.3891448
-0.17790054,0.57217294,0.4263615,-0.17301247,0.56810915,0.44469723,-0.17319116,0.53748304,0.43840975
-0.17790054,0.57217294,0.4263615,-0.17319116,0.53748304,0.43840975,-0.17577055,0.55116725,0.4228373
-0.17301247,0.56810915,0.44469723,-0.18266553,0.561033,0.45390362,-0.18628357,0.5238357,0.4441418
-0.17301247,0.56810915,0.44469723,-0.18628357,0.5238357,0.4441418,-0.17319116,0.53748304,0.43840975
-0.17319116,0.53748304,0.43840975,-0.18628357,0.5238357,0.4441418,-0.19368106,0.4941351,0.4291122
-0.17319116,0.53748304,0.43840975,-0.19368106,0.4941351,0.4291122,-0.17368448,0.5153949,0.43078175
-0.17577055,0.55116725,0.4228373,-0.17319116,0.53748304,0.43840975,-0.17368448,0.5153949,0.43078175
-0.17577055,0.55116725,0.4228373,-0.17368448,0.5153949,0.43078175,-0.17575961,0.5415933,0.4133558
-0.21930763,0.55115795,0.43240228,-0.22633028,0.55706495,0.41122264,-0.2306537,0.53761834,0.40232748
-0.21930763,0.55115795,0.43240228,-0.2306537,0.53761834,0.40232748,-0.22435845,0.52372056,0.42068696
-0.22633028,0.55706495,0.41122264,-0.21881205,0.56598395,0.3991726,-0.22127756,0.5514792,0.39380854
-0.22633028,0.55706495,0.41122264,-0.22127756,0.5514792,0.39380854,-0.2306537,0.53761834,0.40232748
-0.2306537,0.53761834,0.40232748,-0.22127756,0.5514792,0.39380854,-0.22526565,0.544164,0.3891448
-0.2306537,0.53761834,0.40232748,-0.22526565,0.544164,0.3891448,-0.23721221,0.5239536,0.39255434
-0.22435845,0.52372056,0.42068696,-0.2306537,0.53761834,0.40232748,-0.23721221,0.5239536,0.39255434
-0.22435845,0.52372056,0.42068696,-0.23721221,0.5239536,0.39255434,-0.23389162,0.4992819,0.40367493
-0.18266553,0.561033,0.45390362,-0.2014797,0.5536611,0.44885024,-0.20659535,0.51861334,0.43693152
-0.18266553,0.561033,0.45390362,-0.20659535,0.51861334,0.43693152,-0.18628357,0.5238357,0.4441418
-0.2014797,0.5536611,0.44885024,-0.21930763,0.55115795,0.43240228,-0.22435845,0.52372056,0.42068696
-0.2014797,0.5536611,0.44885024,-0.22435845,0.52372056,0.42068696,-0.20659535,0.51861334,0.43693152
-0.20659535,0.51861334,0.43693152,-0.22435845,0.52372056,0.42068696,-0.23389162,0.4992819,0.40367493
-0.20659535,0.51861334,0.43693152,-0.23389162,0.4992819,0.40367493,-0.21561147,0.48890164,0.4193215
-0.18628357,0.5238357,0.4441418,-0.20659535,0.51861334,0.43693152,-0.21561147,0.48890164,0.4193215
-0.18628357,0.5238357,0.4441418,-0.21561147,0.48890164,0.4193215,-0.19368106,0.4941351,0.4291122
-0.17575961,0.5415933,0.4133558,-0.17368448,0.5153949,0.43078175,-0.1626114,0.5156388,0.424068
-0.17575961,0.5415933,0.4133558,-0.1626114,0.5156388,0.424068,-0.17006171,0.5375043,0.41074622
-0.24068703,0.48179403,0.3877987,-0.23389162,0.4992819,0.40367493,-0.23721221,0.5239536,0.39255434
-0.24068703,0.48179403,0.3877987,-0.23721221,0.5239536,0.39255434,-0.24589758,0.5192628,0.3778072
-0.17368448,0.5153949,0.43078175,-0.19368106,0.4941351,0.4291122,-0.17984374,0.48002103,0.41998985
-0.17368448,0.5153949,0.43078175,-0.17984374,0.48002103,0.41998985,-0.1626114,0.5156388,0.424068
-0.19368106,0.4941351,0.4291122,-0.21561147,0.48890164,0.4193215,-0.21209988,0.46805072,0.40081865
-0.19368106,0.4941351,0.4291122,-0.21209988,0.46805072,0.40081865,-0.17984374,0.48002103,0.41998985
-0.19635648,0.5462586,0.39739022,-0.17575961,0.5415933,0.4133558,-0.17006171,0.5375043,0.41074622
-0.22526565,0.544164,0.3891448,-0.19635648,0.5462586,0.39739022,-0.20398416,0.5523414,0.38548186
-0.23721221,0.5239536,0.39255434,-0.22526565,0.544164,0.3891448,-0.23401041,0.5396646,0.3782314
-0.2836198,0.5775456,0.33910853,-0.23401041,0.5396646,0.3782314,-0.20398416,0.5523414,0.38548186
-0.2836198,0.5775456,0.33910853,-0.20398416,0.5523414,0.38548186,-0.20102856,0.5726847,0.37989646
-0.23389162,0.4992819,0.40367493,-0.24068703,0.48179403,0.3877987,-0.21209988,0.46805072,0.40081865
-0.23389162,0.4992819,0.40367493,-0.21209988,0.46805072,0.40081865,-0.21561147,0.48890164,0.4193215
-0.17984374,0.48002103,0.41998985,-0.21209988,0.46805072,0.40081865,-0.20997044,0.3886749,0.39679453
-0.17984374,0.48002103,0.41998985,-0.20997044,0.3886749,0.39679453,-0.13690391,0.40042293,0.44091666
-0.24068703,0.48179403,0.3877987,-0.28754953,0.40042293,0.36120003,-0.20997044,0.3886749,0.39679453
-0.24068703,0.48179403,0.3877987,-0.20997044,0.3886749,0.39679453,-0.21209988,0.46805072,0.40081865
0.18002424,0.43431032,-0.4988705,0.20638041,0.4335111,-0.49243078,0.19824879,0.42231333,-0.47777656
0.18002424,0.43431032,-0.4988705,0.19824879,0.42231333,-0.47777656,0.18131292,0.42374223,-0.4815824
0.05609095,0.55816203,-0.34086618,0.057588533,0.5365731,-0.35227257,0.031582557,0.5321064,-0.34935394
0.05609095,0.55816203,-0.34086618,0.031582557,0.5321064,-0.34935394,0.0411582,0.55361825,-0.3424981
0.057588533,0.5365731,-0.35227257,0.07986997,0.5364552,-0.34505725,0.07143291,0.51634806,-0.35025024
0.057588533,0.5365731,-0.35227257,0.07143291,0.51634806,-0.35025024,0.057516664,0.51110524,-0.3530386
0.031582557,0.5321064,-0.34935394,0.057588533,0.5365731,-0.35227257,0.057516664,0.51110524,-0.3530386
0.031582557,0.5321064,-0.34935394,0.057516664,0.51110524,-0.3530386,0.042240545,0.5153763,-0.35347322
0.07021652,0.55340135,-0.34170297,0.07986997,0.5364552,-0.34505725,0.057588533,0.5365731,-0.35227257
0.07021652,0.55340135,-0.34170297,0.057588533,0.5365731,-0.35227257,0.05609095,0.55816203,-0.34086618
0.1970496,0.39643082,-0.47623134,0.17764762,0.3968388,-0.48074412,0.18131292,0.42374223,-0.4815824
0.1970496,0.39643082,-0.47623134,0.18131292,0.42374223,-0.4815824,0.19824879,0.42231333,-0.47777656
0.20638041,0.4335111,-0.49243078,0.20568046,0.38511452,-0.49015102,0.1970496,0.39643082,-0.47623134
0.20638041,0.4335111,-0.49243078,0.1970496,0.39643082,-0.47623134,0.19824879,0.42231333,-0.47777656
0.20568046,0.38511452,-0.49015102,0.17278498,0.3857361,-0.49805227,0.17764762,0.3968388,-0.48074412
0.20568046,0.38511452,-0.49015102,0.17764762,0.3968388,-0.48074412,0.1970496,0.39643082,-0.47623134
0.17278498,0.3857361,-0.49805227,0.18002424,0.43431032,-0.4988705,0.18131292,0.42374223,-0.4815824
0.17278498,0.3857361,-0.49805227,0.18131292,0.42374223,-0.4815824,0.17764762,0.3968388,-0.48074412
0.31121215,0.43431032,-0.4294502,0.2961933,0.42374223,-0.4207915,0.28352052,0.42231333,-0.43265358
0.31121215,0.43431032,-0.4294502,0.28352052,0.42231333,-0.43265358,0.29106295,0.4335111,-0.4476196
0.2502822,0.55816203,-0.23810664,0.26003084,0.55361825,-0.22667798,0.2710854,0.5321064,-0.222617
0.2502822,0.55816203,-0.23810664,0.2710854,0.5321064,-0.222617,0.25887078,0.5365731,-0.24576072
0.25887078,0.5365731,-0.24576072,0.25954455,0.51110524,-0.2461322,0.24941152,0.51634806,-0.2560699
0.25887078,0.5365731,-0.24576072,0.24941152,0.51634806,-0.2560699,0.24037223,0.5364552,-0.2601248
0.2710854,0.5321064,-0.222617,0.2684964,0.5153763,-0.23374616,0.25954455,0.51110524,-0.2461322
0.2710854,0.5321064,-0.222617,0.25954455,0.51110524,-0.2461322,0.25887078,0.5365731,-0.24576072
0.24302872,0.55340135,-0.2502565,0.2502822,0.55816203,-0.23810664,0.25887078,0.5365731,-0.24576072
0.24302872,0.55340135,-0.2502565,0.25887078,0.5365731,-0.24576072,0.24037223,0.5364552,-0.2601248
0.2829174,0.39643082,-0.43079293,0.28352052,0.42231333,-0.43265358,0.2961933,0.42374223,-0.4207915
0.2829174,0.39643082,-0.43079293,0.2961933,0.42374223,-0.4207915,0.29756188,0.3968388,-0.4172895
0.29106295,0.4335111,-0.4476196,0.28352052,0.42231333,-0.43265358,0.2829174,0.39643082,-0.43079293
0.29106295,0.4335111,-0.4476196,0.2829174,0.39643082,-0.43079293,0.28957173,0.38511452,-0.44575855
0.28957173,0.38511452,-0.44575855,0.2829174,0.39643082,-0.43079293,0.29756188,0.3968388,-0.4172895
0.28957173,0.38511452,-0.44575855,0.29756188,0.3968388,-0.4172895,0.31460756,0.3857361,-0.42300448
0.31460756,0.3857361,-0.42300448,0.29756188,0.3968388,-0.4172895,0.2961933,0.42374223,-0.4207915
0.31460756,0.3857361,-0.42300448,0.2961933,0.42374223,-0.4207915,0.31121215,0.43431032,-0.4294502
0.25021577,0.42247713,-0.47284865,0.20638041,0.4335111,-0.49243078,0.20661825,0.4581918,-0.4913858
0.25021577,0.42247713,-0.47284865,0.20661825,0.4581918,-0.4913858,0.24982037,0.4808934,-0.47210145
0.18209508,0.3606381,-0.49120766,0.17278498,0.3857361,-0.49805227,0.20568046,0.38511452,-0.49015102
0.18209508,0.3606381,-0.49120766,0.20568046,0.38511452,-0.49015102,0.20145214,0.3449817,-0.4852316
0.20638041,0.4335111,-0.49243078,0.18002424,0.43431032,-0.4988705,0.18532196,0.44826302,-0.4967439
0.20638041,0.4335111,-0.49243078,0.18532196,0.44826302,-0.4967439,0.20661825,0.4581918,-0.4913858
0.0128072575,0.72065675,-0.2838871,-0.10010382,0.6811698,-0.32818544,-0.11466449,0.7827613,-0.3836242
0.0128072575,0.72065675,-0.2838871,-0.11466449,0.7827613,-0.3836242,-0.09235278,0.79581547,-0.37678427
0.24878326,0.38275743,-0.47014156,0.20568046,0.38511452,-0.49015102,0.20638041,0.4335111,-0.49243078
0.24878326,0.38275743,-0.47014156,0.20638041,0.4335111,-0.49243078,0.25021577,0.42247713,-0.47284865
0.20145214,0.3449817,-0.4852316,0.20568046,0.38511452,-0.49015102,0.24878326,0.38275743,-0.47014156
0.20145214,0.3449817,-0.4852316,0.24878326,0.38275743,-0.47014156,0.24564736,0.33922592,-0.46421546
0.19897076,0.4719375,-0.48162255,0.24427998,0.4944582,-0.46163145,0.24982037,0.4808934,-0.47210145
0.19897076,0.4719375,-0.48162255,0.24982037,0.4808934,-0.47210145,0.20661825,0.4581918,-0.4913858
0.23926456,0.3203745,-0.45215347,0.19187227,0.3261834,-0.47483253,0.20145214,0.3449817,-0.4852316
0.23926456,0.3203745,-0.45215347,0.20145214,0.3449817,-0.4852316,0.24564736,0.33922592,-0.46421546
0.17278498,0.3857361,-0.49805227,0.18209508,0.3606381,-0.49120766,0.16566417,0.3476091,-0.485761
0.17278498,0.3857361,-0.49805227,0.16566417,0.3476091,-0.485761,0.1506364,0.38244423,-0.4927398
0.18532196,0.44826302,-0.4967439,0.18002424,0.43431032,-0.4988705,0.15198556,0.42540273,-0.4953901
0.18532196,0.44826302,-0.4967439,0.15198556,0.42540273,-0.4953901,0.16915071,0.45834753,-0.49187768
0.18002424,0.43431032,-0.4988705,0.17278498,0.3857361,-0.49805227,0.1506364,0.38244423,-0.4927398
0.18002424,0.43431032,-0.4988705,0.1506364,0.38244423,-0.4927398,0.15198556,0.42540273,-0.4953901
0.20661825,0.4581918,-0.4913858,0.18532196,0.44826302,-0.4967439,0.16915071,0.45834753,-0.49187768
0.20661825,0.4581918,-0.4913858,0.16915071,0.45834753,-0.49187768,0.19897076,0.4719375,-0.48162255
0.18209508,0.3606381,-0.49120766,0.20145214,0.3449817,-0.4852316,0.19187227,0.3261834,-0.47483253
0.18209508,0.3606381,-0.49120766,0.19187227,0.3261834,-0.47483253,0.16566417,0.3476091,-0.485761
0.05187177,0.65746355,-0.28520977,-0.065124676,0.6095391,-0.31205493,-0.10010382,0.6811698,-0.32818544
0.05187177,0.65746355,-0.28520977,-0.10010382,0.6811698,-0.32818544,0.0128072575,0.72065675,-0.2838871
-0.09235278,0.79581547,-0.37678427,-0.11466448,0.7827613,-0.3836242,-0.14498164,0.80990314,-0.3940233
-0.09235278,0.79581547,-0.37678427,-0.14498164,0.80990314,-0.3940233,-0.098733574,0.83940184,-0.37498605
-0.10010382,0.6811698,-0.32818544,-0.065124676,0.6095391,-0.31205493,-0.09236292,0.60560703,-0.3047301
-0.10010382,0.6811698,-0.32818544,-0.09236292,0.60560703,-0.3047301,-0.13159464,0.6825537,-0.32461655
0.0128072575,0.72065675,-0.2838871,-0.09235278,0.79581547,-0.37678427,-0.098733574,0.83940184,-0.37498605
0.0128072575,0.72065675,-0.2838871,-0.098733574,0.83940184,-0.37498605,0.021692105,0.73710275,-0.25860012
-0.11466448,0.7827613,-0.3836242,-0.10010382,0.6811698,-0.32818544,-0.13159464,0.6825537,-0.32461655
-0.11466448,0.7827613,-0.3836242,-0.13159464,0.6825537,-0.32461655,-0.14498164,0.80990314,-0.3940233
0.05187177,0.65746355,-0.28520977,0.0128072575,0.72065675,-0.2838871,0.021692105,0.73710275,-0.25860012
0.05187177,0.65746355,-0.28520977,0.021692105,0.73710275,-0.25860012,0.056098156,0.6750543,-0.25254527
0.25021577,0.42247713,-0.47284865,0.24982037,0.4808934,-0.47210145,0.29006514,0.4581918,-0.44722846
0.25021577,0.42247713,-0.47284865,0.29006514,0.4581918,-0.44722846,0.29106295,0.4335111,-0.4476196
0.30371165,0.3606381,-0.42685223,0.28788263,0.3449817,-0.43949547,0.28957173,0.38511452,-0.44575855
0.30371165,0.3606381,-0.42685223,0.28957173,0.38511452,-0.44575855,0.31460756,0.3857361,-0.42300448
0.29106295,0.4335111,-0.4476196,0.29006514,0.4581918,-0.44722846,0.306474,0.44826302,-0.43263426
0.29106295,0.4335111,-0.4476196,0.306474,0.44826302,-0.43263426,0.31121215,0.43431032,-0.4294502
0.22751737,0.72065675,-0.17026965,0.36347613,0.79581547,-0.13557477,0.38168132,0.7827613,-0.120974526
0.22751737,0.72065675,-0.17026965,0.38168132,0.7827613,-0.120974526,0.32765383,0.6811698,-0.10183032
0.24878326,0.38275743,-0.47014156,0.25021577,0.42247713,-0.47284865,0.29106295,0.4335111,-0.4476196
0.24878326,0.38275743,-0.47014156,0.29106295,0.4335111,-0.4476196,0.28957173,0.38511452,-0.44575855
0.28788263,0.3449817,-0.43949547,0.24564736,0.33922592,-0.46421546,0.24878326,0.38275743,-0.47014156
0.28788263,0.3449817,-0.43949547,0.24878326,0.38275743,-0.47014156,0.28957173,0.38511452,-0.44575855
0.28629434,0.4719375,-0.4354138,0.29006514,0.4581918,-0.44722846,0.24982037,0.4808934,-0.47210145
0.28629434,0.4719375,-0.4354138,0.24982037,0.4808934,-0.47210145,0.24427998,0.4944582,-0.46163145
0.23926456,0.3203745,-0.45215347,0.24564736,0.33922592,-0.46421546,0.28788263,0.3449817,-0.43949547
0.23926456,0.3203745,-0.45215347,0.28788263,0.3449817,-0.43949547,0.28467304,0.3261834,-0.42572546
0.31460756,0.3857361,-0.42300448,0.32267326,0.38244423,-0.4017036,0.30845034,0.3476091,-0.41020334
0.31460756,0.3857361,-0.42300448,0.30845034,0.3476091,-0.41020334,0.30371165,0.3606381,-0.42685223
0.306474,0.44826302,-0.43263426,0.31154656,0.45834753,-0.41652656,0.32410568,0.42540273,-0.40430984
0.306474,0.44826302,-0.43263426,0.32410568,0.42540273,-0.40430984,0.31121215,0.43431032,-0.4294502
0.31121215,0.43431032,-0.4294502,0.32410568,0.42540273,-0.40430984,0.32267326,0.38244423,-0.4017036
0.31121215,0.43431032,-0.4294502,0.32267326,0.38244423,-0.4017036,0.31460756,0.3857361,-0.42300448
0.29006514,0.4581918,-0.44722846,0.28629434,0.4719375,-0.4354138,0.31154656,0.45834753,-0.41652656
0.29006514,0.4581918,-0.44722846,0.31154656,0.45834753,-0.41652656,0.306474,0.44826302,-0.43263426
0.30371165,0.3606381,-0.42685223,0.30845034,0.3476091,-0.41020334,0.28467304,0.3261834,-0.42572546
0.30371165,0.3606381,-0.42685223,0.28467304,0.3261834,-0.42572546,0.28788263,0.3449817,-0.43949547
0.20663801,0.65746355,-0.20331265,0.22751737,0.72065675,-0.17026965,0.32765383,0.6811698,-0.10183032
0.20663801,0.65746355,-0.20331265,0.32765383,0.6811698,-0.10183032,0.2946419,0.6095391,-0.121678434
0.36347613,0.79581547,-0.13557477,0.36557838,0.83940184,-0.12928762,0.40733218,0.80990314,-0.10175721
0.36347613,0.79581547,-0.13557477,0.40733218,0.80990314,-0.10175721,0.38168132,0.7827613,-0.120974526
0.32765383,0.6811698,-0.10183032,0.342416,0.6825537,-0.073785916,0.3039066,0.60560703,-0.09503746
0.32765383,0.6811698,-0.10183032,0.3039066,0.60560703,-0.09503746,0.2946419,0.6095391,-0.121678434
0.22751737,0.72065675,-0.17026965,0.20161226,0.73710275,-0.16339236,0.36557838,0.83940184,-0.12928762
0.22751737,0.72065675,-0.17026965,0.36557838,0.83940184,-0.12928762,0.36347613,0.79581547,-0.13557477
0.38168132,0.7827613,-0.120974526,0.40733218,0.80990314,-0.10175721,0.342416,0.6825537,-0.073785916
0.38168132,0.7827613,-0.120974526,0.342416,0.6825537,-0.073785916,0.32765383,0.6811698,-0.10183032
0.20663801,0.65746355,-0.20331265,0.17725337,0.6750543,-0.18843396,0.20161226,0.73710275,-0.16339236
0.20663801,0.65746355,-0.20331265,0.20161226,0.73710275,-0.16339236,0.22751737,0.72065675,-0.17026965
